{
    "confidence_score": 0.8241629004478455,
    "ptm": 0.9296485185623169,
    "iptm": 0.7641589641571045,
    "ligand_iptm": 0.7641589641571045,
    "protein_iptm": 0.0,
    "complex_plddt": 0.8391638398170471,
    "complex_iplddt": 0.6030711531639099,
    "complex_pde": 0.5560618042945862,
    "complex_ipde": 1.7187626361846924,
    "chains_ptm": {
        "0": 0.973788857460022,
        "1": 0.8121728897094727
    },
    "pair_chains_iptm": {
        "0": {
            "0": 0.973788857460022,
            "1": 0.4778807759284973
        },
        "1": {
            "0": 0.7641589641571045,
            "1": 0.8121728897094727
        }
    }
}