{
    "confidence_score": 0.866686999797821,
    "ptm": 0.9085514545440674,
    "iptm": 0.7331714630126953,
    "ligand_iptm": 0.7331714630126953,
    "protein_iptm": 0.0,
    "complex_plddt": 0.9000659584999084,
    "complex_iplddt": 0.7708785533905029,
    "complex_pde": 0.6634812951087952,
    "complex_ipde": 2.1042916774749756,
    "chains_ptm": {
        "0": 0.955398678779602,
        "1": 0.7679423093795776
    },
    "pair_chains_iptm": {
        "0": {
            "0": 0.955398678779602,
            "1": 0.44376957416534424
        },
        "1": {
            "0": 0.7331714630126953,
            "1": 0.7679423093795776
        }
    }
}