{
    "confidence_score": 0.8538986444473267,
    "ptm": 0.913131594657898,
    "iptm": 0.7081255316734314,
    "ligand_iptm": 0.7081255316734314,
    "protein_iptm": 0.0,
    "complex_plddt": 0.8903418779373169,
    "complex_iplddt": 0.6964794397354126,
    "complex_pde": 0.6238239407539368,
    "complex_ipde": 2.0581448078155518,
    "chains_ptm": {
        "0": 0.9656146764755249,
        "1": 0.8066023588180542
    },
    "pair_chains_iptm": {
        "0": {
            "0": 0.9656146764755249,
            "1": 0.4591190218925476
        },
        "1": {
            "0": 0.7081255316734314,
            "1": 0.8066023588180542
        }
    }
}