{
    "confidence_score": 0.8513879776000977,
    "ptm": 0.9272012114524841,
    "iptm": 0.801214873790741,
    "ligand_iptm": 0.801214873790741,
    "protein_iptm": 0.0,
    "complex_plddt": 0.8639312982559204,
    "complex_iplddt": 0.7156222462654114,
    "complex_pde": 0.5286542773246765,
    "complex_ipde": 1.4444620609283447,
    "chains_ptm": {
        "0": 0.9629258513450623,
        "1": 0.8191282153129578
    },
    "pair_chains_iptm": {
        "0": {
            "0": 0.9629258513450623,
            "1": 0.5752671360969543
        },
        "1": {
            "0": 0.801214873790741,
            "1": 0.8191282153129578
        }
    }
}