{
    "confidence_score": 0.8141951560974121,
    "ptm": 0.929689884185791,
    "iptm": 0.7694721221923828,
    "ligand_iptm": 0.7694721221923828,
    "protein_iptm": 0.0,
    "complex_plddt": 0.8253759145736694,
    "complex_iplddt": 0.5579450726509094,
    "complex_pde": 0.5684491395950317,
    "complex_ipde": 1.7098292112350464,
    "chains_ptm": {
        "0": 0.9708569049835205,
        "1": 0.8128977417945862
    },
    "pair_chains_iptm": {
        "0": {
            "0": 0.9708569049835205,
            "1": 0.519370436668396
        },
        "1": {
            "0": 0.7694721221923828,
            "1": 0.8128977417945862
        }
    }
}