{
    "confidence_score": 0.8487008213996887,
    "ptm": 0.924471914768219,
    "iptm": 0.7674808502197266,
    "ligand_iptm": 0.7674808502197266,
    "protein_iptm": 0.0,
    "complex_plddt": 0.8690057992935181,
    "complex_iplddt": 0.7095698118209839,
    "complex_pde": 0.5767588019371033,
    "complex_ipde": 1.687209129333496,
    "chains_ptm": {
        "0": 0.9681068062782288,
        "1": 0.7781588435173035
    },
    "pair_chains_iptm": {
        "0": {
            "0": 0.9681068062782288,
            "1": 0.465675950050354
        },
        "1": {
            "0": 0.7674808502197266,
            "1": 0.7781588435173035
        }
    }
}