{
    "confidence_score": 0.8361865282058716,
    "ptm": 0.9117669463157654,
    "iptm": 0.730542004108429,
    "ligand_iptm": 0.730542004108429,
    "protein_iptm": 0.0,
    "complex_plddt": 0.862597644329071,
    "complex_iplddt": 0.6631675958633423,
    "complex_pde": 0.6222211718559265,
    "complex_ipde": 1.7706406116485596,
    "chains_ptm": {
        "0": 0.9641066193580627,
        "1": 0.7667415142059326
    },
    "pair_chains_iptm": {
        "0": {
            "0": 0.9641066193580627,
            "1": 0.45670726895332336
        },
        "1": {
            "0": 0.730542004108429,
            "1": 0.7667415142059326
        }
    }
}