{
    "confidence_score": 0.8298321962356567,
    "ptm": 0.9110198020935059,
    "iptm": 0.7330816984176636,
    "ligand_iptm": 0.7330816984176636,
    "protein_iptm": 0.0,
    "complex_plddt": 0.8540197610855103,
    "complex_iplddt": 0.6572504043579102,
    "complex_pde": 0.6006811857223511,
    "complex_ipde": 1.892408013343811,
    "chains_ptm": {
        "0": 0.9579182267189026,
        "1": 0.8173418045043945
    },
    "pair_chains_iptm": {
        "0": {
            "0": 0.9579182267189026,
            "1": 0.492675244808197
        },
        "1": {
            "0": 0.7330816984176636,
            "1": 0.8173418045043945
        }
    }
}