{
    "confidence_score": 0.8453829884529114,
    "ptm": 0.9044219851493835,
    "iptm": 0.7067579030990601,
    "ligand_iptm": 0.7067579030990601,
    "protein_iptm": 0.0,
    "complex_plddt": 0.8800392150878906,
    "complex_iplddt": 0.6931424736976624,
    "complex_pde": 0.6711368560791016,
    "complex_ipde": 2.1070828437805176,
    "chains_ptm": {
        "0": 0.957596480846405,
        "1": 0.7786636352539062
    },
    "pair_chains_iptm": {
        "0": {
            "0": 0.957596480846405,
            "1": 0.4256085157394409
        },
        "1": {
            "0": 0.7067579030990601,
            "1": 0.7786636352539062
        }
    }
}