{
    "confidence_score": 0.8452972769737244,
    "ptm": 0.9239177703857422,
    "iptm": 0.7521421909332275,
    "ligand_iptm": 0.7521421909332275,
    "protein_iptm": 0.0,
    "complex_plddt": 0.8685860633850098,
    "complex_iplddt": 0.6635019183158875,
    "complex_pde": 0.5511374473571777,
    "complex_ipde": 1.6346821784973145,
    "chains_ptm": {
        "0": 0.9727111458778381,
        "1": 0.7993131875991821
    },
    "pair_chains_iptm": {
        "0": {
            "0": 0.9727111458778381,
            "1": 0.5145469903945923
        },
        "1": {
            "0": 0.7521421909332275,
            "1": 0.7993131875991821
        }
    }
}