{
    "confidence_score": 0.8266006708145142,
    "ptm": 0.9107387065887451,
    "iptm": 0.685758113861084,
    "ligand_iptm": 0.685758113861084,
    "protein_iptm": 0.0,
    "complex_plddt": 0.8618112802505493,
    "complex_iplddt": 0.6545498371124268,
    "complex_pde": 0.6538211703300476,
    "complex_ipde": 2.072519302368164,
    "chains_ptm": {
        "0": 0.9691482186317444,
        "1": 0.7482949495315552
    },
    "pair_chains_iptm": {
        "0": {
            "0": 0.9691482186317444,
            "1": 0.40390831232070923
        },
        "1": {
            "0": 0.685758113861084,
            "1": 0.7482949495315552
        }
    }
}