{
    "confidence_score": 0.8469488024711609,
    "ptm": 0.911876916885376,
    "iptm": 0.7361752986907959,
    "ligand_iptm": 0.7361752986907959,
    "protein_iptm": 0.0,
    "complex_plddt": 0.8746421933174133,
    "complex_iplddt": 0.7230267524719238,
    "complex_pde": 0.6495345830917358,
    "complex_ipde": 1.890796422958374,
    "chains_ptm": {
        "0": 0.9566147923469543,
        "1": 0.8127309083938599
    },
    "pair_chains_iptm": {
        "0": {
            "0": 0.9566147923469543,
            "1": 0.47950974106788635
        },
        "1": {
            "0": 0.7361752986907959,
            "1": 0.8127309083938599
        }
    }
}