{
    "confidence_score": 0.817582905292511,
    "ptm": 0.8993726968765259,
    "iptm": 0.7185145616531372,
    "ligand_iptm": 0.7185145616531372,
    "protein_iptm": 0.0,
    "complex_plddt": 0.8423499464988708,
    "complex_iplddt": 0.6840022802352905,
    "complex_pde": 0.7039856910705566,
    "complex_ipde": 2.1527767181396484,
    "chains_ptm": {
        "0": 0.9464337825775146,
        "1": 0.796920895576477
    },
    "pair_chains_iptm": {
        "0": {
            "0": 0.9464337825775146,
            "1": 0.4015049338340759
        },
        "1": {
            "0": 0.7185145616531372,
            "1": 0.796920895576477
        }
    }
}