{
    "confidence_score": 0.8663692474365234,
    "ptm": 0.9098817110061646,
    "iptm": 0.7267909049987793,
    "ligand_iptm": 0.7267909049987793,
    "protein_iptm": 0.0,
    "complex_plddt": 0.9012637734413147,
    "complex_iplddt": 0.7698068022727966,
    "complex_pde": 0.6487080454826355,
    "complex_ipde": 2.065469741821289,
    "chains_ptm": {
        "0": 0.9582234025001526,
        "1": 0.7516403198242188
    },
    "pair_chains_iptm": {
        "0": {
            "0": 0.9582234025001526,
            "1": 0.4383077323436737
        },
        "1": {
            "0": 0.7267909049987793,
            "1": 0.7516403198242188
        }
    }
}