{
    "confidence_score": 0.8441494107246399,
    "ptm": 0.9466475248336792,
    "iptm": 0.8090983629226685,
    "ligand_iptm": 0.8090983629226685,
    "protein_iptm": 0.0,
    "complex_plddt": 0.852912187576294,
    "complex_iplddt": 0.6179107427597046,
    "complex_pde": 0.4749200940132141,
    "complex_ipde": 1.2687113285064697,
    "chains_ptm": {
        "0": 0.9800660610198975,
        "1": 0.8267860412597656
    },
    "pair_chains_iptm": {
        "0": {
            "0": 0.9800660610198975,
            "1": 0.5586791038513184
        },
        "1": {
            "0": 0.8090983629226685,
            "1": 0.8267860412597656
        }
    }
}