{
    "confidence_score": 0.8356766104698181,
    "ptm": 0.9098544716835022,
    "iptm": 0.7157190442085266,
    "ligand_iptm": 0.7157190442085266,
    "protein_iptm": 0.0,
    "complex_plddt": 0.8656659126281738,
    "complex_iplddt": 0.6532063484191895,
    "complex_pde": 0.6011292934417725,
    "complex_ipde": 1.7641767263412476,
    "chains_ptm": {
        "0": 0.9598652720451355,
        "1": 0.799739420413971
    },
    "pair_chains_iptm": {
        "0": {
            "0": 0.9598652720451355,
            "1": 0.40968653559684753
        },
        "1": {
            "0": 0.7157190442085266,
            "1": 0.799739420413971
        }
    }
}