{
    "confidence_score": 0.8744732737541199,
    "ptm": 0.9257441163063049,
    "iptm": 0.7680179476737976,
    "ligand_iptm": 0.7680179476737976,
    "protein_iptm": 0.0,
    "complex_plddt": 0.9010871052742004,
    "complex_iplddt": 0.7511969804763794,
    "complex_pde": 0.5794941782951355,
    "complex_ipde": 1.7629109621047974,
    "chains_ptm": {
        "0": 0.9695208072662354,
        "1": 0.7773836255073547
    },
    "pair_chains_iptm": {
        "0": {
            "0": 0.9695208072662354,
            "1": 0.5186541080474854
        },
        "1": {
            "0": 0.7680179476737976,
            "1": 0.7773836255073547
        }
    }
}