{
    "confidence_score": 0.837061882019043,
    "ptm": 0.913583517074585,
    "iptm": 0.7436221837997437,
    "ligand_iptm": 0.7436221837997437,
    "protein_iptm": 0.0,
    "complex_plddt": 0.8604218363761902,
    "complex_iplddt": 0.6294485926628113,
    "complex_pde": 0.5800763964653015,
    "complex_ipde": 1.6534090042114258,
    "chains_ptm": {
        "0": 0.9591966271400452,
        "1": 0.7968157529830933
    },
    "pair_chains_iptm": {
        "0": {
            "0": 0.9591966271400452,
            "1": 0.36900943517684937
        },
        "1": {
            "0": 0.7436221837997437,
            "1": 0.7968157529830933
        }
    }
}