{
    "confidence_score": 0.8365012407302856,
    "ptm": 0.9019017815589905,
    "iptm": 0.7437608242034912,
    "ligand_iptm": 0.7437608242034912,
    "protein_iptm": 0.0,
    "complex_plddt": 0.8596863150596619,
    "complex_iplddt": 0.6849208474159241,
    "complex_pde": 0.6555538177490234,
    "complex_ipde": 2.0220284461975098,
    "chains_ptm": {
        "0": 0.9483857154846191,
        "1": 0.7642571926116943
    },
    "pair_chains_iptm": {
        "0": {
            "0": 0.9483857154846191,
            "1": 0.47171708941459656
        },
        "1": {
            "0": 0.7437608242034912,
            "1": 0.7642571926116943
        }
    }
}