{
    "confidence_score": 0.8607099652290344,
    "ptm": 0.9248497486114502,
    "iptm": 0.801909863948822,
    "ligand_iptm": 0.801909863948822,
    "protein_iptm": 0.0,
    "complex_plddt": 0.8754099607467651,
    "complex_iplddt": 0.735684871673584,
    "complex_pde": 0.5579891800880432,
    "complex_ipde": 1.5194143056869507,
    "chains_ptm": {
        "0": 0.9616792798042297,
        "1": 0.7809280753135681
    },
    "pair_chains_iptm": {
        "0": {
            "0": 0.9616792798042297,
            "1": 0.5548380017280579
        },
        "1": {
            "0": 0.801909863948822,
            "1": 0.7809280753135681
        }
    }
}