{
    "confidence_score": 0.816307544708252,
    "ptm": 0.8786114454269409,
    "iptm": 0.6570539474487305,
    "ligand_iptm": 0.6570539474487305,
    "protein_iptm": 0.0,
    "complex_plddt": 0.8561209440231323,
    "complex_iplddt": 0.6882591843605042,
    "complex_pde": 0.7754416465759277,
    "complex_ipde": 2.66675066947937,
    "chains_ptm": {
        "0": 0.9409070611000061,
        "1": 0.7303704619407654
    },
    "pair_chains_iptm": {
        "0": {
            "0": 0.9409070611000061,
            "1": 0.34977367520332336
        },
        "1": {
            "0": 0.6570539474487305,
            "1": 0.7303704619407654
        }
    }
}