{
    "confidence_score": 0.8843088150024414,
    "ptm": 0.9341500401496887,
    "iptm": 0.8020265102386475,
    "ligand_iptm": 0.8020265102386475,
    "protein_iptm": 0.0,
    "complex_plddt": 0.9048794507980347,
    "complex_iplddt": 0.7819582223892212,
    "complex_pde": 0.5246385931968689,
    "complex_ipde": 1.3896119594573975,
    "chains_ptm": {
        "0": 0.9682856202125549,
        "1": 0.7947269082069397
    },
    "pair_chains_iptm": {
        "0": {
            "0": 0.9682856202125549,
            "1": 0.505115807056427
        },
        "1": {
            "0": 0.8020265102386475,
            "1": 0.7947269082069397
        }
    }
}