{
    "confidence_score": 0.8637329339981079,
    "ptm": 0.913274347782135,
    "iptm": 0.7319197654724121,
    "ligand_iptm": 0.7319197654724121,
    "protein_iptm": 0.0,
    "complex_plddt": 0.8966861963272095,
    "complex_iplddt": 0.7484185695648193,
    "complex_pde": 0.6121554374694824,
    "complex_ipde": 1.9224287271499634,
    "chains_ptm": {
        "0": 0.9601724743843079,
        "1": 0.8117440342903137
    },
    "pair_chains_iptm": {
        "0": {
            "0": 0.9601724743843079,
            "1": 0.46218907833099365
        },
        "1": {
            "0": 0.7319197654724121,
            "1": 0.8117440342903137
        }
    }
}