{
    "confidence_score": 0.8496109843254089,
    "ptm": 0.9064058065414429,
    "iptm": 0.7513364553451538,
    "ligand_iptm": 0.7513364553451538,
    "protein_iptm": 0.0,
    "complex_plddt": 0.8741796612739563,
    "complex_iplddt": 0.6915361881256104,
    "complex_pde": 0.6249737739562988,
    "complex_ipde": 1.865175724029541,
    "chains_ptm": {
        "0": 0.9499561786651611,
        "1": 0.7574710845947266
    },
    "pair_chains_iptm": {
        "0": {
            "0": 0.9499561786651611,
            "1": 0.4856923520565033
        },
        "1": {
            "0": 0.7513364553451538,
            "1": 0.7574710845947266
        }
    }
}