{
    "confidence_score": 0.8734793066978455,
    "ptm": 0.9370034337043762,
    "iptm": 0.7853168845176697,
    "ligand_iptm": 0.7853168845176697,
    "protein_iptm": 0.0,
    "complex_plddt": 0.8955199122428894,
    "complex_iplddt": 0.7217625975608826,
    "complex_pde": 0.530331015586853,
    "complex_ipde": 1.552106261253357,
    "chains_ptm": {
        "0": 0.9739444255828857,
        "1": 0.8190731406211853
    },
    "pair_chains_iptm": {
        "0": {
            "0": 0.9739444255828857,
            "1": 0.5772334933280945
        },
        "1": {
            "0": 0.7853168845176697,
            "1": 0.8190731406211853
        }
    }
}