{
    "confidence_score": 0.8272258043289185,
    "ptm": 0.9101925492286682,
    "iptm": 0.7238293886184692,
    "ligand_iptm": 0.7238293886184692,
    "protein_iptm": 0.0,
    "complex_plddt": 0.853074848651886,
    "complex_iplddt": 0.6695698499679565,
    "complex_pde": 0.6547133326530457,
    "complex_ipde": 2.234438180923462,
    "chains_ptm": {
        "0": 0.9600079655647278,
        "1": 0.7906267642974854
    },
    "pair_chains_iptm": {
        "0": {
            "0": 0.9600079655647278,
            "1": 0.41580891609191895
        },
        "1": {
            "0": 0.7238293886184692,
            "1": 0.7906267642974854
        }
    }
}