{
    "confidence_score": 0.8254346251487732,
    "ptm": 0.915400505065918,
    "iptm": 0.7323771119117737,
    "ligand_iptm": 0.7323771119117737,
    "protein_iptm": 0.0,
    "complex_plddt": 0.8486989736557007,
    "complex_iplddt": 0.6228410005569458,
    "complex_pde": 0.6425790786743164,
    "complex_ipde": 2.0321011543273926,
    "chains_ptm": {
        "0": 0.9662520289421082,
        "1": 0.7705462574958801
    },
    "pair_chains_iptm": {
        "0": {
            "0": 0.9662520289421082,
            "1": 0.44279757142066956
        },
        "1": {
            "0": 0.7323771119117737,
            "1": 0.7705462574958801
        }
    }
}