{
    "confidence_score": 0.7862507700920105,
    "ptm": 0.9057532548904419,
    "iptm": 0.678302526473999,
    "ligand_iptm": 0.678302526473999,
    "protein_iptm": 0.0,
    "complex_plddt": 0.8132377862930298,
    "complex_iplddt": 0.5216957926750183,
    "complex_pde": 0.6845496892929077,
    "complex_ipde": 2.344238042831421,
    "chains_ptm": {
        "0": 0.9624741673469543,
        "1": 0.7957975268363953
    },
    "pair_chains_iptm": {
        "0": {
            "0": 0.9624741673469543,
            "1": 0.4179203510284424
        },
        "1": {
            "0": 0.678302526473999,
            "1": 0.7957975268363953
        }
    }
}