{
    "confidence_score": 0.8314520120620728,
    "ptm": 0.8834877014160156,
    "iptm": 0.6506748199462891,
    "ligand_iptm": 0.6506748199462891,
    "protein_iptm": 0.0,
    "complex_plddt": 0.8766462206840515,
    "complex_iplddt": 0.7256385684013367,
    "complex_pde": 0.7341378927230835,
    "complex_ipde": 2.5553855895996094,
    "chains_ptm": {
        "0": 0.9470862150192261,
        "1": 0.7767915725708008
    },
    "pair_chains_iptm": {
        "0": {
            "0": 0.9470862150192261,
            "1": 0.39563706517219543
        },
        "1": {
            "0": 0.6506748199462891,
            "1": 0.7767915725708008
        }
    }
}