{
    "confidence_score": 0.821914792060852,
    "ptm": 0.8977365493774414,
    "iptm": 0.6915701031684875,
    "ligand_iptm": 0.6915701031684875,
    "protein_iptm": 0.0,
    "complex_plddt": 0.854500949382782,
    "complex_iplddt": 0.6436991691589355,
    "complex_pde": 0.6806333661079407,
    "complex_ipde": 2.209489107131958,
    "chains_ptm": {
        "0": 0.9530667066574097,
        "1": 0.8043860197067261
    },
    "pair_chains_iptm": {
        "0": {
            "0": 0.9530667066574097,
            "1": 0.4400802254676819
        },
        "1": {
            "0": 0.6915701031684875,
            "1": 0.8043860197067261
        }
    }
}