{
    "confidence_score": 0.8091921210289001,
    "ptm": 0.8980857729911804,
    "iptm": 0.6975733041763306,
    "ligand_iptm": 0.6975733041763306,
    "protein_iptm": 0.0,
    "complex_plddt": 0.8370967507362366,
    "complex_iplddt": 0.5841537714004517,
    "complex_pde": 0.686329185962677,
    "complex_ipde": 2.175095558166504,
    "chains_ptm": {
        "0": 0.9536632895469666,
        "1": 0.7592086791992188
    },
    "pair_chains_iptm": {
        "0": {
            "0": 0.9536632895469666,
            "1": 0.419635534286499
        },
        "1": {
            "0": 0.6975733041763306,
            "1": 0.7592086791992188
        }
    }
}