{
    "confidence_score": 0.8176625370979309,
    "ptm": 0.8957796096801758,
    "iptm": 0.6886025071144104,
    "ligand_iptm": 0.6886025071144104,
    "protein_iptm": 0.0,
    "complex_plddt": 0.8499274849891663,
    "complex_iplddt": 0.6145283579826355,
    "complex_pde": 0.6693492531776428,
    "complex_ipde": 1.8726290464401245,
    "chains_ptm": {
        "0": 0.9497159719467163,
        "1": 0.7824634909629822
    },
    "pair_chains_iptm": {
        "0": {
            "0": 0.9497159719467163,
            "1": 0.31874433159828186
        },
        "1": {
            "0": 0.6886025071144104,
            "1": 0.7824634909629822
        }
    }
}