{
    "confidence_score": 0.8258201479911804,
    "ptm": 0.920171856880188,
    "iptm": 0.7498757243156433,
    "ligand_iptm": 0.7498757243156433,
    "protein_iptm": 0.0,
    "complex_plddt": 0.8448062539100647,
    "complex_iplddt": 0.6357660293579102,
    "complex_pde": 0.5591857433319092,
    "complex_ipde": 1.6423898935317993,
    "chains_ptm": {
        "0": 0.9692817330360413,
        "1": 0.7588069438934326
    },
    "pair_chains_iptm": {
        "0": {
            "0": 0.9692817330360413,
            "1": 0.5084345936775208
        },
        "1": {
            "0": 0.7498757243156433,
            "1": 0.7588069438934326
        }
    }
}