{
    "confidence_score": 0.8764379620552063,
    "ptm": 0.924033522605896,
    "iptm": 0.8170964121818542,
    "ligand_iptm": 0.8170964121818542,
    "protein_iptm": 0.0,
    "complex_plddt": 0.8912733197212219,
    "complex_iplddt": 0.7836664319038391,
    "complex_pde": 0.5879894495010376,
    "complex_ipde": 1.4190067052841187,
    "chains_ptm": {
        "0": 0.9569382667541504,
        "1": 0.8021631836891174
    },
    "pair_chains_iptm": {
        "0": {
            "0": 0.9569382667541504,
            "1": 0.5790059566497803
        },
        "1": {
            "0": 0.8170964121818542,
            "1": 0.8021631836891174
        }
    }
}