{
    "confidence_score": 0.8217287063598633,
    "ptm": 0.8978601694107056,
    "iptm": 0.7020810842514038,
    "ligand_iptm": 0.7020810842514038,
    "protein_iptm": 0.0,
    "complex_plddt": 0.8516405820846558,
    "complex_iplddt": 0.6507699489593506,
    "complex_pde": 0.6669189929962158,
    "complex_ipde": 2.1111104488372803,
    "chains_ptm": {
        "0": 0.9536855816841125,
        "1": 0.7895504236221313
    },
    "pair_chains_iptm": {
        "0": {
            "0": 0.9536855816841125,
            "1": 0.457358181476593
        },
        "1": {
            "0": 0.7020810842514038,
            "1": 0.7895504236221313
        }
    }
}