{
    "confidence_score": 0.8192999958992004,
    "ptm": 0.9135525822639465,
    "iptm": 0.727759599685669,
    "ligand_iptm": 0.727759599685669,
    "protein_iptm": 0.0,
    "complex_plddt": 0.8421850800514221,
    "complex_iplddt": 0.6289053559303284,
    "complex_pde": 0.6236721873283386,
    "complex_ipde": 1.8172852993011475,
    "chains_ptm": {
        "0": 0.9654476046562195,
        "1": 0.7540853023529053
    },
    "pair_chains_iptm": {
        "0": {
            "0": 0.9654476046562195,
            "1": 0.5096729397773743
        },
        "1": {
            "0": 0.727759599685669,
            "1": 0.7540853023529053
        }
    }
}