{
    "confidence_score": 0.8459071516990662,
    "ptm": 0.9079111814498901,
    "iptm": 0.709269642829895,
    "ligand_iptm": 0.709269642829895,
    "protein_iptm": 0.0,
    "complex_plddt": 0.8800665140151978,
    "complex_iplddt": 0.7061164975166321,
    "complex_pde": 0.6289100646972656,
    "complex_ipde": 1.9748194217681885,
    "chains_ptm": {
        "0": 0.9625467658042908,
        "1": 0.7686823606491089
    },
    "pair_chains_iptm": {
        "0": {
            "0": 0.9625467658042908,
            "1": 0.4541182518005371
        },
        "1": {
            "0": 0.709269642829895,
            "1": 0.7686823606491089
        }
    }
}