{
    "confidence_score": 0.8173089027404785,
    "ptm": 0.892798125743866,
    "iptm": 0.6608011722564697,
    "ligand_iptm": 0.6608011722564697,
    "protein_iptm": 0.0,
    "complex_plddt": 0.8564358353614807,
    "complex_iplddt": 0.6572474837303162,
    "complex_pde": 0.7216683626174927,
    "complex_ipde": 2.5695266723632812,
    "chains_ptm": {
        "0": 0.9550614953041077,
        "1": 0.7586901187896729
    },
    "pair_chains_iptm": {
        "0": {
            "0": 0.9550614953041077,
            "1": 0.3853473365306854
        },
        "1": {
            "0": 0.6608011722564697,
            "1": 0.7586901187896729
        }
    }
}