{
    "confidence_score": 0.8450621962547302,
    "ptm": 0.9196818470954895,
    "iptm": 0.7570026516914368,
    "ligand_iptm": 0.7570026516914368,
    "protein_iptm": 0.0,
    "complex_plddt": 0.8670769929885864,
    "complex_iplddt": 0.6692320704460144,
    "complex_pde": 0.6183739900588989,
    "complex_ipde": 1.8704692125320435,
    "chains_ptm": {
        "0": 0.9651749730110168,
        "1": 0.7624800205230713
    },
    "pair_chains_iptm": {
        "0": {
            "0": 0.9651749730110168,
            "1": 0.4787238836288452
        },
        "1": {
            "0": 0.7570026516914368,
            "1": 0.7624800205230713
        }
    }
}