{
    "confidence_score": 0.8137264251708984,
    "ptm": 0.8842049241065979,
    "iptm": 0.6521079540252686,
    "ligand_iptm": 0.6521079540252686,
    "protein_iptm": 0.0,
    "complex_plddt": 0.8541310429573059,
    "complex_iplddt": 0.6582727432250977,
    "complex_pde": 0.7682673931121826,
    "complex_ipde": 2.7251029014587402,
    "chains_ptm": {
        "0": 0.9454063773155212,
        "1": 0.7762478590011597
    },
    "pair_chains_iptm": {
        "0": {
            "0": 0.9454063773155212,
            "1": 0.39828893542289734
        },
        "1": {
            "0": 0.6521079540252686,
            "1": 0.7762478590011597
        }
    }
}