{
    "confidence_score": 0.7990694046020508,
    "ptm": 0.8951625823974609,
    "iptm": 0.6872342824935913,
    "ligand_iptm": 0.6872342824935913,
    "protein_iptm": 0.0,
    "complex_plddt": 0.827028214931488,
    "complex_iplddt": 0.5875970721244812,
    "complex_pde": 0.6837100982666016,
    "complex_ipde": 2.183985471725464,
    "chains_ptm": {
        "0": 0.9508894681930542,
        "1": 0.772968590259552
    },
    "pair_chains_iptm": {
        "0": {
            "0": 0.9508894681930542,
            "1": 0.3139798045158386
        },
        "1": {
            "0": 0.6872342824935913,
            "1": 0.772968590259552
        }
    }
}