{
    "confidence_score": 0.792259156703949,
    "ptm": 0.8815352916717529,
    "iptm": 0.6447854042053223,
    "ligand_iptm": 0.6447854042053223,
    "protein_iptm": 0.0,
    "complex_plddt": 0.8291275501251221,
    "complex_iplddt": 0.6105232238769531,
    "complex_pde": 0.8033208250999451,
    "complex_ipde": 2.673952341079712,
    "chains_ptm": {
        "0": 0.9461154937744141,
        "1": 0.7392867207527161
    },
    "pair_chains_iptm": {
        "0": {
            "0": 0.9461154937744141,
            "1": 0.3379763960838318
        },
        "1": {
            "0": 0.6447854042053223,
            "1": 0.7392867207527161
        }
    }
}