{
    "confidence_score": 0.818405270576477,
    "ptm": 0.8863485455513,
    "iptm": 0.6706772446632385,
    "ligand_iptm": 0.6706772446632385,
    "protein_iptm": 0.0,
    "complex_plddt": 0.8553372025489807,
    "complex_iplddt": 0.6585672497749329,
    "complex_pde": 0.688634991645813,
    "complex_ipde": 2.146564245223999,
    "chains_ptm": {
        "0": 0.9428324699401855,
        "1": 0.7839832305908203
    },
    "pair_chains_iptm": {
        "0": {
            "0": 0.9428324699401855,
            "1": 0.2852065861225128
        },
        "1": {
            "0": 0.6706772446632385,
            "1": 0.7839832305908203
        }
    }
}