{
    "confidence_score": 0.8079597353935242,
    "ptm": 0.8904370069503784,
    "iptm": 0.6255357265472412,
    "ligand_iptm": 0.6255357265472412,
    "protein_iptm": 0.0,
    "complex_plddt": 0.8535656929016113,
    "complex_iplddt": 0.6023367643356323,
    "complex_pde": 0.7138074040412903,
    "complex_ipde": 2.314160108566284,
    "chains_ptm": {
        "0": 0.9544143676757812,
        "1": 0.7708504796028137
    },
    "pair_chains_iptm": {
        "0": {
            "0": 0.9544143676757812,
            "1": 0.3471423387527466
        },
        "1": {
            "0": 0.6255357265472412,
            "1": 0.7708504796028137
        }
    }
}