{
    "confidence_score": 0.8557339906692505,
    "ptm": 0.947508692741394,
    "iptm": 0.8484436869621277,
    "ligand_iptm": 0.8484436869621277,
    "protein_iptm": 0.0,
    "complex_plddt": 0.8575565218925476,
    "complex_iplddt": 0.6996028423309326,
    "complex_pde": 0.4659883677959442,
    "complex_ipde": 1.134028673171997,
    "chains_ptm": {
        "0": 0.9771991968154907,
        "1": 0.8261587619781494
    },
    "pair_chains_iptm": {
        "0": {
            "0": 0.9771991968154907,
            "1": 0.6559547185897827
        },
        "1": {
            "0": 0.8484436869621277,
            "1": 0.8261587619781494
        }
    }
}