{
    "confidence_score": 0.7671934962272644,
    "ptm": 0.8803718090057373,
    "iptm": 0.5924076437950134,
    "ligand_iptm": 0.5924076437950134,
    "protein_iptm": 0.0,
    "complex_plddt": 0.8108898997306824,
    "complex_iplddt": 0.5660385489463806,
    "complex_pde": 0.8386586308479309,
    "complex_ipde": 2.8581953048706055,
    "chains_ptm": {
        "0": 0.9518706798553467,
        "1": 0.7624635696411133
    },
    "pair_chains_iptm": {
        "0": {
            "0": 0.9518706798553467,
            "1": 0.3199272155761719
        },
        "1": {
            "0": 0.5924076437950134,
            "1": 0.7624635696411133
        }
    }
}