{
    "confidence_score": 0.8344411253929138,
    "ptm": 0.9002249240875244,
    "iptm": 0.684928297996521,
    "ligand_iptm": 0.684928297996521,
    "protein_iptm": 0.0,
    "complex_plddt": 0.8718193173408508,
    "complex_iplddt": 0.6902062296867371,
    "complex_pde": 0.6656914949417114,
    "complex_ipde": 2.08284068107605,
    "chains_ptm": {
        "0": 0.9607360363006592,
        "1": 0.7336493730545044
    },
    "pair_chains_iptm": {
        "0": {
            "0": 0.9607360363006592,
            "1": 0.43946757912635803
        },
        "1": {
            "0": 0.684928297996521,
            "1": 0.7336493730545044
        }
    }
}