{
    "confidence_score": 0.8023377656936646,
    "ptm": 0.8782690763473511,
    "iptm": 0.5560582280158997,
    "ligand_iptm": 0.5560582280158997,
    "protein_iptm": 0.0,
    "complex_plddt": 0.8639075756072998,
    "complex_iplddt": 0.6397308707237244,
    "complex_pde": 0.8113903403282166,
    "complex_ipde": 2.7913589477539062,
    "chains_ptm": {
        "0": 0.9572405219078064,
        "1": 0.6883984804153442
    },
    "pair_chains_iptm": {
        "0": {
            "0": 0.9572405219078064,
            "1": 0.2582692801952362
        },
        "1": {
            "0": 0.5560582280158997,
            "1": 0.6883984804153442
        }
    }
}