{
    "confidence_score": 0.9127473831176758,
    "ptm": 0.9550249576568604,
    "iptm": 0.8585495352745056,
    "ligand_iptm": 0.8585495352745056,
    "protein_iptm": 0.0,
    "complex_plddt": 0.9262968897819519,
    "complex_iplddt": 0.8355185389518738,
    "complex_pde": 0.4182099401950836,
    "complex_ipde": 0.9040332436561584,
    "chains_ptm": {
        "0": 0.9791743159294128,
        "1": 0.8346856832504272
    },
    "pair_chains_iptm": {
        "0": {
            "0": 0.9791743159294128,
            "1": 0.642874538898468
        },
        "1": {
            "0": 0.8585495352745056,
            "1": 0.8346856832504272
        }
    }
}