{
    "confidence_score": 0.8566474914550781,
    "ptm": 0.9107359647750854,
    "iptm": 0.7386271953582764,
    "ligand_iptm": 0.7386271953582764,
    "protein_iptm": 0.0,
    "complex_plddt": 0.8861526250839233,
    "complex_iplddt": 0.7147957682609558,
    "complex_pde": 0.6486548185348511,
    "complex_ipde": 2.127272129058838,
    "chains_ptm": {
        "0": 0.9574776291847229,
        "1": 0.8081805109977722
    },
    "pair_chains_iptm": {
        "0": {
            "0": 0.9574776291847229,
            "1": 0.46978560090065
        },
        "1": {
            "0": 0.7386271953582764,
            "1": 0.8081805109977722
        }
    }
}