{
    "confidence_score": 0.8381597399711609,
    "ptm": 0.9095115661621094,
    "iptm": 0.7625319361686707,
    "ligand_iptm": 0.7625319361686707,
    "protein_iptm": 0.0,
    "complex_plddt": 0.8570666909217834,
    "complex_iplddt": 0.7068049311637878,
    "complex_pde": 0.6809301972389221,
    "complex_ipde": 1.7455562353134155,
    "chains_ptm": {
        "0": 0.9522332549095154,
        "1": 0.7779958248138428
    },
    "pair_chains_iptm": {
        "0": {
            "0": 0.9522332549095154,
            "1": 0.49119120836257935
        },
        "1": {
            "0": 0.7625319361686707,
            "1": 0.7779958248138428
        }
    }
}