{
    "confidence_score": 0.8310421109199524,
    "ptm": 0.8847531080245972,
    "iptm": 0.7131403088569641,
    "ligand_iptm": 0.7131403088569641,
    "protein_iptm": 0.0,
    "complex_plddt": 0.8605175018310547,
    "complex_iplddt": 0.6880829334259033,
    "complex_pde": 0.757588267326355,
    "complex_ipde": 2.4858579635620117,
    "chains_ptm": {
        "0": 0.9317377805709839,
        "1": 0.8110858201980591
    },
    "pair_chains_iptm": {
        "0": {
            "0": 0.9317377805709839,
            "1": 0.4334137737751007
        },
        "1": {
            "0": 0.7131403088569641,
            "1": 0.8110858201980591
        }
    }
}