{
    "confidence_score": 0.8295446634292603,
    "ptm": 0.9416502118110657,
    "iptm": 0.8282376527786255,
    "ligand_iptm": 0.8282376527786255,
    "protein_iptm": 0.0,
    "complex_plddt": 0.829871416091919,
    "complex_iplddt": 0.6689548492431641,
    "complex_pde": 0.5055349469184875,
    "complex_ipde": 1.2999598979949951,
    "chains_ptm": {
        "0": 0.971207857131958,
        "1": 0.8299443125724792
    },
    "pair_chains_iptm": {
        "0": {
            "0": 0.971207857131958,
            "1": 0.5952885150909424
        },
        "1": {
            "0": 0.8282376527786255,
            "1": 0.8299443125724792
        }
    }
}