{
    "confidence_score": 0.8012421727180481,
    "ptm": 0.8826072216033936,
    "iptm": 0.6621699929237366,
    "ligand_iptm": 0.6621699929237366,
    "protein_iptm": 0.0,
    "complex_plddt": 0.8360101580619812,
    "complex_iplddt": 0.6359618306159973,
    "complex_pde": 0.8232825398445129,
    "complex_ipde": 2.387005567550659,
    "chains_ptm": {
        "0": 0.9438767433166504,
        "1": 0.728550374507904
    },
    "pair_chains_iptm": {
        "0": {
            "0": 0.9438767433166504,
            "1": 0.37743961811065674
        },
        "1": {
            "0": 0.6621699929237366,
            "1": 0.728550374507904
        }
    }
}