{
    "confidence_score": 0.8687136769294739,
    "ptm": 0.9214363694190979,
    "iptm": 0.7494754791259766,
    "ligand_iptm": 0.7494754791259766,
    "protein_iptm": 0.0,
    "complex_plddt": 0.898523211479187,
    "complex_iplddt": 0.7316270470619202,
    "complex_pde": 0.602587878704071,
    "complex_ipde": 1.8601634502410889,
    "chains_ptm": {
        "0": 0.9650618433952332,
        "1": 0.8079859614372253
    },
    "pair_chains_iptm": {
        "0": {
            "0": 0.9650618433952332,
            "1": 0.5209107995033264
        },
        "1": {
            "0": 0.7494754791259766,
            "1": 0.8079859614372253
        }
    }
}