{
    "confidence_score": 0.8353497385978699,
    "ptm": 0.9025520086288452,
    "iptm": 0.7048627138137817,
    "ligand_iptm": 0.7048627138137817,
    "protein_iptm": 0.0,
    "complex_plddt": 0.8679714798927307,
    "complex_iplddt": 0.6837048530578613,
    "complex_pde": 0.6859555840492249,
    "complex_ipde": 2.2742106914520264,
    "chains_ptm": {
        "0": 0.9574395418167114,
        "1": 0.7630226612091064
    },
    "pair_chains_iptm": {
        "0": {
            "0": 0.9574395418167114,
            "1": 0.4587397277355194
        },
        "1": {
            "0": 0.7048627138137817,
            "1": 0.7630226612091064
        }
    }
}