{
    "confidence_score": 0.8569111824035645,
    "ptm": 0.917833149433136,
    "iptm": 0.7776365876197815,
    "ligand_iptm": 0.7776365876197815,
    "protein_iptm": 0.0,
    "complex_plddt": 0.8767297863960266,
    "complex_iplddt": 0.7222291231155396,
    "complex_pde": 0.623499870300293,
    "complex_ipde": 1.7183759212493896,
    "chains_ptm": {
        "0": 0.9572408199310303,
        "1": 0.7787007689476013
    },
    "pair_chains_iptm": {
        "0": {
            "0": 0.9572408199310303,
            "1": 0.5188182592391968
        },
        "1": {
            "0": 0.7776365876197815,
            "1": 0.7787007689476013
        }
    }
}