{
    "confidence_score": 0.8375817537307739,
    "ptm": 0.8868839144706726,
    "iptm": 0.6724335551261902,
    "ligand_iptm": 0.6724335551261902,
    "protein_iptm": 0.0,
    "complex_plddt": 0.878868818283081,
    "complex_iplddt": 0.7219198942184448,
    "complex_pde": 0.7348194718360901,
    "complex_ipde": 2.427593946456909,
    "chains_ptm": {
        "0": 0.9469050168991089,
        "1": 0.7544098496437073
    },
    "pair_chains_iptm": {
        "0": {
            "0": 0.9469050168991089,
            "1": 0.4126628637313843
        },
        "1": {
            "0": 0.6724335551261902,
            "1": 0.7544098496437073
        }
    }
}