{
    "confidence_score": 0.8296012878417969,
    "ptm": 0.9073927402496338,
    "iptm": 0.7010694146156311,
    "ligand_iptm": 0.7010694146156311,
    "protein_iptm": 0.0,
    "complex_plddt": 0.8617342710494995,
    "complex_iplddt": 0.6518615484237671,
    "complex_pde": 0.6464602947235107,
    "complex_ipde": 2.007399320602417,
    "chains_ptm": {
        "0": 0.9629469513893127,
        "1": 0.7241277694702148
    },
    "pair_chains_iptm": {
        "0": {
            "0": 0.9629469513893127,
            "1": 0.43048009276390076
        },
        "1": {
            "0": 0.7010694146156311,
            "1": 0.7241277694702148
        }
    }
}