{
    "confidence_score": 0.8414517641067505,
    "ptm": 0.9280242919921875,
    "iptm": 0.7621673345565796,
    "ligand_iptm": 0.7621673345565796,
    "protein_iptm": 0.0,
    "complex_plddt": 0.8612728118896484,
    "complex_iplddt": 0.6345189213752747,
    "complex_pde": 0.5627202987670898,
    "complex_ipde": 1.699998378753662,
    "chains_ptm": {
        "0": 0.9710977673530579,
        "1": 0.8197433948516846
    },
    "pair_chains_iptm": {
        "0": {
            "0": 0.9710977673530579,
            "1": 0.5566508173942566
        },
        "1": {
            "0": 0.7621673345565796,
            "1": 0.8197433948516846
        }
    }
}