{
    "confidence_score": 0.8651655316352844,
    "ptm": 0.9067704081535339,
    "iptm": 0.6937403678894043,
    "ligand_iptm": 0.6937403678894043,
    "protein_iptm": 0.0,
    "complex_plddt": 0.9080217480659485,
    "complex_iplddt": 0.7742680907249451,
    "complex_pde": 0.6419717073440552,
    "complex_ipde": 2.062065601348877,
    "chains_ptm": {
        "0": 0.9609181880950928,
        "1": 0.8069505095481873
    },
    "pair_chains_iptm": {
        "0": {
            "0": 0.9609181880950928,
            "1": 0.4675706923007965
        },
        "1": {
            "0": 0.6937403678894043,
            "1": 0.8069505095481873
        }
    }
}