{
    "confidence_score": 0.8311139345169067,
    "ptm": 0.9075871706008911,
    "iptm": 0.720938503742218,
    "ligand_iptm": 0.720938503742218,
    "protein_iptm": 0.0,
    "complex_plddt": 0.858657717704773,
    "complex_iplddt": 0.6638496518135071,
    "complex_pde": 0.6487783789634705,
    "complex_ipde": 2.081502676010132,
    "chains_ptm": {
        "0": 0.9589945077896118,
        "1": 0.8173311948776245
    },
    "pair_chains_iptm": {
        "0": {
            "0": 0.9589945077896118,
            "1": 0.4845643937587738
        },
        "1": {
            "0": 0.720938503742218,
            "1": 0.8173311948776245
        }
    }
}