{
    "confidence_score": 0.8490096926689148,
    "ptm": 0.9036012887954712,
    "iptm": 0.7001043558120728,
    "ligand_iptm": 0.7001043558120728,
    "protein_iptm": 0.0,
    "complex_plddt": 0.8862360715866089,
    "complex_iplddt": 0.7216290235519409,
    "complex_pde": 0.6876306533813477,
    "complex_ipde": 2.210512638092041,
    "chains_ptm": {
        "0": 0.9588207006454468,
        "1": 0.795914888381958
    },
    "pair_chains_iptm": {
        "0": {
            "0": 0.9588207006454468,
            "1": 0.4118790030479431
        },
        "1": {
            "0": 0.7001043558120728,
            "1": 0.795914888381958
        }
    }
}