{
    "confidence_score": 0.8064622282981873,
    "ptm": 0.898582398891449,
    "iptm": 0.6901361346244812,
    "ligand_iptm": 0.6901361346244812,
    "protein_iptm": 0.0,
    "complex_plddt": 0.8355437517166138,
    "complex_iplddt": 0.6210179328918457,
    "complex_pde": 0.7159858345985413,
    "complex_ipde": 2.3331139087677,
    "chains_ptm": {
        "0": 0.9519118070602417,
        "1": 0.8000034689903259
    },
    "pair_chains_iptm": {
        "0": {
            "0": 0.9519118070602417,
            "1": 0.41622650623321533
        },
        "1": {
            "0": 0.6901361346244812,
            "1": 0.8000034689903259
        }
    }
}