{
    "confidence_score": 0.8603450059890747,
    "ptm": 0.9438662528991699,
    "iptm": 0.8044599294662476,
    "ligand_iptm": 0.8044599294662476,
    "protein_iptm": 0.0,
    "complex_plddt": 0.8743162751197815,
    "complex_iplddt": 0.6832873225212097,
    "complex_pde": 0.4901674687862396,
    "complex_ipde": 1.363465666770935,
    "chains_ptm": {
        "0": 0.979861855506897,
        "1": 0.8443358540534973
    },
    "pair_chains_iptm": {
        "0": {
            "0": 0.979861855506897,
            "1": 0.5853638052940369
        },
        "1": {
            "0": 0.8044599294662476,
            "1": 0.8443358540534973
        }
    }
}