{
    "confidence_score": 0.832447350025177,
    "ptm": 0.9114434123039246,
    "iptm": 0.7358057498931885,
    "ligand_iptm": 0.7358057498931885,
    "protein_iptm": 0.0,
    "complex_plddt": 0.8566077351570129,
    "complex_iplddt": 0.6586211323738098,
    "complex_pde": 0.6116932034492493,
    "complex_ipde": 1.9392004013061523,
    "chains_ptm": {
        "0": 0.9566856026649475,
        "1": 0.8045291900634766
    },
    "pair_chains_iptm": {
        "0": {
            "0": 0.9566856026649475,
            "1": 0.5065491199493408
        },
        "1": {
            "0": 0.7358057498931885,
            "1": 0.8045291900634766
        }
    }
}