{
    "confidence_score": 0.8564267158508301,
    "ptm": 0.9186112284660339,
    "iptm": 0.7572582364082336,
    "ligand_iptm": 0.7572582364082336,
    "protein_iptm": 0.0,
    "complex_plddt": 0.8812188506126404,
    "complex_iplddt": 0.7067825198173523,
    "complex_pde": 0.6066315770149231,
    "complex_ipde": 1.8402197360992432,
    "chains_ptm": {
        "0": 0.964620053768158,
        "1": 0.7532930970191956
    },
    "pair_chains_iptm": {
        "0": {
            "0": 0.964620053768158,
            "1": 0.47203773260116577
        },
        "1": {
            "0": 0.7572582364082336,
            "1": 0.7532930970191956
        }
    }
}