{
    "confidence_score": 0.8703317046165466,
    "ptm": 0.9192744493484497,
    "iptm": 0.7709290981292725,
    "ligand_iptm": 0.7709290981292725,
    "protein_iptm": 0.0,
    "complex_plddt": 0.8951823115348816,
    "complex_iplddt": 0.7721182107925415,
    "complex_pde": 0.5655388236045837,
    "complex_ipde": 1.683429479598999,
    "chains_ptm": {
        "0": 0.9604842066764832,
        "1": 0.7774803638458252
    },
    "pair_chains_iptm": {
        "0": {
            "0": 0.9604842066764832,
            "1": 0.4930112659931183
        },
        "1": {
            "0": 0.7709290981292725,
            "1": 0.7774803638458252
        }
    }
}