{
    "confidence_score": 0.8751530647277832,
    "ptm": 0.9153559803962708,
    "iptm": 0.7493398785591125,
    "ligand_iptm": 0.7493398785591125,
    "protein_iptm": 0.0,
    "complex_plddt": 0.9066063761711121,
    "complex_iplddt": 0.7860999703407288,
    "complex_pde": 0.6141899824142456,
    "complex_ipde": 1.8940856456756592,
    "chains_ptm": {
        "0": 0.9600580930709839,
        "1": 0.7565470337867737
    },
    "pair_chains_iptm": {
        "0": {
            "0": 0.9600580930709839,
            "1": 0.4543955624103546
        },
        "1": {
            "0": 0.7493398785591125,
            "1": 0.7565470337867737
        }
    }
}