{
    "confidence_score": 0.8974038362503052,
    "ptm": 0.9048404693603516,
    "iptm": 0.7283030152320862,
    "ligand_iptm": 0.7283030152320862,
    "protein_iptm": 0.0,
    "complex_plddt": 0.939678966999054,
    "complex_iplddt": 0.8631106615066528,
    "complex_pde": 0.655900776386261,
    "complex_ipde": 2.1651389598846436,
    "chains_ptm": {
        "0": 0.9569105505943298,
        "1": 0.7662608623504639
    },
    "pair_chains_iptm": {
        "0": {
            "0": 0.9569105505943298,
            "1": 0.45483165979385376
        },
        "1": {
            "0": 0.7283030152320862,
            "1": 0.7662608623504639
        }
    }
}