{
    "confidence_score": 0.8792123198509216,
    "ptm": 0.9218077659606934,
    "iptm": 0.8017481565475464,
    "ligand_iptm": 0.8017481565475464,
    "protein_iptm": 0.0,
    "complex_plddt": 0.8985782861709595,
    "complex_iplddt": 0.7590886354446411,
    "complex_pde": 0.5631846785545349,
    "complex_ipde": 1.5723410844802856,
    "chains_ptm": {
        "0": 0.9555137753486633,
        "1": 0.8357405066490173
    },
    "pair_chains_iptm": {
        "0": {
            "0": 0.9555137753486633,
            "1": 0.5772960186004639
        },
        "1": {
            "0": 0.8017481565475464,
            "1": 0.8357405066490173
        }
    }
}