{
    "confidence_score": 0.8653078079223633,
    "ptm": 0.9205079674720764,
    "iptm": 0.7639554142951965,
    "ligand_iptm": 0.7639554142951965,
    "protein_iptm": 0.0,
    "complex_plddt": 0.8906458616256714,
    "complex_iplddt": 0.7382788062095642,
    "complex_pde": 0.5958457589149475,
    "complex_ipde": 1.7287882566452026,
    "chains_ptm": {
        "0": 0.9650474786758423,
        "1": 0.7527908086776733
    },
    "pair_chains_iptm": {
        "0": {
            "0": 0.9650474786758423,
            "1": 0.4951619803905487
        },
        "1": {
            "0": 0.7639554142951965,
            "1": 0.7527908086776733
        }
    }
}