{
    "confidence_score": 0.8637421727180481,
    "ptm": 0.9328489303588867,
    "iptm": 0.796403169631958,
    "ligand_iptm": 0.796403169631958,
    "protein_iptm": 0.0,
    "complex_plddt": 0.8805769085884094,
    "complex_iplddt": 0.7028574347496033,
    "complex_pde": 0.5290958881378174,
    "complex_ipde": 1.5301856994628906,
    "chains_ptm": {
        "0": 0.9724714159965515,
        "1": 0.7800173759460449
    },
    "pair_chains_iptm": {
        "0": {
            "0": 0.9724714159965515,
            "1": 0.49010589718818665
        },
        "1": {
            "0": 0.796403169631958,
            "1": 0.7800173759460449
        }
    }
}