{
    "confidence_score": 0.8334658741950989,
    "ptm": 0.924493670463562,
    "iptm": 0.7872292399406433,
    "ligand_iptm": 0.7872292399406433,
    "protein_iptm": 0.0,
    "complex_plddt": 0.8450250625610352,
    "complex_iplddt": 0.6813849806785583,
    "complex_pde": 0.5817322134971619,
    "complex_ipde": 1.4864565134048462,
    "chains_ptm": {
        "0": 0.9639053344726562,
        "1": 0.7837966680526733
    },
    "pair_chains_iptm": {
        "0": {
            "0": 0.9639053344726562,
            "1": 0.5531935095787048
        },
        "1": {
            "0": 0.7872292399406433,
            "1": 0.7837966680526733
        }
    }
}