{
    "confidence_score": 0.8208519816398621,
    "ptm": 0.8949559926986694,
    "iptm": 0.6967225074768066,
    "ligand_iptm": 0.6967225074768066,
    "protein_iptm": 0.0,
    "complex_plddt": 0.8518843650817871,
    "complex_iplddt": 0.6396275162696838,
    "complex_pde": 0.6940436363220215,
    "complex_ipde": 2.2277958393096924,
    "chains_ptm": {
        "0": 0.9507730603218079,
        "1": 0.7359312772750854
    },
    "pair_chains_iptm": {
        "0": {
            "0": 0.9507730603218079,
            "1": 0.4059234857559204
        },
        "1": {
            "0": 0.6967225074768066,
            "1": 0.7359312772750854
        }
    }
}