{
    "confidence_score": 0.8437458872795105,
    "ptm": 0.8976606130599976,
    "iptm": 0.6882463097572327,
    "ligand_iptm": 0.6882463097572327,
    "protein_iptm": 0.0,
    "complex_plddt": 0.8826207518577576,
    "complex_iplddt": 0.7436248064041138,
    "complex_pde": 0.6797541975975037,
    "complex_ipde": 2.2268872261047363,
    "chains_ptm": {
        "0": 0.9559392333030701,
        "1": 0.7511164546012878
    },
    "pair_chains_iptm": {
        "0": {
            "0": 0.9559392333030701,
            "1": 0.3952166736125946
        },
        "1": {
            "0": 0.6882463097572327,
            "1": 0.7511164546012878
        }
    }
}