{
    "confidence_score": 0.8322160840034485,
    "ptm": 0.888621985912323,
    "iptm": 0.6825952529907227,
    "ligand_iptm": 0.6825952529907227,
    "protein_iptm": 0.0,
    "complex_plddt": 0.8696213364601135,
    "complex_iplddt": 0.7007466554641724,
    "complex_pde": 0.7439541816711426,
    "complex_ipde": 2.367060899734497,
    "chains_ptm": {
        "0": 0.9425466060638428,
        "1": 0.7810636162757874
    },
    "pair_chains_iptm": {
        "0": {
            "0": 0.9425466060638428,
            "1": 0.3133367598056793
        },
        "1": {
            "0": 0.6825952529907227,
            "1": 0.7810636162757874
        }
    }
}