{
    "confidence_score": 0.8146319389343262,
    "ptm": 0.8751044273376465,
    "iptm": 0.6614059209823608,
    "ligand_iptm": 0.6614059209823608,
    "protein_iptm": 0.0,
    "complex_plddt": 0.8529384136199951,
    "complex_iplddt": 0.6672754287719727,
    "complex_pde": 0.789716362953186,
    "complex_ipde": 2.595188856124878,
    "chains_ptm": {
        "0": 0.9326858520507812,
        "1": 0.751022458076477
    },
    "pair_chains_iptm": {
        "0": {
            "0": 0.9326858520507812,
            "1": 0.3611535131931305
        },
        "1": {
            "0": 0.6614059209823608,
            "1": 0.751022458076477
        }
    }
}