{
    "confidence_score": 0.8499976992607117,
    "ptm": 0.9262742400169373,
    "iptm": 0.778916597366333,
    "ligand_iptm": 0.778916597366333,
    "protein_iptm": 0.0,
    "complex_plddt": 0.8677679300308228,
    "complex_iplddt": 0.6749112606048584,
    "complex_pde": 0.5597571730613708,
    "complex_ipde": 1.597403645515442,
    "chains_ptm": {
        "0": 0.9694792032241821,
        "1": 0.769423246383667
    },
    "pair_chains_iptm": {
        "0": {
            "0": 0.9694792032241821,
            "1": 0.5191086530685425
        },
        "1": {
            "0": 0.778916597366333,
            "1": 0.769423246383667
        }
    }
}