{
    "confidence_score": 0.8307082056999207,
    "ptm": 0.878603994846344,
    "iptm": 0.6828661561012268,
    "ligand_iptm": 0.6828661561012268,
    "protein_iptm": 0.0,
    "complex_plddt": 0.8676686882972717,
    "complex_iplddt": 0.7579313516616821,
    "complex_pde": 0.7757892608642578,
    "complex_ipde": 2.5322861671447754,
    "chains_ptm": {
        "0": 0.9336851239204407,
        "1": 0.7587130069732666
    },
    "pair_chains_iptm": {
        "0": {
            "0": 0.9336851239204407,
            "1": 0.3669293522834778
        },
        "1": {
            "0": 0.6828661561012268,
            "1": 0.7587130069732666
        }
    }
}