{
    "confidence_score": 0.8554048538208008,
    "ptm": 0.9275962114334106,
    "iptm": 0.7885366678237915,
    "ligand_iptm": 0.7885366678237915,
    "protein_iptm": 0.0,
    "complex_plddt": 0.8721218705177307,
    "complex_iplddt": 0.6897599697113037,
    "complex_pde": 0.5331704616546631,
    "complex_ipde": 1.4672080278396606,
    "chains_ptm": {
        "0": 0.9661076068878174,
        "1": 0.828854501247406
    },
    "pair_chains_iptm": {
        "0": {
            "0": 0.9661076068878174,
            "1": 0.5702381730079651
        },
        "1": {
            "0": 0.7885366678237915,
            "1": 0.828854501247406
        }
    }
}