{
    "confidence_score": 0.8702368140220642,
    "ptm": 0.9362390637397766,
    "iptm": 0.8179559111595154,
    "ligand_iptm": 0.8179559111595154,
    "protein_iptm": 0.0,
    "complex_plddt": 0.8833070397377014,
    "complex_iplddt": 0.7089239358901978,
    "complex_pde": 0.5278438925743103,
    "complex_ipde": 1.3959661722183228,
    "chains_ptm": {
        "0": 0.9701738953590393,
        "1": 0.7984638810157776
    },
    "pair_chains_iptm": {
        "0": {
            "0": 0.9701738953590393,
            "1": 0.534923791885376
        },
        "1": {
            "0": 0.8179559111595154,
            "1": 0.7984638810157776
        }
    }
}