{
    "confidence_score": 0.8309215903282166,
    "ptm": 0.9069026112556458,
    "iptm": 0.730857789516449,
    "ligand_iptm": 0.730857789516449,
    "protein_iptm": 0.0,
    "complex_plddt": 0.8559375405311584,
    "complex_iplddt": 0.6560392379760742,
    "complex_pde": 0.6328081488609314,
    "complex_ipde": 1.9486660957336426,
    "chains_ptm": {
        "0": 0.9573269486427307,
        "1": 0.7907276749610901
    },
    "pair_chains_iptm": {
        "0": {
            "0": 0.9573269486427307,
            "1": 0.5176316499710083
        },
        "1": {
            "0": 0.730857789516449,
            "1": 0.7907276749610901
        }
    }
}