{
    "confidence_score": 0.836452305316925,
    "ptm": 0.8856375217437744,
    "iptm": 0.6821131706237793,
    "ligand_iptm": 0.6821131706237793,
    "protein_iptm": 0.0,
    "complex_plddt": 0.8750370144844055,
    "complex_iplddt": 0.7227264046669006,
    "complex_pde": 0.7592361569404602,
    "complex_ipde": 2.5103564262390137,
    "chains_ptm": {
        "0": 0.9395086169242859,
        "1": 0.7956191897392273
    },
    "pair_chains_iptm": {
        "0": {
            "0": 0.9395086169242859,
            "1": 0.4301093518733978
        },
        "1": {
            "0": 0.6821131706237793,
            "1": 0.7956191897392273
        }
    }
}