{
    "confidence_score": 0.7594761848449707,
    "ptm": 0.8662247657775879,
    "iptm": 0.48627856373786926,
    "ligand_iptm": 0.48627856373786926,
    "protein_iptm": 0.0,
    "complex_plddt": 0.8277755975723267,
    "complex_iplddt": 0.5953677296638489,
    "complex_pde": 0.975769579410553,
    "complex_ipde": 3.7235236167907715,
    "chains_ptm": {
        "0": 0.9598029851913452,
        "1": 0.7155017852783203
    },
    "pair_chains_iptm": {
        "0": {
            "0": 0.9598029851913452,
            "1": 0.23746350407600403
        },
        "1": {
            "0": 0.48627856373786926,
            "1": 0.7155017852783203
        }
    }
}