{
    "confidence_score": 0.8318772315979004,
    "ptm": 0.9347636103630066,
    "iptm": 0.7979146838188171,
    "ligand_iptm": 0.7979146838188171,
    "protein_iptm": 0.0,
    "complex_plddt": 0.84036785364151,
    "complex_iplddt": 0.6432592272758484,
    "complex_pde": 0.5340438485145569,
    "complex_ipde": 1.509209156036377,
    "chains_ptm": {
        "0": 0.9720473289489746,
        "1": 0.8262037038803101
    },
    "pair_chains_iptm": {
        "0": {
            "0": 0.9720473289489746,
            "1": 0.5077555179595947
        },
        "1": {
            "0": 0.7979146838188171,
            "1": 0.8262037038803101
        }
    }
}