{
    "confidence_score": 0.864712655544281,
    "ptm": 0.9287776350975037,
    "iptm": 0.7849723100662231,
    "ligand_iptm": 0.7849723100662231,
    "protein_iptm": 0.0,
    "complex_plddt": 0.8846476674079895,
    "complex_iplddt": 0.7300363779067993,
    "complex_pde": 0.5442957878112793,
    "complex_ipde": 1.5245777368545532,
    "chains_ptm": {
        "0": 0.9666303396224976,
        "1": 0.8185591101646423
    },
    "pair_chains_iptm": {
        "0": {
            "0": 0.9666303396224976,
            "1": 0.5749015212059021
        },
        "1": {
            "0": 0.7849723100662231,
            "1": 0.8185591101646423
        }
    }
}