{
    "confidence_score": 0.8897342681884766,
    "ptm": 0.9354464411735535,
    "iptm": 0.817064642906189,
    "ligand_iptm": 0.817064642906189,
    "protein_iptm": 0.0,
    "complex_plddt": 0.9079017043113708,
    "complex_iplddt": 0.808546245098114,
    "complex_pde": 0.5360309481620789,
    "complex_ipde": 1.3597126007080078,
    "chains_ptm": {
        "0": 0.9687753915786743,
        "1": 0.7930341362953186
    },
    "pair_chains_iptm": {
        "0": {
            "0": 0.9687753915786743,
            "1": 0.5491392612457275
        },
        "1": {
            "0": 0.817064642906189,
            "1": 0.7930341362953186
        }
    }
}