{
    "confidence_score": 0.8252291679382324,
    "ptm": 0.9133895039558411,
    "iptm": 0.7793920636177063,
    "ligand_iptm": 0.7793920636177063,
    "protein_iptm": 0.0,
    "complex_plddt": 0.8366884589195251,
    "complex_iplddt": 0.6596622467041016,
    "complex_pde": 0.6206842064857483,
    "complex_ipde": 1.7339916229248047,
    "chains_ptm": {
        "0": 0.9542021155357361,
        "1": 0.755412220954895
    },
    "pair_chains_iptm": {
        "0": {
            "0": 0.9542021155357361,
            "1": 0.4836934804916382
        },
        "1": {
            "0": 0.7793920636177063,
            "1": 0.755412220954895
        }
    }
}