{
    "confidence_score": 0.8034563064575195,
    "ptm": 0.8957944512367249,
    "iptm": 0.6965999603271484,
    "ligand_iptm": 0.6965999603271484,
    "protein_iptm": 0.0,
    "complex_plddt": 0.8301703929901123,
    "complex_iplddt": 0.5967223048210144,
    "complex_pde": 0.6829317212104797,
    "complex_ipde": 2.232591152191162,
    "chains_ptm": {
        "0": 0.9524332284927368,
        "1": 0.7565515637397766
    },
    "pair_chains_iptm": {
        "0": {
            "0": 0.9524332284927368,
            "1": 0.4252511262893677
        },
        "1": {
            "0": 0.6965999603271484,
            "1": 0.7565515637397766
        }
    }
}