{
    "confidence_score": 0.8186889886856079,
    "ptm": 0.9011929035186768,
    "iptm": 0.7084886431694031,
    "ligand_iptm": 0.7084886431694031,
    "protein_iptm": 0.0,
    "complex_plddt": 0.8462390303611755,
    "complex_iplddt": 0.6370254158973694,
    "complex_pde": 0.664814293384552,
    "complex_ipde": 2.2326815128326416,
    "chains_ptm": {
        "0": 0.9558007717132568,
        "1": 0.7515186667442322
    },
    "pair_chains_iptm": {
        "0": {
            "0": 0.9558007717132568,
            "1": 0.4040262997150421
        },
        "1": {
            "0": 0.7084886431694031,
            "1": 0.7515186667442322
        }
    }
}