{
    "confidence_score": 0.8766599893569946,
    "ptm": 0.937150239944458,
    "iptm": 0.7732406854629517,
    "ligand_iptm": 0.7732406854629517,
    "protein_iptm": 0.0,
    "complex_plddt": 0.9025147557258606,
    "complex_iplddt": 0.7396641373634338,
    "complex_pde": 0.5280762314796448,
    "complex_ipde": 1.5279693603515625,
    "chains_ptm": {
        "0": 0.979366660118103,
        "1": 0.7812106013298035
    },
    "pair_chains_iptm": {
        "0": {
            "0": 0.979366660118103,
            "1": 0.5049765110015869
        },
        "1": {
            "0": 0.7732406854629517,
            "1": 0.7812106013298035
        }
    }
}