{
    "confidence_score": 0.7636321187019348,
    "ptm": 0.8752005100250244,
    "iptm": 0.6011066436767578,
    "ligand_iptm": 0.6011066436767578,
    "protein_iptm": 0.0,
    "complex_plddt": 0.8042634725570679,
    "complex_iplddt": 0.5170083045959473,
    "complex_pde": 0.8081805109977722,
    "complex_ipde": 2.7858948707580566,
    "chains_ptm": {
        "0": 0.9499680995941162,
        "1": 0.7663658261299133
    },
    "pair_chains_iptm": {
        "0": {
            "0": 0.9499680995941162,
            "1": 0.2551594376564026
        },
        "1": {
            "0": 0.6011066436767578,
            "1": 0.7663658261299133
        }
    }
}