{
    "confidence_score": 0.8771129846572876,
    "ptm": 0.9003025889396667,
    "iptm": 0.6862412095069885,
    "ligand_iptm": 0.6862412095069885,
    "protein_iptm": 0.0,
    "complex_plddt": 0.9248309135437012,
    "complex_iplddt": 0.8256499171257019,
    "complex_pde": 0.6947596073150635,
    "complex_ipde": 2.3943185806274414,
    "chains_ptm": {
        "0": 0.9585535526275635,
        "1": 0.7592689990997314
    },
    "pair_chains_iptm": {
        "0": {
            "0": 0.9585535526275635,
            "1": 0.4149530231952667
        },
        "1": {
            "0": 0.6862412095069885,
            "1": 0.7592689990997314
        }
    }
}