{
    "confidence_score": 0.8336801528930664,
    "ptm": 0.8750661611557007,
    "iptm": 0.680994987487793,
    "ligand_iptm": 0.680994987487793,
    "protein_iptm": 0.0,
    "complex_plddt": 0.87185138463974,
    "complex_iplddt": 0.758357584476471,
    "complex_pde": 0.7792243361473083,
    "complex_ipde": 2.4766178131103516,
    "chains_ptm": {
        "0": 0.9307553172111511,
        "1": 0.7385826110839844
    },
    "pair_chains_iptm": {
        "0": {
            "0": 0.9307553172111511,
            "1": 0.42551398277282715
        },
        "1": {
            "0": 0.680994987487793,
            "1": 0.7385826110839844
        }
    }
}