{
    "confidence_score": 0.8892256617546082,
    "ptm": 0.9143836498260498,
    "iptm": 0.7682391405105591,
    "ligand_iptm": 0.7682391405105591,
    "protein_iptm": 0.0,
    "complex_plddt": 0.9194722771644592,
    "complex_iplddt": 0.8116623163223267,
    "complex_pde": 0.5815184712409973,
    "complex_ipde": 1.7921521663665771,
    "chains_ptm": {
        "0": 0.9555976986885071,
        "1": 0.8130409717559814
    },
    "pair_chains_iptm": {
        "0": {
            "0": 0.9555976986885071,
            "1": 0.5262528657913208
        },
        "1": {
            "0": 0.7682391405105591,
            "1": 0.8130409717559814
        }
    }
}