{
    "confidence_score": 0.8132299780845642,
    "ptm": 0.8964771628379822,
    "iptm": 0.7344578504562378,
    "ligand_iptm": 0.7344578504562378,
    "protein_iptm": 0.0,
    "complex_plddt": 0.8329229950904846,
    "complex_iplddt": 0.6139644384384155,
    "complex_pde": 0.6594853401184082,
    "complex_ipde": 1.98334538936615,
    "chains_ptm": {
        "0": 0.9447705745697021,
        "1": 0.7794226408004761
    },
    "pair_chains_iptm": {
        "0": {
            "0": 0.9447705745697021,
            "1": 0.506539523601532
        },
        "1": {
            "0": 0.7344578504562378,
            "1": 0.7794226408004761
        }
    }
}