{
    "confidence_score": 0.8669055104255676,
    "ptm": 0.9280416369438171,
    "iptm": 0.7702887654304504,
    "ligand_iptm": 0.7702887654304504,
    "protein_iptm": 0.0,
    "complex_plddt": 0.8910596966743469,
    "complex_iplddt": 0.7352741956710815,
    "complex_pde": 0.5734022259712219,
    "complex_ipde": 1.7410932779312134,
    "chains_ptm": {
        "0": 0.9715399146080017,
        "1": 0.7718831896781921
    },
    "pair_chains_iptm": {
        "0": {
            "0": 0.9715399146080017,
            "1": 0.5158289074897766
        },
        "1": {
            "0": 0.7702887654304504,
            "1": 0.7718831896781921
        }
    }
}