{
    "confidence_score": 0.8410752415657043,
    "ptm": 0.9146422147750854,
    "iptm": 0.7295966744422913,
    "ligand_iptm": 0.7295966744422913,
    "protein_iptm": 0.0,
    "complex_plddt": 0.8689448833465576,
    "complex_iplddt": 0.6706244945526123,
    "complex_pde": 0.6254792213439941,
    "complex_ipde": 1.9155293703079224,
    "chains_ptm": {
        "0": 0.9639967679977417,
        "1": 0.7660781741142273
    },
    "pair_chains_iptm": {
        "0": {
            "0": 0.9639967679977417,
            "1": 0.45186397433280945
        },
        "1": {
            "0": 0.7295966744422913,
            "1": 0.7660781741142273
        }
    }
}