{
    "confidence_score": 0.8974596261978149,
    "ptm": 0.9486878514289856,
    "iptm": 0.8586646914482117,
    "ligand_iptm": 0.8586646914482117,
    "protein_iptm": 0.0,
    "complex_plddt": 0.907158374786377,
    "complex_iplddt": 0.7761997580528259,
    "complex_pde": 0.45085906982421875,
    "complex_ipde": 1.1071261167526245,
    "chains_ptm": {
        "0": 0.9734047055244446,
        "1": 0.8020109534263611
    },
    "pair_chains_iptm": {
        "0": {
            "0": 0.9734047055244446,
            "1": 0.603309690952301
        },
        "1": {
            "0": 0.8586646914482117,
            "1": 0.8020109534263611
        }
    }
}