{
    "confidence_score": 0.8582782745361328,
    "ptm": 0.904696524143219,
    "iptm": 0.73210209608078,
    "ligand_iptm": 0.73210209608078,
    "protein_iptm": 0.0,
    "complex_plddt": 0.8898223042488098,
    "complex_iplddt": 0.745613157749176,
    "complex_pde": 0.6557778716087341,
    "complex_ipde": 2.0403378009796143,
    "chains_ptm": {
        "0": 0.9528586864471436,
        "1": 0.7864664196968079
    },
    "pair_chains_iptm": {
        "0": {
            "0": 0.9528586864471436,
            "1": 0.47790589928627014
        },
        "1": {
            "0": 0.73210209608078,
            "1": 0.7864664196968079
        }
    }
}