{
    "confidence_score": 0.81421959400177,
    "ptm": 0.9027445912361145,
    "iptm": 0.705376923084259,
    "ligand_iptm": 0.705376923084259,
    "protein_iptm": 0.0,
    "complex_plddt": 0.8414301872253418,
    "complex_iplddt": 0.6042072176933289,
    "complex_pde": 0.6652883291244507,
    "complex_ipde": 1.9982000589370728,
    "chains_ptm": {
        "0": 0.9589583873748779,
        "1": 0.7456286549568176
    },
    "pair_chains_iptm": {
        "0": {
            "0": 0.9589583873748779,
            "1": 0.4590581953525543
        },
        "1": {
            "0": 0.705376923084259,
            "1": 0.7456286549568176
        }
    }
}