{
    "confidence_score": 0.8381533026695251,
    "ptm": 0.9123603701591492,
    "iptm": 0.7497150301933289,
    "ligand_iptm": 0.7497150301933289,
    "protein_iptm": 0.0,
    "complex_plddt": 0.8602628707885742,
    "complex_iplddt": 0.6948322653770447,
    "complex_pde": 0.6033333539962769,
    "complex_ipde": 1.857100009918213,
    "chains_ptm": {
        "0": 0.9557493329048157,
        "1": 0.7913106083869934
    },
    "pair_chains_iptm": {
        "0": {
            "0": 0.9557493329048157,
            "1": 0.44930052757263184
        },
        "1": {
            "0": 0.7497150301933289,
            "1": 0.7913106083869934
        }
    }
}