{
    "confidence_score": 0.8202080130577087,
    "ptm": 0.9061788320541382,
    "iptm": 0.7114180326461792,
    "ligand_iptm": 0.7114180326461792,
    "protein_iptm": 0.0,
    "complex_plddt": 0.8474054932594299,
    "complex_iplddt": 0.6499165296554565,
    "complex_pde": 0.6326624751091003,
    "complex_ipde": 1.9699965715408325,
    "chains_ptm": {
        "0": 0.9610061645507812,
        "1": 0.7799577116966248
    },
    "pair_chains_iptm": {
        "0": {
            "0": 0.9610061645507812,
            "1": 0.4920403063297272
        },
        "1": {
            "0": 0.7114180326461792,
            "1": 0.7799577116966248
        }
    }
}