{
    "confidence_score": 0.8076030611991882,
    "ptm": 0.908532977104187,
    "iptm": 0.6822210550308228,
    "ligand_iptm": 0.6822210550308228,
    "protein_iptm": 0.0,
    "complex_plddt": 0.8389486074447632,
    "complex_iplddt": 0.5689917206764221,
    "complex_pde": 0.6745665073394775,
    "complex_ipde": 2.3006930351257324,
    "chains_ptm": {
        "0": 0.966139554977417,
        "1": 0.7875385284423828
    },
    "pair_chains_iptm": {
        "0": {
            "0": 0.966139554977417,
            "1": 0.3756979703903198
        },
        "1": {
            "0": 0.6822210550308228,
            "1": 0.7875385284423828
        }
    }
}