{
    "confidence_score": 0.8659539222717285,
    "ptm": 0.9107533693313599,
    "iptm": 0.7571014761924744,
    "ligand_iptm": 0.7571014761924744,
    "protein_iptm": 0.0,
    "complex_plddt": 0.8931670188903809,
    "complex_iplddt": 0.7592055797576904,
    "complex_pde": 0.6281342506408691,
    "complex_ipde": 1.9772584438323975,
    "chains_ptm": {
        "0": 0.9573329091072083,
        "1": 0.7604928612709045
    },
    "pair_chains_iptm": {
        "0": {
            "0": 0.9573329091072083,
            "1": 0.48931142687797546
        },
        "1": {
            "0": 0.7571014761924744,
            "1": 0.7604928612709045
        }
    }
}