{
    "confidence_score": 0.8580164909362793,
    "ptm": 0.9181172251701355,
    "iptm": 0.7598251700401306,
    "ligand_iptm": 0.7598251700401306,
    "protein_iptm": 0.0,
    "complex_plddt": 0.8825643658638,
    "complex_iplddt": 0.7038879990577698,
    "complex_pde": 0.5855022072792053,
    "complex_ipde": 1.6923516988754272,
    "chains_ptm": {
        "0": 0.9622694253921509,
        "1": 0.749711811542511
    },
    "pair_chains_iptm": {
        "0": {
            "0": 0.9622694253921509,
            "1": 0.49493879079818726
        },
        "1": {
            "0": 0.7598251700401306,
            "1": 0.749711811542511
        }
    }
}