{
    "confidence_score": 0.8304238319396973,
    "ptm": 0.9123401045799255,
    "iptm": 0.7001714110374451,
    "ligand_iptm": 0.7001714110374451,
    "protein_iptm": 0.0,
    "complex_plddt": 0.8629869222640991,
    "complex_iplddt": 0.6404396891593933,
    "complex_pde": 0.6180563569068909,
    "complex_ipde": 1.9874681234359741,
    "chains_ptm": {
        "0": 0.9654120206832886,
        "1": 0.8011504411697388
    },
    "pair_chains_iptm": {
        "0": {
            "0": 0.9654120206832886,
            "1": 0.43886110186576843
        },
        "1": {
            "0": 0.7001714110374451,
            "1": 0.8011504411697388
        }
    }
}