{
    "confidence_score": 0.8772130012512207,
    "ptm": 0.9159389138221741,
    "iptm": 0.7454769015312195,
    "ligand_iptm": 0.7454769015312195,
    "protein_iptm": 0.0,
    "complex_plddt": 0.9101470708847046,
    "complex_iplddt": 0.7921561002731323,
    "complex_pde": 0.5951166152954102,
    "complex_ipde": 1.8105542659759521,
    "chains_ptm": {
        "0": 0.962274432182312,
        "1": 0.7764155268669128
    },
    "pair_chains_iptm": {
        "0": {
            "0": 0.962274432182312,
            "1": 0.4767025113105774
        },
        "1": {
            "0": 0.7454769015312195,
            "1": 0.7764155268669128
        }
    }
}