{
    "confidence_score": 0.8404459357261658,
    "ptm": 0.8907031416893005,
    "iptm": 0.7066938877105713,
    "ligand_iptm": 0.7066938877105713,
    "protein_iptm": 0.0,
    "complex_plddt": 0.8738839626312256,
    "complex_iplddt": 0.7387597560882568,
    "complex_pde": 0.7924365997314453,
    "complex_ipde": 2.151573657989502,
    "chains_ptm": {
        "0": 0.9424102306365967,
        "1": 0.7538480162620544
    },
    "pair_chains_iptm": {
        "0": {
            "0": 0.9424102306365967,
            "1": 0.4392462968826294
        },
        "1": {
            "0": 0.7066938877105713,
            "1": 0.7538480162620544
        }
    }
}