{
    "confidence_score": 0.82273930311203,
    "ptm": 0.8970823287963867,
    "iptm": 0.70457923412323,
    "ligand_iptm": 0.70457923412323,
    "protein_iptm": 0.0,
    "complex_plddt": 0.8522793650627136,
    "complex_iplddt": 0.6814039349555969,
    "complex_pde": 0.7197500467300415,
    "complex_ipde": 2.319993019104004,
    "chains_ptm": {
        "0": 0.9471105933189392,
        "1": 0.7882739305496216
    },
    "pair_chains_iptm": {
        "0": {
            "0": 0.9471105933189392,
            "1": 0.3484256863594055
        },
        "1": {
            "0": 0.70457923412323,
            "1": 0.7882739305496216
        }
    }
}