{
    "confidence_score": 0.7991940379142761,
    "ptm": 0.8849332928657532,
    "iptm": 0.6288459300994873,
    "ligand_iptm": 0.6288459300994873,
    "protein_iptm": 0.0,
    "complex_plddt": 0.8417810797691345,
    "complex_iplddt": 0.6152441501617432,
    "complex_pde": 0.7606808543205261,
    "complex_ipde": 2.637385368347168,
    "chains_ptm": {
        "0": 0.9484007954597473,
        "1": 0.7815207242965698
    },
    "pair_chains_iptm": {
        "0": {
            "0": 0.9484007954597473,
            "1": 0.36057233810424805
        },
        "1": {
            "0": 0.6288459300994873,
            "1": 0.7815207242965698
        }
    }
}