{
    "confidence_score": 0.7962756156921387,
    "ptm": 0.8681746125221252,
    "iptm": 0.6841728091239929,
    "ligand_iptm": 0.6841728091239929,
    "protein_iptm": 0.0,
    "complex_plddt": 0.8243013024330139,
    "complex_iplddt": 0.6418317556381226,
    "complex_pde": 0.8745673298835754,
    "complex_ipde": 2.4076762199401855,
    "chains_ptm": {
        "0": 0.9195582270622253,
        "1": 0.7432616353034973
    },
    "pair_chains_iptm": {
        "0": {
            "0": 0.9195582270622253,
            "1": 0.42109185457229614
        },
        "1": {
            "0": 0.6841728091239929,
            "1": 0.7432616353034973
        }
    }
}