{
    "confidence_score": 0.84869384765625,
    "ptm": 0.9053242802619934,
    "iptm": 0.709937334060669,
    "ligand_iptm": 0.709937334060669,
    "protein_iptm": 0.0,
    "complex_plddt": 0.88338303565979,
    "complex_iplddt": 0.7262979745864868,
    "complex_pde": 0.6499441862106323,
    "complex_ipde": 2.00400710105896,
    "chains_ptm": {
        "0": 0.9574699401855469,
        "1": 0.7584310173988342
    },
    "pair_chains_iptm": {
        "0": {
            "0": 0.9574699401855469,
            "1": 0.45476388931274414
        },
        "1": {
            "0": 0.709937334060669,
            "1": 0.7584310173988342
        }
    }
}