{
    "confidence_score": 0.9058660864830017,
    "ptm": 0.9308478832244873,
    "iptm": 0.8023755550384521,
    "ligand_iptm": 0.8023755550384521,
    "protein_iptm": 0.0,
    "complex_plddt": 0.9317386746406555,
    "complex_iplddt": 0.8479698300361633,
    "complex_pde": 0.5233103632926941,
    "complex_ipde": 1.4926036596298218,
    "chains_ptm": {
        "0": 0.9667531847953796,
        "1": 0.7838746309280396
    },
    "pair_chains_iptm": {
        "0": {
            "0": 0.9667531847953796,
            "1": 0.5553575754165649
        },
        "1": {
            "0": 0.8023755550384521,
            "1": 0.7838746309280396
        }
    }
}