{
    "confidence_score": 0.8117912411689758,
    "ptm": 0.877709686756134,
    "iptm": 0.6570358872413635,
    "ligand_iptm": 0.6570358872413635,
    "protein_iptm": 0.0,
    "complex_plddt": 0.8504800200462341,
    "complex_iplddt": 0.6751272082328796,
    "complex_pde": 0.7835012078285217,
    "complex_ipde": 2.516453266143799,
    "chains_ptm": {
        "0": 0.9379398226737976,
        "1": 0.7581866979598999
    },
    "pair_chains_iptm": {
        "0": {
            "0": 0.9379398226737976,
            "1": 0.39557260274887085
        },
        "1": {
            "0": 0.6570358872413635,
            "1": 0.7581866979598999
        }
    }
}