{
    "confidence_score": 0.8608942031860352,
    "ptm": 0.9171483516693115,
    "iptm": 0.7577469348907471,
    "ligand_iptm": 0.7577469348907471,
    "protein_iptm": 0.0,
    "complex_plddt": 0.8866809606552124,
    "complex_iplddt": 0.7276010513305664,
    "complex_pde": 0.604784369468689,
    "complex_ipde": 1.8413108587265015,
    "chains_ptm": {
        "0": 0.9605630040168762,
        "1": 0.8158806562423706
    },
    "pair_chains_iptm": {
        "0": {
            "0": 0.9605630040168762,
            "1": 0.47403717041015625
        },
        "1": {
            "0": 0.7577469348907471,
            "1": 0.8158806562423706
        }
    }
}