{
    "confidence_score": 0.8816294074058533,
    "ptm": 0.9348189830780029,
    "iptm": 0.8074238896369934,
    "ligand_iptm": 0.8074238896369934,
    "protein_iptm": 0.0,
    "complex_plddt": 0.9001806974411011,
    "complex_iplddt": 0.7602360844612122,
    "complex_pde": 0.5123838782310486,
    "complex_ipde": 1.364053726196289,
    "chains_ptm": {
        "0": 0.9715015888214111,
        "1": 0.791164755821228
    },
    "pair_chains_iptm": {
        "0": {
            "0": 0.9715015888214111,
            "1": 0.5882435441017151
        },
        "1": {
            "0": 0.8074238896369934,
            "1": 0.791164755821228
        }
    }
}