{
    "confidence_score": 0.8432388305664062,
    "ptm": 0.9172255992889404,
    "iptm": 0.7484800815582275,
    "ligand_iptm": 0.7484800815582275,
    "protein_iptm": 0.0,
    "complex_plddt": 0.8669285178184509,
    "complex_iplddt": 0.6724664568901062,
    "complex_pde": 0.6136950850486755,
    "complex_ipde": 1.8963391780853271,
    "chains_ptm": {
        "0": 0.9634692668914795,
        "1": 0.7595658898353577
    },
    "pair_chains_iptm": {
        "0": {
            "0": 0.9634692668914795,
            "1": 0.42630961537361145
        },
        "1": {
            "0": 0.7484800815582275,
            "1": 0.7595658898353577
        }
    }
}