{
    "confidence_score": 0.8105277419090271,
    "ptm": 0.9045047760009766,
    "iptm": 0.7330831289291382,
    "ligand_iptm": 0.7330831289291382,
    "protein_iptm": 0.0,
    "complex_plddt": 0.8298888802528381,
    "complex_iplddt": 0.5821917653083801,
    "complex_pde": 0.6434205770492554,
    "complex_ipde": 1.8991550207138062,
    "chains_ptm": {
        "0": 0.950842559337616,
        "1": 0.7988376617431641
    },
    "pair_chains_iptm": {
        "0": {
            "0": 0.950842559337616,
            "1": 0.405416339635849
        },
        "1": {
            "0": 0.7330831289291382,
            "1": 0.7988376617431641
        }
    }
}