{
    "confidence_score": 0.8332757353782654,
    "ptm": 0.9061076045036316,
    "iptm": 0.7124909162521362,
    "ligand_iptm": 0.7124909162521362,
    "protein_iptm": 0.0,
    "complex_plddt": 0.8634719252586365,
    "complex_iplddt": 0.6489073634147644,
    "complex_pde": 0.6531105637550354,
    "complex_ipde": 2.043381452560425,
    "chains_ptm": {
        "0": 0.9578840136528015,
        "1": 0.76938396692276
    },
    "pair_chains_iptm": {
        "0": {
            "0": 0.9578840136528015,
            "1": 0.4471067786216736
        },
        "1": {
            "0": 0.7124909162521362,
            "1": 0.76938396692276
        }
    }
}