{
    "confidence_score": 0.8179437518119812,
    "ptm": 0.8817231059074402,
    "iptm": 0.6471977233886719,
    "ligand_iptm": 0.6471977233886719,
    "protein_iptm": 0.0,
    "complex_plddt": 0.8606303334236145,
    "complex_iplddt": 0.6654387712478638,
    "complex_pde": 0.8335458636283875,
    "complex_ipde": 2.916248083114624,
    "chains_ptm": {
        "0": 0.9418543577194214,
        "1": 0.7814517617225647
    },
    "pair_chains_iptm": {
        "0": {
            "0": 0.9418543577194214,
            "1": 0.3470021188259125
        },
        "1": {
            "0": 0.6471977233886719,
            "1": 0.7814517617225647
        }
    }
}