{
    "confidence_score": 0.8439138531684875,
    "ptm": 0.8943524956703186,
    "iptm": 0.6695550680160522,
    "ligand_iptm": 0.6695550680160522,
    "protein_iptm": 0.0,
    "complex_plddt": 0.8875035047531128,
    "complex_iplddt": 0.7232040166854858,
    "complex_pde": 0.7275877594947815,
    "complex_ipde": 2.396373748779297,
    "chains_ptm": {
        "0": 0.9529879093170166,
        "1": 0.7443926930427551
    },
    "pair_chains_iptm": {
        "0": {
            "0": 0.9529879093170166,
            "1": 0.4189671576023102
        },
        "1": {
            "0": 0.6695550680160522,
            "1": 0.7443926930427551
        }
    }
}