{
    "confidence_score": 0.8542709350585938,
    "ptm": 0.9270452260971069,
    "iptm": 0.8020535707473755,
    "ligand_iptm": 0.8020535707473755,
    "protein_iptm": 0.0,
    "complex_plddt": 0.8673253059387207,
    "complex_iplddt": 0.7208672761917114,
    "complex_pde": 0.5398617386817932,
    "complex_ipde": 1.5066295862197876,
    "chains_ptm": {
        "0": 0.9628013968467712,
        "1": 0.7891100645065308
    },
    "pair_chains_iptm": {
        "0": {
            "0": 0.9628013968467712,
            "1": 0.5502826571464539
        },
        "1": {
            "0": 0.8020535707473755,
            "1": 0.7891100645065308
        }
    }
}