{
    "confidence_score": 0.8173398375511169,
    "ptm": 0.8780552744865417,
    "iptm": 0.6547892689704895,
    "ligand_iptm": 0.6547892689704895,
    "protein_iptm": 0.0,
    "complex_plddt": 0.8579773902893066,
    "complex_iplddt": 0.6614386439323425,
    "complex_pde": 0.8198821544647217,
    "complex_ipde": 2.772212266921997,
    "chains_ptm": {
        "0": 0.9402693510055542,
        "1": 0.7358972430229187
    },
    "pair_chains_iptm": {
        "0": {
            "0": 0.9402693510055542,
            "1": 0.3580458164215088
        },
        "1": {
            "0": 0.6547892689704895,
            "1": 0.7358972430229187
        }
    }
}