{
    "confidence_score": 0.8283413052558899,
    "ptm": 0.9019121527671814,
    "iptm": 0.721993625164032,
    "ligand_iptm": 0.721993625164032,
    "protein_iptm": 0.0,
    "complex_plddt": 0.8549282550811768,
    "complex_iplddt": 0.6734864711761475,
    "complex_pde": 0.6808251738548279,
    "complex_ipde": 2.101712942123413,
    "chains_ptm": {
        "0": 0.9508237242698669,
        "1": 0.8026788830757141
    },
    "pair_chains_iptm": {
        "0": {
            "0": 0.9508237242698669,
            "1": 0.4525536000728607
        },
        "1": {
            "0": 0.721993625164032,
            "1": 0.8026788830757141
        }
    }
}