{
    "confidence_score": 0.8153350949287415,
    "ptm": 0.8933550119400024,
    "iptm": 0.6768487691879272,
    "ligand_iptm": 0.6768487691879272,
    "protein_iptm": 0.0,
    "complex_plddt": 0.8499566316604614,
    "complex_iplddt": 0.6159008145332336,
    "complex_pde": 0.7116327881813049,
    "complex_ipde": 2.4497270584106445,
    "chains_ptm": {
        "0": 0.9522308707237244,
        "1": 0.8115233182907104
    },
    "pair_chains_iptm": {
        "0": {
            "0": 0.9522308707237244,
            "1": 0.4140210449695587
        },
        "1": {
            "0": 0.6768487691879272,
            "1": 0.8115233182907104
        }
    }
}