{
    "confidence_score": 0.8018093109130859,
    "ptm": 0.8796135187149048,
    "iptm": 0.656707227230072,
    "ligand_iptm": 0.656707227230072,
    "protein_iptm": 0.0,
    "complex_plddt": 0.8380848169326782,
    "complex_iplddt": 0.6170498728752136,
    "complex_pde": 0.7667984366416931,
    "complex_ipde": 2.5953030586242676,
    "chains_ptm": {
        "0": 0.9415053725242615,
        "1": 0.7548076510429382
    },
    "pair_chains_iptm": {
        "0": {
            "0": 0.9415053725242615,
            "1": 0.3795429468154907
        },
        "1": {
            "0": 0.656707227230072,
            "1": 0.7548076510429382
        }
    }
}