{
    "confidence_score": 0.8495061993598938,
    "ptm": 0.8934166431427002,
    "iptm": 0.7379341721534729,
    "ligand_iptm": 0.7379341721534729,
    "protein_iptm": 0.0,
    "complex_plddt": 0.8773991465568542,
    "complex_iplddt": 0.7646713256835938,
    "complex_pde": 0.7607178092002869,
    "complex_ipde": 1.9553476572036743,
    "chains_ptm": {
        "0": 0.9393341541290283,
        "1": 0.7649586796760559
    },
    "pair_chains_iptm": {
        "0": {
            "0": 0.9393341541290283,
            "1": 0.472810834646225
        },
        "1": {
            "0": 0.7379341721534729,
            "1": 0.7649586796760559
        }
    }
}