{
    "confidence_score": 0.8055041432380676,
    "ptm": 0.8899877071380615,
    "iptm": 0.645469069480896,
    "ligand_iptm": 0.645469069480896,
    "protein_iptm": 0.0,
    "complex_plddt": 0.8455129265785217,
    "complex_iplddt": 0.6226296424865723,
    "complex_pde": 0.7225720882415771,
    "complex_ipde": 2.377743721008301,
    "chains_ptm": {
        "0": 0.957095205783844,
        "1": 0.7443329691886902
    },
    "pair_chains_iptm": {
        "0": {
            "0": 0.957095205783844,
            "1": 0.401108056306839
        },
        "1": {
            "0": 0.645469069480896,
            "1": 0.7443329691886902
        }
    }
}