{
    "confidence_score": 0.8291730880737305,
    "ptm": 0.8984535932540894,
    "iptm": 0.6912280917167664,
    "ligand_iptm": 0.6912280917167664,
    "protein_iptm": 0.0,
    "complex_plddt": 0.8636593222618103,
    "complex_iplddt": 0.6615886092185974,
    "complex_pde": 0.6979058980941772,
    "complex_ipde": 2.3118844032287598,
    "chains_ptm": {
        "0": 0.9567521214485168,
        "1": 0.7612215876579285
    },
    "pair_chains_iptm": {
        "0": {
            "0": 0.9567521214485168,
            "1": 0.41423171758651733
        },
        "1": {
            "0": 0.6912280917167664,
            "1": 0.7612215876579285
        }
    }
}