{
    "confidence_score": 0.8147282004356384,
    "ptm": 0.8920188546180725,
    "iptm": 0.6996011734008789,
    "ligand_iptm": 0.6996011734008789,
    "protein_iptm": 0.0,
    "complex_plddt": 0.8435098528862,
    "complex_iplddt": 0.6474157571792603,
    "complex_pde": 0.6926349401473999,
    "complex_ipde": 2.317636489868164,
    "chains_ptm": {
        "0": 0.9479594230651855,
        "1": 0.7586009502410889
    },
    "pair_chains_iptm": {
        "0": {
            "0": 0.9479594230651855,
            "1": 0.4151710569858551
        },
        "1": {
            "0": 0.6996011734008789,
            "1": 0.7586009502410889
        }
    }
}