{
    "confidence_score": 0.8264528512954712,
    "ptm": 0.9093761444091797,
    "iptm": 0.7411317825317383,
    "ligand_iptm": 0.7411317825317383,
    "protein_iptm": 0.0,
    "complex_plddt": 0.8477831482887268,
    "complex_iplddt": 0.6372261643409729,
    "complex_pde": 0.671912670135498,
    "complex_ipde": 1.9535040855407715,
    "chains_ptm": {
        "0": 0.9577815532684326,
        "1": 0.739043116569519
    },
    "pair_chains_iptm": {
        "0": {
            "0": 0.9577815532684326,
            "1": 0.4436071515083313
        },
        "1": {
            "0": 0.7411317825317383,
            "1": 0.739043116569519
        }
    }
}