{
    "confidence_score": 0.775462806224823,
    "ptm": 0.8642207980155945,
    "iptm": 0.5758174657821655,
    "ligand_iptm": 0.5758174657821655,
    "protein_iptm": 0.0,
    "complex_plddt": 0.8253741264343262,
    "complex_iplddt": 0.548418402671814,
    "complex_pde": 0.8622899651527405,
    "complex_ipde": 3.051567554473877,
    "chains_ptm": {
        "0": 0.9439120292663574,
        "1": 0.7255557179450989
    },
    "pair_chains_iptm": {
        "0": {
            "0": 0.9439120292663574,
            "1": 0.2858404815196991
        },
        "1": {
            "0": 0.5758174657821655,
            "1": 0.7255557179450989
        }
    }
}