{
    "confidence_score": 0.8746572732925415,
    "ptm": 0.9161404371261597,
    "iptm": 0.7500012516975403,
    "ligand_iptm": 0.7500012516975403,
    "protein_iptm": 0.0,
    "complex_plddt": 0.9058212637901306,
    "complex_iplddt": 0.7700485587120056,
    "complex_pde": 0.6032763719558716,
    "complex_ipde": 1.7697819471359253,
    "chains_ptm": {
        "0": 0.9618049263954163,
        "1": 0.7789801359176636
    },
    "pair_chains_iptm": {
        "0": {
            "0": 0.9618049263954163,
            "1": 0.4950399696826935
        },
        "1": {
            "0": 0.7500012516975403,
            "1": 0.7789801359176636
        }
    }
}