{
    "confidence_score": 0.8107182383537292,
    "ptm": 0.8829362988471985,
    "iptm": 0.6664778590202332,
    "ligand_iptm": 0.6664778590202332,
    "protein_iptm": 0.0,
    "complex_plddt": 0.846778392791748,
    "complex_iplddt": 0.6517555713653564,
    "complex_pde": 0.7449553608894348,
    "complex_ipde": 2.3679842948913574,
    "chains_ptm": {
        "0": 0.9416356682777405,
        "1": 0.7483916878700256
    },
    "pair_chains_iptm": {
        "0": {
            "0": 0.9416356682777405,
            "1": 0.4002510607242584
        },
        "1": {
            "0": 0.6664778590202332,
            "1": 0.7483916878700256
        }
    }
}