{
    "confidence_score": 0.8324751257896423,
    "ptm": 0.896797239780426,
    "iptm": 0.7407527565956116,
    "ligand_iptm": 0.7407527565956116,
    "protein_iptm": 0.0,
    "complex_plddt": 0.8554056882858276,
    "complex_iplddt": 0.6841250061988831,
    "complex_pde": 0.6476452946662903,
    "complex_ipde": 1.814447045326233,
    "chains_ptm": {
        "0": 0.9400316476821899,
        "1": 0.7802941799163818
    },
    "pair_chains_iptm": {
        "0": {
            "0": 0.9400316476821899,
            "1": 0.3806597590446472
        },
        "1": {
            "0": 0.7407527565956116,
            "1": 0.7802941799163818
        }
    }
}