{
    "confidence_score": 0.8015810251235962,
    "ptm": 0.8822911977767944,
    "iptm": 0.6483240127563477,
    "ligand_iptm": 0.6483240127563477,
    "protein_iptm": 0.0,
    "complex_plddt": 0.8398951888084412,
    "complex_iplddt": 0.6225130558013916,
    "complex_pde": 0.7484455704689026,
    "complex_ipde": 2.4675161838531494,
    "chains_ptm": {
        "0": 0.9463444352149963,
        "1": 0.7360920906066895
    },
    "pair_chains_iptm": {
        "0": {
            "0": 0.9463444352149963,
            "1": 0.41616135835647583
        },
        "1": {
            "0": 0.6483240127563477,
            "1": 0.7360920906066895
        }
    }
}