{
    "confidence_score": 0.8262001872062683,
    "ptm": 0.899386465549469,
    "iptm": 0.6858041882514954,
    "ligand_iptm": 0.6858041882514954,
    "protein_iptm": 0.0,
    "complex_plddt": 0.8612992167472839,
    "complex_iplddt": 0.681336522102356,
    "complex_pde": 0.6664395332336426,
    "complex_ipde": 2.2058842182159424,
    "chains_ptm": {
        "0": 0.9578548073768616,
        "1": 0.7589184045791626
    },
    "pair_chains_iptm": {
        "0": {
            "0": 0.9578548073768616,
            "1": 0.4637763202190399
        },
        "1": {
            "0": 0.6858041882514954,
            "1": 0.7589184045791626
        }
    }
}