{
    "confidence_score": 0.844158947467804,
    "ptm": 0.9250430464744568,
    "iptm": 0.8122194409370422,
    "ligand_iptm": 0.8122194409370422,
    "protein_iptm": 0.0,
    "complex_plddt": 0.8521437644958496,
    "complex_iplddt": 0.6593590974807739,
    "complex_pde": 0.5468720197677612,
    "complex_ipde": 1.4885309934616089,
    "chains_ptm": {
        "0": 0.9574375748634338,
        "1": 0.8345027565956116
    },
    "pair_chains_iptm": {
        "0": {
            "0": 0.9574375748634338,
            "1": 0.48868465423583984
        },
        "1": {
            "0": 0.8122194409370422,
            "1": 0.8345027565956116
        }
    }
}