{
    "confidence_score": 0.8221579790115356,
    "ptm": 0.8966612219810486,
    "iptm": 0.6534519791603088,
    "ligand_iptm": 0.6534519791603088,
    "protein_iptm": 0.0,
    "complex_plddt": 0.8643344044685364,
    "complex_iplddt": 0.6496605277061462,
    "complex_pde": 0.6928870677947998,
    "complex_ipde": 2.284196615219116,
    "chains_ptm": {
        "0": 0.9573295712471008,
        "1": 0.7696273326873779
    },
    "pair_chains_iptm": {
        "0": {
            "0": 0.9573295712471008,
            "1": 0.3667328357696533
        },
        "1": {
            "0": 0.6534519791603088,
            "1": 0.7696273326873779
        }
    }
}