{
    "confidence_score": 0.8292070627212524,
    "ptm": 0.9145832061767578,
    "iptm": 0.7582017183303833,
    "ligand_iptm": 0.7582017183303833,
    "protein_iptm": 0.0,
    "complex_plddt": 0.846958339214325,
    "complex_iplddt": 0.6567935347557068,
    "complex_pde": 0.5897757411003113,
    "complex_ipde": 1.6755813360214233,
    "chains_ptm": {
        "0": 0.9589522480964661,
        "1": 0.7967187762260437
    },
    "pair_chains_iptm": {
        "0": {
            "0": 0.9589522480964661,
            "1": 0.5072910189628601
        },
        "1": {
            "0": 0.7582017183303833,
            "1": 0.7967187762260437
        }
    }
}