{
    "confidence_score": 0.8352441787719727,
    "ptm": 0.9127793312072754,
    "iptm": 0.690099835395813,
    "ligand_iptm": 0.690099835395813,
    "protein_iptm": 0.0,
    "complex_plddt": 0.8715302348136902,
    "complex_iplddt": 0.6639058589935303,
    "complex_pde": 0.6628347635269165,
    "complex_ipde": 2.3239858150482178,
    "chains_ptm": {
        "0": 0.9676781892776489,
        "1": 0.7924765348434448
    },
    "pair_chains_iptm": {
        "0": {
            "0": 0.9676781892776489,
            "1": 0.47957393527030945
        },
        "1": {
            "0": 0.690099835395813,
            "1": 0.7924765348434448
        }
    }
}