{
    "confidence_score": 0.7969299554824829,
    "ptm": 0.8917257785797119,
    "iptm": 0.6566578149795532,
    "ligand_iptm": 0.6566578149795532,
    "protein_iptm": 0.0,
    "complex_plddt": 0.8319979310035706,
    "complex_iplddt": 0.5695506930351257,
    "complex_pde": 0.723171591758728,
    "complex_ipde": 2.3787999153137207,
    "chains_ptm": {
        "0": 0.9527792930603027,
        "1": 0.7726368308067322
    },
    "pair_chains_iptm": {
        "0": {
            "0": 0.9527792930603027,
            "1": 0.4190676808357239
        },
        "1": {
            "0": 0.6566578149795532,
            "1": 0.7726368308067322
        }
    }
}