{
    "confidence_score": 0.8422836661338806,
    "ptm": 0.90545654296875,
    "iptm": 0.7139177322387695,
    "ligand_iptm": 0.7139177322387695,
    "protein_iptm": 0.0,
    "complex_plddt": 0.8743751049041748,
    "complex_iplddt": 0.6971802115440369,
    "complex_pde": 0.659598171710968,
    "complex_ipde": 2.145179033279419,
    "chains_ptm": {
        "0": 0.9590395092964172,
        "1": 0.7722863554954529
    },
    "pair_chains_iptm": {
        "0": {
            "0": 0.9590395092964172,
            "1": 0.48022305965423584
        },
        "1": {
            "0": 0.7139177322387695,
            "1": 0.7722863554954529
        }
    }
}