{
    "confidence_score": 0.826228141784668,
    "ptm": 0.9252320528030396,
    "iptm": 0.7698970437049866,
    "ligand_iptm": 0.7698970437049866,
    "protein_iptm": 0.0,
    "complex_plddt": 0.8403108716011047,
    "complex_iplddt": 0.6310030221939087,
    "complex_pde": 0.5627491474151611,
    "complex_ipde": 1.732869029045105,
    "chains_ptm": {
        "0": 0.9690472483634949,
        "1": 0.7811111807823181
    },
    "pair_chains_iptm": {
        "0": {
            "0": 0.9690472483634949,
            "1": 0.5332946181297302
        },
        "1": {
            "0": 0.7698970437049866,
            "1": 0.7811111807823181
        }
    }
}