{
    "confidence_score": 0.8424457907676697,
    "ptm": 0.9119883179664612,
    "iptm": 0.7693502306938171,
    "ligand_iptm": 0.7693502306938171,
    "protein_iptm": 0.0,
    "complex_plddt": 0.8607196807861328,
    "complex_iplddt": 0.6842896342277527,
    "complex_pde": 0.6115919351577759,
    "complex_ipde": 1.8965437412261963,
    "chains_ptm": {
        "0": 0.9545730352401733,
        "1": 0.7854029536247253
    },
    "pair_chains_iptm": {
        "0": {
            "0": 0.9545730352401733,
            "1": 0.5146363377571106
        },
        "1": {
            "0": 0.7693502306938171,
            "1": 0.7854029536247253
        }
    }
}