{
    "confidence_score": 0.8197140097618103,
    "ptm": 0.9205557703971863,
    "iptm": 0.7482812404632568,
    "ligand_iptm": 0.7482812404632568,
    "protein_iptm": 0.0,
    "complex_plddt": 0.8375720977783203,
    "complex_iplddt": 0.5992934107780457,
    "complex_pde": 0.5802784562110901,
    "complex_ipde": 1.6632885932922363,
    "chains_ptm": {
        "0": 0.9672538042068481,
        "1": 0.7732397317886353
    },
    "pair_chains_iptm": {
        "0": {
            "0": 0.9672538042068481,
            "1": 0.5204964876174927
        },
        "1": {
            "0": 0.7482812404632568,
            "1": 0.7732397317886353
        }
    }
}