{
    "confidence_score": 0.8629246950149536,
    "ptm": 0.9096947312355042,
    "iptm": 0.7450401186943054,
    "ligand_iptm": 0.7450401186943054,
    "protein_iptm": 0.0,
    "complex_plddt": 0.8923958539962769,
    "complex_iplddt": 0.7524387836456299,
    "complex_pde": 0.6445114016532898,
    "complex_ipde": 1.9863274097442627,
    "chains_ptm": {
        "0": 0.9568652510643005,
        "1": 0.779915988445282
    },
    "pair_chains_iptm": {
        "0": {
            "0": 0.9568652510643005,
            "1": 0.4900171160697937
        },
        "1": {
            "0": 0.7450401186943054,
            "1": 0.779915988445282
        }
    }
}