{
    "confidence_score": 0.819767951965332,
    "ptm": 0.8886086344718933,
    "iptm": 0.675044059753418,
    "ligand_iptm": 0.675044059753418,
    "protein_iptm": 0.0,
    "complex_plddt": 0.8559489846229553,
    "complex_iplddt": 0.6777166724205017,
    "complex_pde": 0.7222754955291748,
    "complex_ipde": 2.517369270324707,
    "chains_ptm": {
        "0": 0.9474519491195679,
        "1": 0.7332136034965515
    },
    "pair_chains_iptm": {
        "0": {
            "0": 0.9474519491195679,
            "1": 0.3805496394634247
        },
        "1": {
            "0": 0.675044059753418,
            "1": 0.7332136034965515
        }
    }
}