{
    "confidence_score": 0.8109321594238281,
    "ptm": 0.9165074229240417,
    "iptm": 0.7601897120475769,
    "ligand_iptm": 0.7601897120475769,
    "protein_iptm": 0.0,
    "complex_plddt": 0.8236177563667297,
    "complex_iplddt": 0.628633975982666,
    "complex_pde": 0.6117151379585266,
    "complex_ipde": 1.8226208686828613,
    "chains_ptm": {
        "0": 0.9624571204185486,
        "1": 0.7559645771980286
    },
    "pair_chains_iptm": {
        "0": {
            "0": 0.9624571204185486,
            "1": 0.44804802536964417
        },
        "1": {
            "0": 0.7601897120475769,
            "1": 0.7559645771980286
        }
    }
}