{
    "confidence_score": 0.8301953673362732,
    "ptm": 0.8968976140022278,
    "iptm": 0.7366431355476379,
    "ligand_iptm": 0.7366431355476379,
    "protein_iptm": 0.0,
    "complex_plddt": 0.8535833358764648,
    "complex_iplddt": 0.690333366394043,
    "complex_pde": 0.7015183568000793,
    "complex_ipde": 2.216474771499634,
    "chains_ptm": {
        "0": 0.9426575899124146,
        "1": 0.760474681854248
    },
    "pair_chains_iptm": {
        "0": {
            "0": 0.9426575899124146,
            "1": 0.4064546227455139
        },
        "1": {
            "0": 0.7366431355476379,
            "1": 0.760474681854248
        }
    }
}