{
    "confidence_score": 0.8771502375602722,
    "ptm": 0.9167559742927551,
    "iptm": 0.7429172992706299,
    "ligand_iptm": 0.7429172992706299,
    "protein_iptm": 0.0,
    "complex_plddt": 0.910708487033844,
    "complex_iplddt": 0.7886443138122559,
    "complex_pde": 0.5879334807395935,
    "complex_ipde": 1.8161542415618896,
    "chains_ptm": {
        "0": 0.9626112580299377,
        "1": 0.8066885471343994
    },
    "pair_chains_iptm": {
        "0": {
            "0": 0.9626112580299377,
            "1": 0.5184593796730042
        },
        "1": {
            "0": 0.7429172992706299,
            "1": 0.8066885471343994
        }
    }
}