{
    "confidence_score": 0.854843258857727,
    "ptm": 0.9116858839988708,
    "iptm": 0.717743456363678,
    "ligand_iptm": 0.717743456363678,
    "protein_iptm": 0.0,
    "complex_plddt": 0.8891181349754333,
    "complex_iplddt": 0.7295129895210266,
    "complex_pde": 0.648391842842102,
    "complex_ipde": 1.834049940109253,
    "chains_ptm": {
        "0": 0.9641040563583374,
        "1": 0.7409277558326721
    },
    "pair_chains_iptm": {
        "0": {
            "0": 0.9641040563583374,
            "1": 0.4770878851413727
        },
        "1": {
            "0": 0.717743456363678,
            "1": 0.7409277558326721
        }
    }
}