{
    "confidence_score": 0.8325331807136536,
    "ptm": 0.9000320434570312,
    "iptm": 0.7438916563987732,
    "ligand_iptm": 0.7438916563987732,
    "protein_iptm": 0.0,
    "complex_plddt": 0.854693591594696,
    "complex_iplddt": 0.71611487865448,
    "complex_pde": 0.7035670876502991,
    "complex_ipde": 1.7670906782150269,
    "chains_ptm": {
        "0": 0.9436699151992798,
        "1": 0.8017796277999878
    },
    "pair_chains_iptm": {
        "0": {
            "0": 0.9436699151992798,
            "1": 0.5030255317687988
        },
        "1": {
            "0": 0.7438916563987732,
            "1": 0.8017796277999878
        }
    }
}