{
    "confidence_score": 0.8221620917320251,
    "ptm": 0.8931629657745361,
    "iptm": 0.697981595993042,
    "ligand_iptm": 0.697981595993042,
    "protein_iptm": 0.0,
    "complex_plddt": 0.8532071709632874,
    "complex_iplddt": 0.670839786529541,
    "complex_pde": 0.6871438026428223,
    "complex_ipde": 2.1522817611694336,
    "chains_ptm": {
        "0": 0.9457606673240662,
        "1": 0.8080874681472778
    },
    "pair_chains_iptm": {
        "0": {
            "0": 0.9457606673240662,
            "1": 0.4784306585788727
        },
        "1": {
            "0": 0.697981595993042,
            "1": 0.8080874681472778
        }
    }
}