{
    "confidence_score": 0.8557375073432922,
    "ptm": 0.9306233525276184,
    "iptm": 0.7765177488327026,
    "ligand_iptm": 0.7765177488327026,
    "protein_iptm": 0.0,
    "complex_plddt": 0.875542402267456,
    "complex_iplddt": 0.6897578239440918,
    "complex_pde": 0.5214479565620422,
    "complex_ipde": 1.5023982524871826,
    "chains_ptm": {
        "0": 0.9706719517707825,
        "1": 0.8286755681037903
    },
    "pair_chains_iptm": {
        "0": {
            "0": 0.9706719517707825,
            "1": 0.5369700789451599
        },
        "1": {
            "0": 0.7765177488327026,
            "1": 0.8286755681037903
        }
    }
}