{
    "confidence_score": 0.8391661643981934,
    "ptm": 0.9227709174156189,
    "iptm": 0.7611790299415588,
    "ligand_iptm": 0.7611790299415588,
    "protein_iptm": 0.0,
    "complex_plddt": 0.8586629033088684,
    "complex_iplddt": 0.6421950459480286,
    "complex_pde": 0.5731552839279175,
    "complex_ipde": 1.704108476638794,
    "chains_ptm": {
        "0": 0.9656965136528015,
        "1": 0.8324567079544067
    },
    "pair_chains_iptm": {
        "0": {
            "0": 0.9656965136528015,
            "1": 0.5248021483421326
        },
        "1": {
            "0": 0.7611790299415588,
            "1": 0.8324567079544067
        }
    }
}