{
    "confidence_score": 0.8316435217857361,
    "ptm": 0.9016517996788025,
    "iptm": 0.7530949115753174,
    "ligand_iptm": 0.7530949115753174,
    "protein_iptm": 0.0,
    "complex_plddt": 0.8512806296348572,
    "complex_iplddt": 0.6513346433639526,
    "complex_pde": 0.6544901132583618,
    "complex_ipde": 1.9771466255187988,
    "chains_ptm": {
        "0": 0.9460504651069641,
        "1": 0.7447768449783325
    },
    "pair_chains_iptm": {
        "0": {
            "0": 0.9460504651069641,
            "1": 0.47590962052345276
        },
        "1": {
            "0": 0.7530949115753174,
            "1": 0.7447768449783325
        }
    }
}