{
    "confidence_score": 0.8136774301528931,
    "ptm": 0.8951140642166138,
    "iptm": 0.695438027381897,
    "ligand_iptm": 0.695438027381897,
    "protein_iptm": 0.0,
    "complex_plddt": 0.8432372808456421,
    "complex_iplddt": 0.6104950308799744,
    "complex_pde": 0.6599187850952148,
    "complex_ipde": 2.164716958999634,
    "chains_ptm": {
        "0": 0.9483157992362976,
        "1": 0.8059424161911011
    },
    "pair_chains_iptm": {
        "0": {
            "0": 0.9483157992362976,
            "1": 0.47979795932769775
        },
        "1": {
            "0": 0.695438027381897,
            "1": 0.8059424161911011
        }
    }
}