{
    "confidence_score": 0.8431753516197205,
    "ptm": 0.9201421737670898,
    "iptm": 0.7796374559402466,
    "ligand_iptm": 0.7796374559402466,
    "protein_iptm": 0.0,
    "complex_plddt": 0.8590598106384277,
    "complex_iplddt": 0.6739923357963562,
    "complex_pde": 0.5740000605583191,
    "complex_ipde": 1.688990592956543,
    "chains_ptm": {
        "0": 0.9600894451141357,
        "1": 0.8061454892158508
    },
    "pair_chains_iptm": {
        "0": {
            "0": 0.9600894451141357,
            "1": 0.5188741683959961
        },
        "1": {
            "0": 0.7796374559402466,
            "1": 0.8061454892158508
        }
    }
}