{
    "confidence_score": 0.8420254588127136,
    "ptm": 0.9085772037506104,
    "iptm": 0.7050147652626038,
    "ligand_iptm": 0.7050147652626038,
    "protein_iptm": 0.0,
    "complex_plddt": 0.8762781023979187,
    "complex_iplddt": 0.6705425381660461,
    "complex_pde": 0.6594376564025879,
    "complex_ipde": 2.0611140727996826,
    "chains_ptm": {
        "0": 0.9616885781288147,
        "1": 0.8036817312240601
    },
    "pair_chains_iptm": {
        "0": {
            "0": 0.9616885781288147,
            "1": 0.45446330308914185
        },
        "1": {
            "0": 0.7050147652626038,
            "1": 0.8036817312240601
        }
    }
}