{
    "confidence_score": 0.8469764590263367,
    "ptm": 0.8996137976646423,
    "iptm": 0.7109249234199524,
    "ligand_iptm": 0.7109249234199524,
    "protein_iptm": 0.0,
    "complex_plddt": 0.8809893131256104,
    "complex_iplddt": 0.7189651131629944,
    "complex_pde": 0.6736183762550354,
    "complex_ipde": 2.2589633464813232,
    "chains_ptm": {
        "0": 0.9491510391235352,
        "1": 0.785245954990387
    },
    "pair_chains_iptm": {
        "0": {
            "0": 0.9491510391235352,
            "1": 0.4480719268321991
        },
        "1": {
            "0": 0.7109249234199524,
            "1": 0.785245954990387
        }
    }
}