{
    "confidence_score": 0.8371210098266602,
    "ptm": 0.897230863571167,
    "iptm": 0.6721192002296448,
    "ligand_iptm": 0.6721192002296448,
    "protein_iptm": 0.0,
    "complex_plddt": 0.8783714771270752,
    "complex_iplddt": 0.6791189312934875,
    "complex_pde": 0.7091730833053589,
    "complex_ipde": 2.3566157817840576,
    "chains_ptm": {
        "0": 0.9564035534858704,
        "1": 0.761441707611084
    },
    "pair_chains_iptm": {
        "0": {
            "0": 0.9564035534858704,
            "1": 0.38209015130996704
        },
        "1": {
            "0": 0.6721192002296448,
            "1": 0.761441707611084
        }
    }
}