{
    "confidence_score": 0.8240518569946289,
    "ptm": 0.89698326587677,
    "iptm": 0.7067030668258667,
    "ligand_iptm": 0.7067030668258667,
    "protein_iptm": 0.0,
    "complex_plddt": 0.8533890247344971,
    "complex_iplddt": 0.6492325067520142,
    "complex_pde": 0.6844595670700073,
    "complex_ipde": 2.064648151397705,
    "chains_ptm": {
        "0": 0.9506011009216309,
        "1": 0.7513426542282104
    },
    "pair_chains_iptm": {
        "0": {
            "0": 0.9506011009216309,
            "1": 0.41990402340888977
        },
        "1": {
            "0": 0.7067030668258667,
            "1": 0.7513426542282104
        }
    }
}