{
    "confidence_score": 0.8905132412910461,
    "ptm": 0.9150608777999878,
    "iptm": 0.734817385673523,
    "ligand_iptm": 0.734817385673523,
    "protein_iptm": 0.0,
    "complex_plddt": 0.9294372200965881,
    "complex_iplddt": 0.8241851329803467,
    "complex_pde": 0.6314575672149658,
    "complex_ipde": 1.9333165884017944,
    "chains_ptm": {
        "0": 0.9626943469047546,
        "1": 0.7984038591384888
    },
    "pair_chains_iptm": {
        "0": {
            "0": 0.9626943469047546,
            "1": 0.48328694701194763
        },
        "1": {
            "0": 0.734817385673523,
            "1": 0.7984038591384888
        }
    }
}