{
    "confidence_score": 0.8221460580825806,
    "ptm": 0.8833500146865845,
    "iptm": 0.6714635491371155,
    "ligand_iptm": 0.6714635491371155,
    "protein_iptm": 0.0,
    "complex_plddt": 0.8598166108131409,
    "complex_iplddt": 0.6795403361320496,
    "complex_pde": 0.7259244322776794,
    "complex_ipde": 2.329554796218872,
    "chains_ptm": {
        "0": 0.941710889339447,
        "1": 0.7464824318885803
    },
    "pair_chains_iptm": {
        "0": {
            "0": 0.941710889339447,
            "1": 0.4141708314418793
        },
        "1": {
            "0": 0.6714635491371155,
            "1": 0.7464824318885803
        }
    }
}