{
    "confidence_score": 0.8315603137016296,
    "ptm": 0.9173639416694641,
    "iptm": 0.7417583465576172,
    "ligand_iptm": 0.7417583465576172,
    "protein_iptm": 0.0,
    "complex_plddt": 0.8540108799934387,
    "complex_iplddt": 0.6463130712509155,
    "complex_pde": 0.5979270339012146,
    "complex_ipde": 1.7460756301879883,
    "chains_ptm": {
        "0": 0.9666517376899719,
        "1": 0.7763562202453613
    },
    "pair_chains_iptm": {
        "0": {
            "0": 0.9666517376899719,
            "1": 0.5078792572021484
        },
        "1": {
            "0": 0.7417583465576172,
            "1": 0.7763562202453613
        }
    }
}