{
    "confidence_score": 0.822289764881134,
    "ptm": 0.8897720575332642,
    "iptm": 0.668952465057373,
    "ligand_iptm": 0.668952465057373,
    "protein_iptm": 0.0,
    "complex_plddt": 0.8606240749359131,
    "complex_iplddt": 0.6954184174537659,
    "complex_pde": 0.7782467007637024,
    "complex_ipde": 2.755366325378418,
    "chains_ptm": {
        "0": 0.948855996131897,
        "1": 0.7262066602706909
    },
    "pair_chains_iptm": {
        "0": {
            "0": 0.948855996131897,
            "1": 0.3128255605697632
        },
        "1": {
            "0": 0.668952465057373,
            "1": 0.7262066602706909
        }
    }
}