{
    "confidence_score": 0.8283260464668274,
    "ptm": 0.8960862755775452,
    "iptm": 0.6911951303482056,
    "ligand_iptm": 0.6911951303482056,
    "protein_iptm": 0.0,
    "complex_plddt": 0.8626087307929993,
    "complex_iplddt": 0.6623647809028625,
    "complex_pde": 0.7054108381271362,
    "complex_ipde": 2.134338617324829,
    "chains_ptm": {
        "0": 0.9537014365196228,
        "1": 0.7290859222412109
    },
    "pair_chains_iptm": {
        "0": {
            "0": 0.9537014365196228,
            "1": 0.41416260600090027
        },
        "1": {
            "0": 0.6911951303482056,
            "1": 0.7290859222412109
        }
    }
}