{
    "confidence_score": 0.8286517262458801,
    "ptm": 0.8952559232711792,
    "iptm": 0.6928406953811646,
    "ligand_iptm": 0.6928406953811646,
    "protein_iptm": 0.0,
    "complex_plddt": 0.8626044988632202,
    "complex_iplddt": 0.710355818271637,
    "complex_pde": 0.7040089964866638,
    "complex_ipde": 2.4251720905303955,
    "chains_ptm": {
        "0": 0.9523531198501587,
        "1": 0.7354722619056702
    },
    "pair_chains_iptm": {
        "0": {
            "0": 0.9523531198501587,
            "1": 0.3783206641674042
        },
        "1": {
            "0": 0.6928406953811646,
            "1": 0.7354722619056702
        }
    }
}