{
    "confidence_score": 0.8645866513252258,
    "ptm": 0.9141533374786377,
    "iptm": 0.7320475578308105,
    "ligand_iptm": 0.7320475578308105,
    "protein_iptm": 0.0,
    "complex_plddt": 0.8977213501930237,
    "complex_iplddt": 0.7460511922836304,
    "complex_pde": 0.6210625767707825,
    "complex_ipde": 2.0058510303497314,
    "chains_ptm": {
        "0": 0.9610645174980164,
        "1": 0.8185332417488098
    },
    "pair_chains_iptm": {
        "0": {
            "0": 0.9610645174980164,
            "1": 0.4457722008228302
        },
        "1": {
            "0": 0.7320475578308105,
            "1": 0.8185332417488098
        }
    }
}