{
    "confidence_score": 0.8077864646911621,
    "ptm": 0.8815150856971741,
    "iptm": 0.6200559735298157,
    "ligand_iptm": 0.6200559735298157,
    "protein_iptm": 0.0,
    "complex_plddt": 0.8547190427780151,
    "complex_iplddt": 0.634350597858429,
    "complex_pde": 0.7825385332107544,
    "complex_ipde": 2.818089246749878,
    "chains_ptm": {
        "0": 0.9535776376724243,
        "1": 0.7716036438941956
    },
    "pair_chains_iptm": {
        "0": {
            "0": 0.9535776376724243,
            "1": 0.37370574474334717
        },
        "1": {
            "0": 0.6200559735298157,
            "1": 0.7716036438941956
        }
    }
}