{
    "confidence_score": 0.8637754321098328,
    "ptm": 0.9296749234199524,
    "iptm": 0.7623071074485779,
    "ligand_iptm": 0.7623071074485779,
    "protein_iptm": 0.0,
    "complex_plddt": 0.8891425132751465,
    "complex_iplddt": 0.7070709466934204,
    "complex_pde": 0.5637878179550171,
    "complex_ipde": 1.7098532915115356,
    "chains_ptm": {
        "0": 0.9711024165153503,
        "1": 0.8145827054977417
    },
    "pair_chains_iptm": {
        "0": {
            "0": 0.9711024165153503,
            "1": 0.5670883059501648
        },
        "1": {
            "0": 0.7623071074485779,
            "1": 0.8145827054977417
        }
    }
}