{
    "confidence_score": 0.8767463564872742,
    "ptm": 0.9260696768760681,
    "iptm": 0.7777283191680908,
    "ligand_iptm": 0.7777283191680908,
    "protein_iptm": 0.0,
    "complex_plddt": 0.9015008807182312,
    "complex_iplddt": 0.779848575592041,
    "complex_pde": 0.5672225952148438,
    "complex_ipde": 1.7396851778030396,
    "chains_ptm": {
        "0": 0.9661201238632202,
        "1": 0.7928246259689331
    },
    "pair_chains_iptm": {
        "0": {
            "0": 0.9661201238632202,
            "1": 0.5322204828262329
        },
        "1": {
            "0": 0.7777283191680908,
            "1": 0.7928246259689331
        }
    }
}