{
    "confidence_score": 0.8193549513816833,
    "ptm": 0.9037306904792786,
    "iptm": 0.7393173575401306,
    "ligand_iptm": 0.7393173575401306,
    "protein_iptm": 0.0,
    "complex_plddt": 0.8393642902374268,
    "complex_iplddt": 0.645538866519928,
    "complex_pde": 0.6703604459762573,
    "complex_ipde": 2.105151653289795,
    "chains_ptm": {
        "0": 0.9515395164489746,
        "1": 0.7553703784942627
    },
    "pair_chains_iptm": {
        "0": {
            "0": 0.9515395164489746,
            "1": 0.47623369097709656
        },
        "1": {
            "0": 0.7393173575401306,
            "1": 0.7553703784942627
        }
    }
}