{
    "confidence_score": 0.8543786406517029,
    "ptm": 0.9081416726112366,
    "iptm": 0.730280339717865,
    "ligand_iptm": 0.730280339717865,
    "protein_iptm": 0.0,
    "complex_plddt": 0.8854032158851624,
    "complex_iplddt": 0.724229633808136,
    "complex_pde": 0.6098327040672302,
    "complex_ipde": 1.7108256816864014,
    "chains_ptm": {
        "0": 0.9560016393661499,
        "1": 0.7798424959182739
    },
    "pair_chains_iptm": {
        "0": {
            "0": 0.9560016393661499,
            "1": 0.34464016556739807
        },
        "1": {
            "0": 0.730280339717865,
            "1": 0.7798424959182739
        }
    }
}