{
    "confidence_score": 0.8409928679466248,
    "ptm": 0.9113884568214417,
    "iptm": 0.7416720986366272,
    "ligand_iptm": 0.7416720986366272,
    "protein_iptm": 0.0,
    "complex_plddt": 0.8658230304718018,
    "complex_iplddt": 0.6821340322494507,
    "complex_pde": 0.6109235882759094,
    "complex_ipde": 1.9270634651184082,
    "chains_ptm": {
        "0": 0.9555619359016418,
        "1": 0.8115332722663879
    },
    "pair_chains_iptm": {
        "0": {
            "0": 0.9555619359016418,
            "1": 0.5010234713554382
        },
        "1": {
            "0": 0.7416720986366272,
            "1": 0.8115332722663879
        }
    }
}