{
    "confidence_score": 0.8495939373970032,
    "ptm": 0.9288421273231506,
    "iptm": 0.7905130386352539,
    "ligand_iptm": 0.7905130386352539,
    "protein_iptm": 0.0,
    "complex_plddt": 0.8643641471862793,
    "complex_iplddt": 0.6780687570571899,
    "complex_pde": 0.5444542765617371,
    "complex_ipde": 1.594760537147522,
    "chains_ptm": {
        "0": 0.967915952205658,
        "1": 0.7869819402694702
    },
    "pair_chains_iptm": {
        "0": {
            "0": 0.967915952205658,
            "1": 0.5281205773353577
        },
        "1": {
            "0": 0.7905130386352539,
            "1": 0.7869819402694702
        }
    }
}