{
    "confidence_score": 0.8001778721809387,
    "ptm": 0.9045867919921875,
    "iptm": 0.6655954122543335,
    "ligand_iptm": 0.6655954122543335,
    "protein_iptm": 0.0,
    "complex_plddt": 0.8338235020637512,
    "complex_iplddt": 0.5846527218818665,
    "complex_pde": 0.6717984080314636,
    "complex_ipde": 2.3224337100982666,
    "chains_ptm": {
        "0": 0.9646024703979492,
        "1": 0.7953848838806152
    },
    "pair_chains_iptm": {
        "0": {
            "0": 0.9646024703979492,
            "1": 0.4132891595363617
        },
        "1": {
            "0": 0.6655954122543335,
            "1": 0.7953848838806152
        }
    }
}