{
    "confidence_score": 0.8483161926269531,
    "ptm": 0.9239072799682617,
    "iptm": 0.7758541107177734,
    "ligand_iptm": 0.7758541107177734,
    "protein_iptm": 0.0,
    "complex_plddt": 0.866431713104248,
    "complex_iplddt": 0.6851040720939636,
    "complex_pde": 0.5553635358810425,
    "complex_ipde": 1.6286152601242065,
    "chains_ptm": {
        "0": 0.9633153080940247,
        "1": 0.8074923157691956
    },
    "pair_chains_iptm": {
        "0": {
            "0": 0.9633153080940247,
            "1": 0.5377398729324341
        },
        "1": {
            "0": 0.7758541107177734,
            "1": 0.8074923157691956
        }
    }
}