{
    "confidence_score": 0.8098092079162598,
    "ptm": 0.8942168354988098,
    "iptm": 0.7189070582389832,
    "ligand_iptm": 0.7189070582389832,
    "protein_iptm": 0.0,
    "complex_plddt": 0.8325347900390625,
    "complex_iplddt": 0.6438230276107788,
    "complex_pde": 0.68330317735672,
    "complex_ipde": 1.9983136653900146,
    "chains_ptm": {
        "0": 0.942742645740509,
        "1": 0.8096059560775757
    },
    "pair_chains_iptm": {
        "0": {
            "0": 0.942742645740509,
            "1": 0.42714762687683105
        },
        "1": {
            "0": 0.7189070582389832,
            "1": 0.8096059560775757
        }
    }
}