{
    "confidence_score": 0.8282155990600586,
    "ptm": 0.9044368267059326,
    "iptm": 0.7154141664505005,
    "ligand_iptm": 0.7154141664505005,
    "protein_iptm": 0.0,
    "complex_plddt": 0.8564159870147705,
    "complex_iplddt": 0.6716048121452332,
    "complex_pde": 0.6355512738227844,
    "complex_ipde": 1.9772206544876099,
    "chains_ptm": {
        "0": 0.9564456939697266,
        "1": 0.7668769955635071
    },
    "pair_chains_iptm": {
        "0": {
            "0": 0.9564456939697266,
            "1": 0.4829050898551941
        },
        "1": {
            "0": 0.7154141664505005,
            "1": 0.7668769955635071
        }
    }
}