{
    "confidence_score": 0.8473500609397888,
    "ptm": 0.9189285635948181,
    "iptm": 0.780649721622467,
    "ligand_iptm": 0.780649721622467,
    "protein_iptm": 0.0,
    "complex_plddt": 0.8640251159667969,
    "complex_iplddt": 0.6624582409858704,
    "complex_pde": 0.615676999092102,
    "complex_ipde": 1.745903491973877,
    "chains_ptm": {
        "0": 0.9586247801780701,
        "1": 0.7546572685241699
    },
    "pair_chains_iptm": {
        "0": {
            "0": 0.9586247801780701,
            "1": 0.4815601110458374
        },
        "1": {
            "0": 0.780649721622467,
            "1": 0.7546572685241699
        }
    }
}