{
    "confidence_score": 0.8204416632652283,
    "ptm": 0.8882479071617126,
    "iptm": 0.6791580319404602,
    "ligand_iptm": 0.6791580319404602,
    "protein_iptm": 0.0,
    "complex_plddt": 0.8557624816894531,
    "complex_iplddt": 0.6927058696746826,
    "complex_pde": 0.7512049674987793,
    "complex_ipde": 2.5198380947113037,
    "chains_ptm": {
        "0": 0.9418760538101196,
        "1": 0.7918341755867004
    },
    "pair_chains_iptm": {
        "0": {
            "0": 0.9418760538101196,
            "1": 0.41930457949638367
        },
        "1": {
            "0": 0.6791580319404602,
            "1": 0.7918341755867004
        }
    }
}