{
    "confidence_score": 0.7566952109336853,
    "ptm": 0.8596284985542297,
    "iptm": 0.5380443334579468,
    "ligand_iptm": 0.5380443334579468,
    "protein_iptm": 0.0,
    "complex_plddt": 0.811357855796814,
    "complex_iplddt": 0.5126093029975891,
    "complex_pde": 0.8985745906829834,
    "complex_ipde": 3.3126773834228516,
    "chains_ptm": {
        "0": 0.9415404200553894,
        "1": 0.7687100768089294
    },
    "pair_chains_iptm": {
        "0": {
            "0": 0.9415404200553894,
            "1": 0.25883257389068604
        },
        "1": {
            "0": 0.5380443334579468,
            "1": 0.7687100768089294
        }
    }
}