{
    "confidence_score": 0.8279089331626892,
    "ptm": 0.9119472503662109,
    "iptm": 0.7308377623558044,
    "ligand_iptm": 0.7308377623558044,
    "protein_iptm": 0.0,
    "complex_plddt": 0.8521767258644104,
    "complex_iplddt": 0.6539033055305481,
    "complex_pde": 0.6378858089447021,
    "complex_ipde": 2.1682658195495605,
    "chains_ptm": {
        "0": 0.9611110091209412,
        "1": 0.8281602263450623
    },
    "pair_chains_iptm": {
        "0": {
            "0": 0.9611110091209412,
            "1": 0.4623633027076721
        },
        "1": {
            "0": 0.7308377623558044,
            "1": 0.8281602263450623
        }
    }
}