{
    "confidence_score": 0.8497312664985657,
    "ptm": 0.9246723055839539,
    "iptm": 0.7642703056335449,
    "ligand_iptm": 0.7642703056335449,
    "protein_iptm": 0.0,
    "complex_plddt": 0.8710964918136597,
    "complex_iplddt": 0.6724636554718018,
    "complex_pde": 0.5733267068862915,
    "complex_ipde": 1.6303578615188599,
    "chains_ptm": {
        "0": 0.966769814491272,
        "1": 0.8287142515182495
    },
    "pair_chains_iptm": {
        "0": {
            "0": 0.966769814491272,
            "1": 0.5565287470817566
        },
        "1": {
            "0": 0.7642703056335449,
            "1": 0.8287142515182495
        }
    }
}