{
    "confidence_score": 0.873600423336029,
    "ptm": 0.9080985188484192,
    "iptm": 0.7039000391960144,
    "ligand_iptm": 0.7039000391960144,
    "protein_iptm": 0.0,
    "complex_plddt": 0.9160255193710327,
    "complex_iplddt": 0.7819250226020813,
    "complex_pde": 0.6716412901878357,
    "complex_ipde": 2.1497080326080322,
    "chains_ptm": {
        "0": 0.9618085622787476,
        "1": 0.7560747861862183
    },
    "pair_chains_iptm": {
        "0": {
            "0": 0.9618085622787476,
            "1": 0.4211065173149109
        },
        "1": {
            "0": 0.7039000391960144,
            "1": 0.7560747861862183
        }
    }
}