{
    "confidence_score": 0.8462077975273132,
    "ptm": 0.928217887878418,
    "iptm": 0.7722365856170654,
    "ligand_iptm": 0.7722365856170654,
    "protein_iptm": 0.0,
    "complex_plddt": 0.8647006154060364,
    "complex_iplddt": 0.6453403830528259,
    "complex_pde": 0.5679096579551697,
    "complex_ipde": 1.5799497365951538,
    "chains_ptm": {
        "0": 0.9696374535560608,
        "1": 0.8349244594573975
    },
    "pair_chains_iptm": {
        "0": {
            "0": 0.9696374535560608,
            "1": 0.5004344582557678
        },
        "1": {
            "0": 0.7722365856170654,
            "1": 0.8349244594573975
        }
    }
}