{
    "confidence_score": 0.7943687438964844,
    "ptm": 0.8843094110488892,
    "iptm": 0.6538606882095337,
    "ligand_iptm": 0.6538606882095337,
    "protein_iptm": 0.0,
    "complex_plddt": 0.8294957280158997,
    "complex_iplddt": 0.6288648843765259,
    "complex_pde": 0.76523756980896,
    "complex_ipde": 2.4407458305358887,
    "chains_ptm": {
        "0": 0.940896213054657,
        "1": 0.7986933588981628
    },
    "pair_chains_iptm": {
        "0": {
            "0": 0.940896213054657,
            "1": 0.4127822518348694
        },
        "1": {
            "0": 0.6538606882095337,
            "1": 0.7986933588981628
        }
    }
}