variant_id,target_nucleotide,mutations,target_confidence,target_iptm,mean_off_target_conf,mean_off_target_iptm,max_off_target_conf,specificity_ratio_conf,specificity_ratio_iptm,selectivity_conf,selectivity_iptm,combined_score,all_scores
dATP_variant_001,dATP,"A97F,K98R",0.8515996932983398,0.786784291267395,0.8402695258458456,0.746707558631897,0.864712655544281,1.0134839680649954,1.053671256132623,-0.013112962245941162,0.001811981201171875,0.8630826363669345,"{'dATP': {'confidence_score': 0.8515996932983398, 'ligand_iptm': 0.786784291267395, 'complex_plddt': 0.8678035140037537, 'is_target': True}, 'dGTP': {'confidence_score': 0.8309215903282166, 'ligand_iptm': 0.730857789516449, 'complex_plddt': 0.8559375405311584, 'is_target': False}, 'dCTP': {'confidence_score': 0.864712655544281, 'ligand_iptm': 0.7849723100662231, 'complex_plddt': 0.8846476674079895, 'is_target': False}, 'dTTP': {'confidence_score': 0.8251743316650391, 'ligand_iptm': 0.7242925763130188, 'complex_plddt': 0.8503947854042053, 'is_target': False}}"
dATP_variant_000_WT,dATP,WT,0.8153101205825806,0.6442015767097473,0.8254748781522115,0.6619518001874288,0.8569828271865845,0.9876861696961823,0.9731850212165665,-0.041672706604003906,-0.08121025562286377,0.8052705301127415,"{'dATP': {'confidence_score': 0.8153101205825806, 'ligand_iptm': 0.6442015767097473, 'complex_plddt': 0.8580871820449829, 'is_target': True}, 'dGTP': {'confidence_score': 0.8569828271865845, 'ligand_iptm': 0.7254118323326111, 'complex_plddt': 0.889875590801239, 'is_target': False}, 'dCTP': {'confidence_score': 0.8310823440551758, 'ligand_iptm': 0.6728827953338623, 'complex_plddt': 0.8706322908401489, 'is_target': False}, 'dTTP': {'confidence_score': 0.7883594632148743, 'ligand_iptm': 0.587560772895813, 'complex_plddt': 0.838559091091156, 'is_target': False}}"
