{
    "confidence_score": 0.8461933135986328,
    "ptm": 0.9137066602706909,
    "iptm": 0.7524130344390869,
    "ligand_iptm": 0.7524130344390869,
    "protein_iptm": 0.0,
    "complex_plddt": 0.8696383237838745,
    "complex_iplddt": 0.7166582942008972,
    "complex_pde": 0.6421958804130554,
    "complex_ipde": 1.8882124423980713,
    "chains_ptm": {
        "0": 0.9574954509735107,
        "1": 0.767157793045044
    },
    "pair_chains_iptm": {
        "0": {
            "0": 0.9574954509735107,
            "1": 0.46040037274360657
        },
        "1": {
            "0": 0.7524130344390869,
            "1": 0.767157793045044
        }
    }
}