{
    "confidence_score": 0.8110067248344421,
    "ptm": 0.8933337926864624,
    "iptm": 0.6711516380310059,
    "ligand_iptm": 0.6711516380310059,
    "protein_iptm": 0.0,
    "complex_plddt": 0.8459705114364624,
    "complex_iplddt": 0.6189033389091492,
    "complex_pde": 0.6870614290237427,
    "complex_ipde": 2.3382372856140137,
    "chains_ptm": {
        "0": 0.9542924165725708,
        "1": 0.7539471983909607
    },
    "pair_chains_iptm": {
        "0": {
            "0": 0.9542924165725708,
            "1": 0.45063188672065735
        },
        "1": {
            "0": 0.6711516380310059,
            "1": 0.7539471983909607
        }
    }
}