{
    "confidence_score": 0.8154943585395813,
    "ptm": 0.9118853211402893,
    "iptm": 0.71834397315979,
    "ligand_iptm": 0.71834397315979,
    "protein_iptm": 0.0,
    "complex_plddt": 0.8397819995880127,
    "complex_iplddt": 0.6078976988792419,
    "complex_pde": 0.6390955448150635,
    "complex_ipde": 1.9799484014511108,
    "chains_ptm": {
        "0": 0.9655786156654358,
        "1": 0.7539081573486328
    },
    "pair_chains_iptm": {
        "0": {
            "0": 0.9655786156654358,
            "1": 0.43403977155685425
        },
        "1": {
            "0": 0.71834397315979,
            "1": 0.7539081573486328
        }
    }
}