{
    "confidence_score": 0.8666562438011169,
    "ptm": 0.9293497800827026,
    "iptm": 0.7843981385231018,
    "ligand_iptm": 0.7843981385231018,
    "protein_iptm": 0.0,
    "complex_plddt": 0.8872207403182983,
    "complex_iplddt": 0.712835431098938,
    "complex_pde": 0.5354638695716858,
    "complex_ipde": 1.6233121156692505,
    "chains_ptm": {
        "0": 0.9683834314346313,
        "1": 0.8174430727958679
    },
    "pair_chains_iptm": {
        "0": {
            "0": 0.9683834314346313,
            "1": 0.4556742310523987
        },
        "1": {
            "0": 0.7843981385231018,
            "1": 0.8174430727958679
        }
    }
}