{
    "confidence_score": 0.8441326022148132,
    "ptm": 0.9180722832679749,
    "iptm": 0.7660560607910156,
    "ligand_iptm": 0.7660560607910156,
    "protein_iptm": 0.0,
    "complex_plddt": 0.8636517524719238,
    "complex_iplddt": 0.6790691018104553,
    "complex_pde": 0.5858073830604553,
    "complex_ipde": 1.7424064874649048,
    "chains_ptm": {
        "0": 0.9596085548400879,
        "1": 0.8046730756759644
    },
    "pair_chains_iptm": {
        "0": {
            "0": 0.9596085548400879,
            "1": 0.4489389955997467
        },
        "1": {
            "0": 0.7660560607910156,
            "1": 0.8046730756759644
        }
    }
}