{
    "confidence_score": 0.8758625984191895,
    "ptm": 0.9297785758972168,
    "iptm": 0.7966843843460083,
    "ligand_iptm": 0.7966843843460083,
    "protein_iptm": 0.0,
    "complex_plddt": 0.8956571817398071,
    "complex_iplddt": 0.7586962580680847,
    "complex_pde": 0.558332622051239,
    "complex_ipde": 1.5824038982391357,
    "chains_ptm": {
        "0": 0.9679002165794373,
        "1": 0.7823408246040344
    },
    "pair_chains_iptm": {
        "0": {
            "0": 0.9679002165794373,
            "1": 0.5122463703155518
        },
        "1": {
            "0": 0.7966843843460083,
            "1": 0.7823408246040344
        }
    }
}