{
    "confidence_score": 0.8174399733543396,
    "ptm": 0.8916441202163696,
    "iptm": 0.6476901173591614,
    "ligand_iptm": 0.6476901173591614,
    "protein_iptm": 0.0,
    "complex_plddt": 0.8598774075508118,
    "complex_iplddt": 0.6416991353034973,
    "complex_pde": 0.737007737159729,
    "complex_ipde": 2.6293318271636963,
    "chains_ptm": {
        "0": 0.9542364478111267,
        "1": 0.7927353978157043
    },
    "pair_chains_iptm": {
        "0": {
            "0": 0.9542364478111267,
            "1": 0.4034295678138733
        },
        "1": {
            "0": 0.6476901173591614,
            "1": 0.7927353978157043
        }
    }
}