{
    "confidence_score": 0.8531239628791809,
    "ptm": 0.9055213332176208,
    "iptm": 0.7016061544418335,
    "ligand_iptm": 0.7016061544418335,
    "protein_iptm": 0.0,
    "complex_plddt": 0.891003429889679,
    "complex_iplddt": 0.762270987033844,
    "complex_pde": 0.6577825546264648,
    "complex_ipde": 2.1153347492218018,
    "chains_ptm": {
        "0": 0.9603192210197449,
        "1": 0.7636641263961792
    },
    "pair_chains_iptm": {
        "0": {
            "0": 0.9603192210197449,
            "1": 0.4001900851726532
        },
        "1": {
            "0": 0.7016061544418335,
            "1": 0.7636641263961792
        }
    }
}