{
    "confidence_score": 0.8266699910163879,
    "ptm": 0.910447895526886,
    "iptm": 0.7205926179885864,
    "ligand_iptm": 0.7205926179885864,
    "protein_iptm": 0.0,
    "complex_plddt": 0.8531892895698547,
    "complex_iplddt": 0.648796796798706,
    "complex_pde": 0.6258721351623535,
    "complex_ipde": 1.943943977355957,
    "chains_ptm": {
        "0": 0.9634277820587158,
        "1": 0.7440569996833801
    },
    "pair_chains_iptm": {
        "0": {
            "0": 0.9634277820587158,
            "1": 0.4409475028514862
        },
        "1": {
            "0": 0.7205926179885864,
            "1": 0.7440569996833801
        }
    }
}