{
    "confidence_score": 0.8708683848381042,
    "ptm": 0.9554255604743958,
    "iptm": 0.8610974550247192,
    "ligand_iptm": 0.8610974550247192,
    "protein_iptm": 0.0,
    "complex_plddt": 0.8733111023902893,
    "complex_iplddt": 0.7161663770675659,
    "complex_pde": 0.4105449914932251,
    "complex_ipde": 0.9403477311134338,
    "chains_ptm": {
        "0": 0.9838724136352539,
        "1": 0.8297529816627502
    },
    "pair_chains_iptm": {
        "0": {
            "0": 0.9838724136352539,
            "1": 0.6597996950149536
        },
        "1": {
            "0": 0.8610974550247192,
            "1": 0.8297529816627502
        }
    }
}