{
    "confidence_score": 0.8750859498977661,
    "ptm": 0.9119514226913452,
    "iptm": 0.7428039908409119,
    "ligand_iptm": 0.7428039908409119,
    "protein_iptm": 0.0,
    "complex_plddt": 0.9081564545631409,
    "complex_iplddt": 0.7686305642127991,
    "complex_pde": 0.6194737553596497,
    "complex_ipde": 1.8191261291503906,
    "chains_ptm": {
        "0": 0.9592212438583374,
        "1": 0.7711813449859619
    },
    "pair_chains_iptm": {
        "0": {
            "0": 0.9592212438583374,
            "1": 0.4841573238372803
        },
        "1": {
            "0": 0.7428039908409119,
            "1": 0.7711813449859619
        }
    }
}