{
    "confidence_score": 0.8650799989700317,
    "ptm": 0.912148118019104,
    "iptm": 0.7267106771469116,
    "ligand_iptm": 0.7267106771469116,
    "protein_iptm": 0.0,
    "complex_plddt": 0.899672269821167,
    "complex_iplddt": 0.7441906929016113,
    "complex_pde": 0.6091823577880859,
    "complex_ipde": 1.702595591545105,
    "chains_ptm": {
        "0": 0.9619304537773132,
        "1": 0.8065165877342224
    },
    "pair_chains_iptm": {
        "0": {
            "0": 0.9619304537773132,
            "1": 0.4903625547885895
        },
        "1": {
            "0": 0.7267106771469116,
            "1": 0.8065165877342224
        }
    }
}