{
    "confidence_score": 0.8694397211074829,
    "ptm": 0.9203581809997559,
    "iptm": 0.7508924007415771,
    "ligand_iptm": 0.7508924007415771,
    "protein_iptm": 0.0,
    "complex_plddt": 0.899076521396637,
    "complex_iplddt": 0.7486673593521118,
    "complex_pde": 0.5996569395065308,
    "complex_ipde": 1.7842212915420532,
    "chains_ptm": {
        "0": 0.9639452695846558,
        "1": 0.8000974059104919
    },
    "pair_chains_iptm": {
        "0": {
            "0": 0.9639452695846558,
            "1": 0.48200467228889465
        },
        "1": {
            "0": 0.7508924007415771,
            "1": 0.8000974059104919
        }
    }
}