{
    "confidence_score": 0.8085571527481079,
    "ptm": 0.903656542301178,
    "iptm": 0.7170001864433289,
    "ligand_iptm": 0.7170001864433289,
    "protein_iptm": 0.0,
    "complex_plddt": 0.8314464092254639,
    "complex_iplddt": 0.5994435548782349,
    "complex_pde": 0.6439155340194702,
    "complex_ipde": 2.0879933834075928,
    "chains_ptm": {
        "0": 0.9573933482170105,
        "1": 0.7647009491920471
    },
    "pair_chains_iptm": {
        "0": {
            "0": 0.9573933482170105,
            "1": 0.4578695595264435
        },
        "1": {
            "0": 0.7170001864433289,
            "1": 0.7647009491920471
        }
    }
}