{
    "confidence_score": 0.7455183863639832,
    "ptm": 0.8548388481140137,
    "iptm": 0.4964348375797272,
    "ligand_iptm": 0.4964348375797272,
    "protein_iptm": 0.0,
    "complex_plddt": 0.8077892661094666,
    "complex_iplddt": 0.508292555809021,
    "complex_pde": 1.0189814567565918,
    "complex_ipde": 4.093686103820801,
    "chains_ptm": {
        "0": 0.9437510967254639,
        "1": 0.7481462955474854
    },
    "pair_chains_iptm": {
        "0": {
            "0": 0.9437510967254639,
            "1": 0.24626587331295013
        },
        "1": {
            "0": 0.4964348375797272,
            "1": 0.7481462955474854
        }
    }
}