{
    "confidence_score": 0.8139764070510864,
    "ptm": 0.8838573694229126,
    "iptm": 0.629697859287262,
    "ligand_iptm": 0.629697859287262,
    "protein_iptm": 0.0,
    "complex_plddt": 0.8600459694862366,
    "complex_iplddt": 0.6639143228530884,
    "complex_pde": 0.7493528723716736,
    "complex_ipde": 2.5910699367523193,
    "chains_ptm": {
        "0": 0.9513857960700989,
        "1": 0.7542139887809753
    },
    "pair_chains_iptm": {
        "0": {
            "0": 0.9513857960700989,
            "1": 0.3972472846508026
        },
        "1": {
            "0": 0.629697859287262,
            "1": 0.7542139887809753
        }
    }
}