{
    "confidence_score": 0.8254112601280212,
    "ptm": 0.9124580025672913,
    "iptm": 0.7587761878967285,
    "ligand_iptm": 0.7587761878967285,
    "protein_iptm": 0.0,
    "complex_plddt": 0.8420699238777161,
    "complex_iplddt": 0.6518057584762573,
    "complex_pde": 0.5989528298377991,
    "complex_ipde": 1.719440221786499,
    "chains_ptm": {
        "0": 0.9544738531112671,
        "1": 0.8329418301582336
    },
    "pair_chains_iptm": {
        "0": {
            "0": 0.9544738531112671,
            "1": 0.543314516544342
        },
        "1": {
            "0": 0.7587761878967285,
            "1": 0.8329418301582336
        }
    }
}