{
    "confidence_score": 0.8376001715660095,
    "ptm": 0.9065188765525818,
    "iptm": 0.7487159967422485,
    "ligand_iptm": 0.7487159967422485,
    "protein_iptm": 0.0,
    "complex_plddt": 0.8598211407661438,
    "complex_iplddt": 0.6689438223838806,
    "complex_pde": 0.6291427612304688,
    "complex_ipde": 1.8165985345840454,
    "chains_ptm": {
        "0": 0.9498065114021301,
        "1": 0.8202563524246216
    },
    "pair_chains_iptm": {
        "0": {
            "0": 0.9498065114021301,
            "1": 0.4819473922252655
        },
        "1": {
            "0": 0.7487159967422485,
            "1": 0.8202563524246216
        }
    }
}