{
    "confidence_score": 0.7860354781150818,
    "ptm": 0.8624492883682251,
    "iptm": 0.5916175246238708,
    "ligand_iptm": 0.5916175246238708,
    "protein_iptm": 0.0,
    "complex_plddt": 0.8346399068832397,
    "complex_iplddt": 0.6090474128723145,
    "complex_pde": 0.8457052707672119,
    "complex_ipde": 2.8346450328826904,
    "chains_ptm": {
        "0": 0.935275137424469,
        "1": 0.7259005904197693
    },
    "pair_chains_iptm": {
        "0": {
            "0": 0.935275137424469,
            "1": 0.3112771213054657
        },
        "1": {
            "0": 0.5916175246238708,
            "1": 0.7259005904197693
        }
    }
}