{
    "confidence_score": 0.8360822796821594,
    "ptm": 0.9135300517082214,
    "iptm": 0.7060375809669495,
    "ligand_iptm": 0.7060375809669495,
    "protein_iptm": 0.0,
    "complex_plddt": 0.8685934543609619,
    "complex_iplddt": 0.6747982501983643,
    "complex_pde": 0.6367469429969788,
    "complex_ipde": 2.1585285663604736,
    "chains_ptm": {
        "0": 0.9688065648078918,
        "1": 0.7584027647972107
    },
    "pair_chains_iptm": {
        "0": {
            "0": 0.9688065648078918,
            "1": 0.43707671761512756
        },
        "1": {
            "0": 0.7060375809669495,
            "1": 0.7584027647972107
        }
    }
}