{
    "confidence_score": 0.7950571179389954,
    "ptm": 0.8999146819114685,
    "iptm": 0.6879107356071472,
    "ligand_iptm": 0.6879107356071472,
    "protein_iptm": 0.0,
    "complex_plddt": 0.821843683719635,
    "complex_iplddt": 0.5604342222213745,
    "complex_pde": 0.6747819781303406,
    "complex_ipde": 2.1710288524627686,
    "chains_ptm": {
        "0": 0.9563623666763306,
        "1": 0.8058346509933472
    },
    "pair_chains_iptm": {
        "0": {
            "0": 0.9563623666763306,
            "1": 0.44620636105537415
        },
        "1": {
            "0": 0.6879107356071472,
            "1": 0.8058346509933472
        }
    }
}