{
    "confidence_score": 0.7982482314109802,
    "ptm": 0.8993852734565735,
    "iptm": 0.6737352609634399,
    "ligand_iptm": 0.6737352609634399,
    "protein_iptm": 0.0,
    "complex_plddt": 0.8293763995170593,
    "complex_iplddt": 0.5413209199905396,
    "complex_pde": 0.6995800137519836,
    "complex_ipde": 2.3553643226623535,
    "chains_ptm": {
        "0": 0.958309531211853,
        "1": 0.8093840479850769
    },
    "pair_chains_iptm": {
        "0": {
            "0": 0.958309531211853,
            "1": 0.3837423622608185
        },
        "1": {
            "0": 0.6737352609634399,
            "1": 0.8093840479850769
        }
    }
}