{
    "confidence_score": 0.8500276803970337,
    "ptm": 0.906200110912323,
    "iptm": 0.7552635073661804,
    "ligand_iptm": 0.7552635073661804,
    "protein_iptm": 0.0,
    "complex_plddt": 0.8737186789512634,
    "complex_iplddt": 0.6936225891113281,
    "complex_pde": 0.6545538306236267,
    "complex_ipde": 1.9216594696044922,
    "chains_ptm": {
        "0": 0.9498204588890076,
        "1": 0.7817673683166504
    },
    "pair_chains_iptm": {
        "0": {
            "0": 0.9498204588890076,
            "1": 0.489891916513443
        },
        "1": {
            "0": 0.7552635073661804,
            "1": 0.7817673683166504
        }
    }
}