{
    "confidence_score": 0.8305420279502869,
    "ptm": 0.8884263634681702,
    "iptm": 0.6459488868713379,
    "ligand_iptm": 0.6459488868713379,
    "protein_iptm": 0.0,
    "complex_plddt": 0.8766902089118958,
    "complex_iplddt": 0.6961826682090759,
    "complex_pde": 0.7581698894500732,
    "complex_ipde": 2.653092384338379,
    "chains_ptm": {
        "0": 0.9559744000434875,
        "1": 0.7759906649589539
    },
    "pair_chains_iptm": {
        "0": {
            "0": 0.9559744000434875,
            "1": 0.37746748328208923
        },
        "1": {
            "0": 0.6459488868713379,
            "1": 0.7759906649589539
        }
    }
}