{
    "confidence_score": 0.8048591017723083,
    "ptm": 0.879379391670227,
    "iptm": 0.6549375057220459,
    "ligand_iptm": 0.6549375057220459,
    "protein_iptm": 0.0,
    "complex_plddt": 0.8423394560813904,
    "complex_iplddt": 0.6282356381416321,
    "complex_pde": 0.7480300068855286,
    "complex_ipde": 2.579240560531616,
    "chains_ptm": {
        "0": 0.9393926858901978,
        "1": 0.7945572733879089
    },
    "pair_chains_iptm": {
        "0": {
            "0": 0.9393926858901978,
            "1": 0.4216313362121582
        },
        "1": {
            "0": 0.6549375057220459,
            "1": 0.7945572733879089
        }
    }
}