{
    "confidence_score": 0.8413899540901184,
    "ptm": 0.9125429391860962,
    "iptm": 0.7462723851203918,
    "ligand_iptm": 0.7462723851203918,
    "protein_iptm": 0.0,
    "complex_plddt": 0.8651692867279053,
    "complex_iplddt": 0.6876178979873657,
    "complex_pde": 0.6211574077606201,
    "complex_ipde": 1.992998719215393,
    "chains_ptm": {
        "0": 0.9561784863471985,
        "1": 0.8157983422279358
    },
    "pair_chains_iptm": {
        "0": {
            "0": 0.9561784863471985,
            "1": 0.4633578062057495
        },
        "1": {
            "0": 0.7462723851203918,
            "1": 0.8157983422279358
        }
    }
}