{
    "confidence_score": 0.8285666704177856,
    "ptm": 0.9174087643623352,
    "iptm": 0.7476615905761719,
    "ligand_iptm": 0.7476615905761719,
    "protein_iptm": 0.0,
    "complex_plddt": 0.8487929105758667,
    "complex_iplddt": 0.627910852432251,
    "complex_pde": 0.6179757714271545,
    "complex_ipde": 1.9193228483200073,
    "chains_ptm": {
        "0": 0.9645801782608032,
        "1": 0.8226343989372253
    },
    "pair_chains_iptm": {
        "0": {
            "0": 0.9645801782608032,
            "1": 0.5064224004745483
        },
        "1": {
            "0": 0.7476615905761719,
            "1": 0.8226343989372253
        }
    }
}