{
    "confidence_score": 0.8297013640403748,
    "ptm": 0.8891965746879578,
    "iptm": 0.6645351052284241,
    "ligand_iptm": 0.6645351052284241,
    "protein_iptm": 0.0,
    "complex_plddt": 0.87099289894104,
    "complex_iplddt": 0.6942947506904602,
    "complex_pde": 0.7310742139816284,
    "complex_ipde": 2.3276710510253906,
    "chains_ptm": {
        "0": 0.9495311975479126,
        "1": 0.7478748559951782
    },
    "pair_chains_iptm": {
        "0": {
            "0": 0.9495311975479126,
            "1": 0.3813789188861847
        },
        "1": {
            "0": 0.6645351052284241,
            "1": 0.7478748559951782
        }
    }
}