{
    "confidence_score": 0.8599418997764587,
    "ptm": 0.9333934783935547,
    "iptm": 0.7972322106361389,
    "ligand_iptm": 0.7972322106361389,
    "protein_iptm": 0.0,
    "complex_plddt": 0.8756192922592163,
    "complex_iplddt": 0.6746758818626404,
    "complex_pde": 0.5298438668251038,
    "complex_ipde": 1.50514554977417,
    "chains_ptm": {
        "0": 0.9698291420936584,
        "1": 0.8313881158828735
    },
    "pair_chains_iptm": {
        "0": {
            "0": 0.9698291420936584,
            "1": 0.5349534153938293
        },
        "1": {
            "0": 0.7972322106361389,
            "1": 0.8313881158828735
        }
    }
}