{
    "confidence_score": 0.807105541229248,
    "ptm": 0.8804370760917664,
    "iptm": 0.6350974440574646,
    "ligand_iptm": 0.6350974440574646,
    "protein_iptm": 0.0,
    "complex_plddt": 0.8501076102256775,
    "complex_iplddt": 0.6499347686767578,
    "complex_pde": 0.7452712059020996,
    "complex_ipde": 2.6463356018066406,
    "chains_ptm": {
        "0": 0.9485642910003662,
        "1": 0.7280405759811401
    },
    "pair_chains_iptm": {
        "0": {
            "0": 0.9485642910003662,
            "1": 0.3877280652523041
        },
        "1": {
            "0": 0.6350974440574646,
            "1": 0.7280405759811401
        }
    }
}