{
    "confidence_score": 0.8768138885498047,
    "ptm": 0.922467052936554,
    "iptm": 0.8287608623504639,
    "ligand_iptm": 0.8287608623504639,
    "protein_iptm": 0.0,
    "complex_plddt": 0.8888271450996399,
    "complex_iplddt": 0.8098254203796387,
    "complex_pde": 0.5501943230628967,
    "complex_ipde": 1.543040156364441,
    "chains_ptm": {
        "0": 0.9486827254295349,
        "1": 0.8266450762748718
    },
    "pair_chains_iptm": {
        "0": {
            "0": 0.9486827254295349,
            "1": 0.49653446674346924
        },
        "1": {
            "0": 0.8287608623504639,
            "1": 0.8266450762748718
        }
    }
}