{
    "confidence_score": 0.8450983166694641,
    "ptm": 0.9056360125541687,
    "iptm": 0.731793999671936,
    "ligand_iptm": 0.731793999671936,
    "protein_iptm": 0.0,
    "complex_plddt": 0.8734244108200073,
    "complex_iplddt": 0.7413910627365112,
    "complex_pde": 0.6439633369445801,
    "complex_ipde": 2.116697072982788,
    "chains_ptm": {
        "0": 0.9553651809692383,
        "1": 0.7595705986022949
    },
    "pair_chains_iptm": {
        "0": {
            "0": 0.9553651809692383,
            "1": 0.39912715554237366
        },
        "1": {
            "0": 0.731793999671936,
            "1": 0.7595705986022949
        }
    }
}