{
    "confidence_score": 0.9280995726585388,
    "ptm": 0.9621526598930359,
    "iptm": 0.9029609560966492,
    "ligand_iptm": 0.9029609560966492,
    "protein_iptm": 0.0,
    "complex_plddt": 0.9343841671943665,
    "complex_iplddt": 0.8702699542045593,
    "complex_pde": 0.40280961990356445,
    "complex_ipde": 0.9015349745750427,
    "chains_ptm": {
        "0": 0.978471040725708,
        "1": 0.8437671661376953
    },
    "pair_chains_iptm": {
        "0": {
            "0": 0.978471040725708,
            "1": 0.6712131500244141
        },
        "1": {
            "0": 0.9029609560966492,
            "1": 0.8437671661376953
        }
    }
}