{
    "confidence_score": 0.8338418006896973,
    "ptm": 0.8936705589294434,
    "iptm": 0.6531106233596802,
    "ligand_iptm": 0.6531106233596802,
    "protein_iptm": 0.0,
    "complex_plddt": 0.8790246248245239,
    "complex_iplddt": 0.6911296844482422,
    "complex_pde": 0.7084541916847229,
    "complex_ipde": 2.399534225463867,
    "chains_ptm": {
        "0": 0.9595769047737122,
        "1": 0.7520726323127747
    },
    "pair_chains_iptm": {
        "0": {
            "0": 0.9595769047737122,
            "1": 0.3948395550251007
        },
        "1": {
            "0": 0.6531106233596802,
            "1": 0.7520726323127747
        }
    }
}