{
    "confidence_score": 0.8083389401435852,
    "ptm": 0.921343207359314,
    "iptm": 0.7502322196960449,
    "ligand_iptm": 0.7502322196960449,
    "protein_iptm": 0.0,
    "complex_plddt": 0.8228656053543091,
    "complex_iplddt": 0.5332090854644775,
    "complex_pde": 0.5552217960357666,
    "complex_ipde": 1.6623449325561523,
    "chains_ptm": {
        "0": 0.9660183787345886,
        "1": 0.8196330666542053
    },
    "pair_chains_iptm": {
        "0": {
            "0": 0.9660183787345886,
            "1": 0.4242978096008301
        },
        "1": {
            "0": 0.7502322196960449,
            "1": 0.8196330666542053
        }
    }
}