{
    "confidence_score": 0.8859604001045227,
    "ptm": 0.9337078332901001,
    "iptm": 0.7984644770622253,
    "ligand_iptm": 0.7984644770622253,
    "protein_iptm": 0.0,
    "complex_plddt": 0.9078344106674194,
    "complex_iplddt": 0.7981085181236267,
    "complex_pde": 0.5330929160118103,
    "complex_ipde": 1.5296924114227295,
    "chains_ptm": {
        "0": 0.9711245894432068,
        "1": 0.7901870608329773
    },
    "pair_chains_iptm": {
        "0": {
            "0": 0.9711245894432068,
            "1": 0.49817585945129395
        },
        "1": {
            "0": 0.7984644770622253,
            "1": 0.7901870608329773
        }
    }
}