{
    "confidence_score": 0.8827183842658997,
    "ptm": 0.9408143758773804,
    "iptm": 0.8326221108436584,
    "ligand_iptm": 0.8326221108436584,
    "protein_iptm": 0.0,
    "complex_plddt": 0.89524245262146,
    "complex_iplddt": 0.7522867918014526,
    "complex_pde": 0.4887692928314209,
    "complex_ipde": 1.2901508808135986,
    "chains_ptm": {
        "0": 0.9716264009475708,
        "1": 0.8135836720466614
    },
    "pair_chains_iptm": {
        "0": {
            "0": 0.9716264009475708,
            "1": 0.6018994450569153
        },
        "1": {
            "0": 0.8326221108436584,
            "1": 0.8135836720466614
        }
    }
}