{
    "confidence_score": 0.8191816210746765,
    "ptm": 0.9058522582054138,
    "iptm": 0.7088425159454346,
    "ligand_iptm": 0.7088425159454346,
    "protein_iptm": 0.0,
    "complex_plddt": 0.846766471862793,
    "complex_iplddt": 0.5988378524780273,
    "complex_pde": 0.6049250960350037,
    "complex_ipde": 1.8135299682617188,
    "chains_ptm": {
        "0": 0.9595193862915039,
        "1": 0.7596914768218994
    },
    "pair_chains_iptm": {
        "0": {
            "0": 0.9595193862915039,
            "1": 0.3104223906993866
        },
        "1": {
            "0": 0.7088425159454346,
            "1": 0.7596914768218994
        }
    }
}