{
    "confidence_score": 0.8530821800231934,
    "ptm": 0.9432091116905212,
    "iptm": 0.8372148871421814,
    "ligand_iptm": 0.8372148871421814,
    "protein_iptm": 0.0,
    "complex_plddt": 0.8570489883422852,
    "complex_iplddt": 0.6278814673423767,
    "complex_pde": 0.4484797418117523,
    "complex_ipde": 1.0458009243011475,
    "chains_ptm": {
        "0": 0.9720653891563416,
        "1": 0.8119759559631348
    },
    "pair_chains_iptm": {
        "0": {
            "0": 0.9720653891563416,
            "1": 0.48745986819267273
        },
        "1": {
            "0": 0.8372148871421814,
            "1": 0.8119759559631348
        }
    }
}