{
    "confidence_score": 0.8848792314529419,
    "ptm": 0.9397889971733093,
    "iptm": 0.8259859085083008,
    "ligand_iptm": 0.8259859085083008,
    "protein_iptm": 0.0,
    "complex_plddt": 0.8996025323867798,
    "complex_iplddt": 0.7638721466064453,
    "complex_pde": 0.5026713609695435,
    "complex_ipde": 1.389322280883789,
    "chains_ptm": {
        "0": 0.9734583497047424,
        "1": 0.8096482157707214
    },
    "pair_chains_iptm": {
        "0": {
            "0": 0.9734583497047424,
            "1": 0.5755362510681152
        },
        "1": {
            "0": 0.8259859085083008,
            "1": 0.8096482157707214
        }
    }
}