{
    "confidence_score": 0.8203666806221008,
    "ptm": 0.9358484745025635,
    "iptm": 0.8105153441429138,
    "ligand_iptm": 0.8105153441429138,
    "protein_iptm": 0.0,
    "complex_plddt": 0.82282954454422,
    "complex_iplddt": 0.5740509033203125,
    "complex_pde": 0.49941486120224,
    "complex_ipde": 1.3971461057662964,
    "chains_ptm": {
        "0": 0.970744788646698,
        "1": 0.8494560718536377
    },
    "pair_chains_iptm": {
        "0": {
            "0": 0.970744788646698,
            "1": 0.6133440136909485
        },
        "1": {
            "0": 0.8105153441429138,
            "1": 0.8494560718536377
        }
    }
}