{
    "confidence_score": 0.8433278203010559,
    "ptm": 0.9190735220909119,
    "iptm": 0.7649410963058472,
    "ligand_iptm": 0.7649410963058472,
    "protein_iptm": 0.0,
    "complex_plddt": 0.8629244565963745,
    "complex_iplddt": 0.6765955686569214,
    "complex_pde": 0.5899399518966675,
    "complex_ipde": 1.635815143585205,
    "chains_ptm": {
        "0": 0.9629627466201782,
        "1": 0.793671727180481
    },
    "pair_chains_iptm": {
        "0": {
            "0": 0.9629627466201782,
            "1": 0.5041413307189941
        },
        "1": {
            "0": 0.7649410963058472,
            "1": 0.793671727180481
        }
    }
}