{
    "confidence_score": 0.8224443793296814,
    "ptm": 0.9000594615936279,
    "iptm": 0.6812924742698669,
    "ligand_iptm": 0.6812924742698669,
    "protein_iptm": 0.0,
    "complex_plddt": 0.8577322959899902,
    "complex_iplddt": 0.6433894634246826,
    "complex_pde": 0.691324770450592,
    "complex_ipde": 2.2802350521087646,
    "chains_ptm": {
        "0": 0.9606247544288635,
        "1": 0.7507243156433105
    },
    "pair_chains_iptm": {
        "0": {
            "0": 0.9606247544288635,
            "1": 0.4078812003135681
        },
        "1": {
            "0": 0.6812924742698669,
            "1": 0.7507243156433105
        }
    }
}