{
    "confidence_score": 0.8101770281791687,
    "ptm": 0.9010322093963623,
    "iptm": 0.7137253880500793,
    "ligand_iptm": 0.7137253880500793,
    "protein_iptm": 0.0,
    "complex_plddt": 0.8342899680137634,
    "complex_iplddt": 0.6544751524925232,
    "complex_pde": 0.6785218119621277,
    "complex_ipde": 2.0912182331085205,
    "chains_ptm": {
        "0": 0.9503993988037109,
        "1": 0.7701687216758728
    },
    "pair_chains_iptm": {
        "0": {
            "0": 0.9503993988037109,
            "1": 0.39371928572654724
        },
        "1": {
            "0": 0.7137253880500793,
            "1": 0.7701687216758728
        }
    }
}