{
    "confidence_score": 0.8858049511909485,
    "ptm": 0.9320254921913147,
    "iptm": 0.8552752733230591,
    "ligand_iptm": 0.8552752733230591,
    "protein_iptm": 0.0,
    "complex_plddt": 0.8934373259544373,
    "complex_iplddt": 0.8017321228981018,
    "complex_pde": 0.5418071746826172,
    "complex_ipde": 1.4482425451278687,
    "chains_ptm": {
        "0": 0.9543043971061707,
        "1": 0.8395493030548096
    },
    "pair_chains_iptm": {
        "0": {
            "0": 0.9543043971061707,
            "1": 0.5471470355987549
        },
        "1": {
            "0": 0.8552752733230591,
            "1": 0.8395493030548096
        }
    }
}