{
    "confidence_score": 0.7710572481155396,
    "ptm": 0.8719131350517273,
    "iptm": 0.5956417918205261,
    "ligand_iptm": 0.5956417918205261,
    "protein_iptm": 0.0,
    "complex_plddt": 0.8149110674858093,
    "complex_iplddt": 0.5615023970603943,
    "complex_pde": 0.8052531480789185,
    "complex_ipde": 2.9689533710479736,
    "chains_ptm": {
        "0": 0.948453962802887,
        "1": 0.7488091588020325
    },
    "pair_chains_iptm": {
        "0": {
            "0": 0.948453962802887,
            "1": 0.3627138137817383
        },
        "1": {
            "0": 0.5956417918205261,
            "1": 0.7488091588020325
        }
    }
}