{
    "confidence_score": 0.8684197664260864,
    "ptm": 0.9233778715133667,
    "iptm": 0.7706857323646545,
    "ligand_iptm": 0.7706857323646545,
    "protein_iptm": 0.0,
    "complex_plddt": 0.8928532004356384,
    "complex_iplddt": 0.7607304453849792,
    "complex_pde": 0.5751370191574097,
    "complex_ipde": 1.5657469034194946,
    "chains_ptm": {
        "0": 0.9621850252151489,
        "1": 0.818459153175354
    },
    "pair_chains_iptm": {
        "0": {
            "0": 0.9621850252151489,
            "1": 0.5688420534133911
        },
        "1": {
            "0": 0.7706857323646545,
            "1": 0.818459153175354
        }
    }
}