{
    "confidence_score": 0.9059581160545349,
    "ptm": 0.9233149290084839,
    "iptm": 0.7932316064834595,
    "ligand_iptm": 0.7932316064834595,
    "protein_iptm": 0.0,
    "complex_plddt": 0.9341397285461426,
    "complex_iplddt": 0.8724198937416077,
    "complex_pde": 0.5699421763420105,
    "complex_ipde": 1.6807018518447876,
    "chains_ptm": {
        "0": 0.9610127806663513,
        "1": 0.787902295589447
    },
    "pair_chains_iptm": {
        "0": {
            "0": 0.9610127806663513,
            "1": 0.5479899644851685
        },
        "1": {
            "0": 0.7932316064834595,
            "1": 0.787902295589447
        }
    }
}