{
    "confidence_score": 0.8444772958755493,
    "ptm": 0.9347331523895264,
    "iptm": 0.7672470808029175,
    "ligand_iptm": 0.7672470808029175,
    "protein_iptm": 0.0,
    "complex_plddt": 0.8637847900390625,
    "complex_iplddt": 0.6426753401756287,
    "complex_pde": 0.51543790102005,
    "complex_ipde": 1.403559923171997,
    "chains_ptm": {
        "0": 0.9743582606315613,
        "1": 0.8178377151489258
    },
    "pair_chains_iptm": {
        "0": {
            "0": 0.9743582606315613,
            "1": 0.5307592749595642
        },
        "1": {
            "0": 0.7672470808029175,
            "1": 0.8178377151489258
        }
    }
}