{
    "confidence_score": 0.8797289133071899,
    "ptm": 0.9321866035461426,
    "iptm": 0.805639922618866,
    "ligand_iptm": 0.805639922618866,
    "protein_iptm": 0.0,
    "complex_plddt": 0.8982511758804321,
    "complex_iplddt": 0.7602365016937256,
    "complex_pde": 0.517659068107605,
    "complex_ipde": 1.3829091787338257,
    "chains_ptm": {
        "0": 0.9674926400184631,
        "1": 0.7880894541740417
    },
    "pair_chains_iptm": {
        "0": {
            "0": 0.9674926400184631,
            "1": 0.5739957094192505
        },
        "1": {
            "0": 0.805639922618866,
            "1": 0.7880894541740417
        }
    }
}