{
    "confidence_score": 0.8271347880363464,
    "ptm": 0.883996307849884,
    "iptm": 0.6682252287864685,
    "ligand_iptm": 0.6682252287864685,
    "protein_iptm": 0.0,
    "complex_plddt": 0.8668621778488159,
    "complex_iplddt": 0.6677328944206238,
    "complex_pde": 0.7758773565292358,
    "complex_ipde": 2.6295557022094727,
    "chains_ptm": {
        "0": 0.9430685043334961,
        "1": 0.8082084655761719
    },
    "pair_chains_iptm": {
        "0": {
            "0": 0.9430685043334961,
            "1": 0.40888461470603943
        },
        "1": {
            "0": 0.6682252287864685,
            "1": 0.8082084655761719
        }
    }
}