{
    "confidence_score": 0.9073085188865662,
    "ptm": 0.9152024984359741,
    "iptm": 0.750954270362854,
    "ligand_iptm": 0.750954270362854,
    "protein_iptm": 0.0,
    "complex_plddt": 0.946397066116333,
    "complex_iplddt": 0.8789615035057068,
    "complex_pde": 0.6009100675582886,
    "complex_ipde": 1.859970211982727,
    "chains_ptm": {
        "0": 0.9635785222053528,
        "1": 0.7721899747848511
    },
    "pair_chains_iptm": {
        "0": {
            "0": 0.9635785222053528,
            "1": 0.4750118851661682
        },
        "1": {
            "0": 0.750954270362854,
            "1": 0.7721899747848511
        }
    }
}