{
    "confidence_score": 0.845806896686554,
    "ptm": 0.8986330628395081,
    "iptm": 0.685140073299408,
    "ligand_iptm": 0.685140073299408,
    "protein_iptm": 0.0,
    "complex_plddt": 0.8859735727310181,
    "complex_iplddt": 0.722663938999176,
    "complex_pde": 0.6828913688659668,
    "complex_ipde": 2.2499735355377197,
    "chains_ptm": {
        "0": 0.9571226239204407,
        "1": 0.769403874874115
    },
    "pair_chains_iptm": {
        "0": {
            "0": 0.9571226239204407,
            "1": 0.39548200368881226
        },
        "1": {
            "0": 0.685140073299408,
            "1": 0.769403874874115
        }
    }
}