{
    "confidence_score": 0.8848364949226379,
    "ptm": 0.9531509280204773,
    "iptm": 0.8532705307006836,
    "ligand_iptm": 0.8532705307006836,
    "protein_iptm": 0.0,
    "complex_plddt": 0.8927279710769653,
    "complex_iplddt": 0.7704287767410278,
    "complex_pde": 0.41610562801361084,
    "complex_ipde": 0.9080776572227478,
    "chains_ptm": {
        "0": 0.9803411960601807,
        "1": 0.8492502570152283
    },
    "pair_chains_iptm": {
        "0": {
            "0": 0.9803411960601807,
            "1": 0.6489049792289734
        },
        "1": {
            "0": 0.8532705307006836,
            "1": 0.8492502570152283
        }
    }
}