{
    "confidence_score": 0.8446834683418274,
    "ptm": 0.9070373773574829,
    "iptm": 0.7169634699821472,
    "ligand_iptm": 0.7169634699821472,
    "protein_iptm": 0.0,
    "complex_plddt": 0.8766134977340698,
    "complex_iplddt": 0.7330113649368286,
    "complex_pde": 0.6555670499801636,
    "complex_ipde": 2.1528193950653076,
    "chains_ptm": {
        "0": 0.959318220615387,
        "1": 0.7684592008590698
    },
    "pair_chains_iptm": {
        "0": {
            "0": 0.959318220615387,
            "1": 0.4119247496128082
        },
        "1": {
            "0": 0.7169634699821472,
            "1": 0.7684592008590698
        }
    }
}