{
    "confidence_score": 0.8403971791267395,
    "ptm": 0.9198477268218994,
    "iptm": 0.766624391078949,
    "ligand_iptm": 0.766624391078949,
    "protein_iptm": 0.0,
    "complex_plddt": 0.8588403463363647,
    "complex_iplddt": 0.6653658151626587,
    "complex_pde": 0.5896146297454834,
    "complex_ipde": 1.5681744813919067,
    "chains_ptm": {
        "0": 0.962240993976593,
        "1": 0.8146800398826599
    },
    "pair_chains_iptm": {
        "0": {
            "0": 0.962240993976593,
            "1": 0.5411661863327026
        },
        "1": {
            "0": 0.766624391078949,
            "1": 0.8146800398826599
        }
    }
}