{
    "confidence_score": 0.8212985396385193,
    "ptm": 0.8870992064476013,
    "iptm": 0.6667572855949402,
    "ligand_iptm": 0.6667572855949402,
    "protein_iptm": 0.0,
    "complex_plddt": 0.8599338531494141,
    "complex_iplddt": 0.650855541229248,
    "complex_pde": 0.7562033534049988,
    "complex_ipde": 2.6318466663360596,
    "chains_ptm": {
        "0": 0.9465334415435791,
        "1": 0.8013150691986084
    },
    "pair_chains_iptm": {
        "0": {
            "0": 0.9465334415435791,
            "1": 0.40637776255607605
        },
        "1": {
            "0": 0.6667572855949402,
            "1": 0.8013150691986084
        }
    }
}