{
    "confidence_score": 0.8697790503501892,
    "ptm": 0.9270152449607849,
    "iptm": 0.7654179334640503,
    "ligand_iptm": 0.7654179334640503,
    "protein_iptm": 0.0,
    "complex_plddt": 0.8958693146705627,
    "complex_iplddt": 0.7484572529792786,
    "complex_pde": 0.5834178924560547,
    "complex_ipde": 1.815438151359558,
    "chains_ptm": {
        "0": 0.9695572853088379,
        "1": 0.8128991723060608
    },
    "pair_chains_iptm": {
        "0": {
            "0": 0.9695572853088379,
            "1": 0.5254016518592834
        },
        "1": {
            "0": 0.7654179334640503,
            "1": 0.8128991723060608
        }
    }
}