{
    "confidence_score": 0.8367065787315369,
    "ptm": 0.9312626719474792,
    "iptm": 0.8083153367042542,
    "ligand_iptm": 0.8083153367042542,
    "protein_iptm": 0.0,
    "complex_plddt": 0.8438042998313904,
    "complex_iplddt": 0.6391491889953613,
    "complex_pde": 0.5192936062812805,
    "complex_ipde": 1.3633394241333008,
    "chains_ptm": {
        "0": 0.9648708701133728,
        "1": 0.8279799818992615
    },
    "pair_chains_iptm": {
        "0": {
            "0": 0.9648708701133728,
            "1": 0.5150707960128784
        },
        "1": {
            "0": 0.8083153367042542,
            "1": 0.8279799818992615
        }
    }
}