{
    "confidence_score": 0.8584680557250977,
    "ptm": 0.9191921949386597,
    "iptm": 0.7551221251487732,
    "ligand_iptm": 0.7551221251487732,
    "protein_iptm": 0.0,
    "complex_plddt": 0.8843045830726624,
    "complex_iplddt": 0.7299110889434814,
    "complex_pde": 0.5841125845909119,
    "complex_ipde": 1.652574062347412,
    "chains_ptm": {
        "0": 0.9621335864067078,
        "1": 0.814320981502533
    },
    "pair_chains_iptm": {
        "0": {
            "0": 0.9621335864067078,
            "1": 0.4988589286804199
        },
        "1": {
            "0": 0.7551221251487732,
            "1": 0.814320981502533
        }
    }
}