{
    "confidence_score": 0.8740734457969666,
    "ptm": 0.9314358830451965,
    "iptm": 0.7879911065101624,
    "ligand_iptm": 0.7879911065101624,
    "protein_iptm": 0.0,
    "complex_plddt": 0.8955940008163452,
    "complex_iplddt": 0.7506906986236572,
    "complex_pde": 0.522545576095581,
    "complex_ipde": 1.4222750663757324,
    "chains_ptm": {
        "0": 0.9695861339569092,
        "1": 0.8345194458961487
    },
    "pair_chains_iptm": {
        "0": {
            "0": 0.9695861339569092,
            "1": 0.5813191533088684
        },
        "1": {
            "0": 0.7879911065101624,
            "1": 0.8345194458961487
        }
    }
}