{
    "confidence_score": 0.8332357406616211,
    "ptm": 0.9343382716178894,
    "iptm": 0.7956523895263672,
    "ligand_iptm": 0.7956523895263672,
    "protein_iptm": 0.0,
    "complex_plddt": 0.8426315784454346,
    "complex_iplddt": 0.6032235026359558,
    "complex_pde": 0.5369715690612793,
    "complex_ipde": 1.507301688194275,
    "chains_ptm": {
        "0": 0.9711746573448181,
        "1": 0.8281463980674744
    },
    "pair_chains_iptm": {
        "0": {
            "0": 0.9711746573448181,
            "1": 0.5911924242973328
        },
        "1": {
            "0": 0.7956523895263672,
            "1": 0.8281463980674744
        }
    }
}