{
    "confidence_score": 0.822638988494873,
    "ptm": 0.9032915234565735,
    "iptm": 0.7164438366889954,
    "ligand_iptm": 0.7164438366889954,
    "protein_iptm": 0.0,
    "complex_plddt": 0.8491877317428589,
    "complex_iplddt": 0.6491769552230835,
    "complex_pde": 0.6385229229927063,
    "complex_ipde": 2.0506293773651123,
    "chains_ptm": {
        "0": 0.9567857384681702,
        "1": 0.7752394080162048
    },
    "pair_chains_iptm": {
        "0": {
            "0": 0.9567857384681702,
            "1": 0.5183978080749512
        },
        "1": {
            "0": 0.7164438366889954,
            "1": 0.7752394080162048
        }
    }
}