{
    "confidence_score": 0.8448451161384583,
    "ptm": 0.9179900288581848,
    "iptm": 0.7628848552703857,
    "ligand_iptm": 0.7628848552703857,
    "protein_iptm": 0.0,
    "complex_plddt": 0.8653351664543152,
    "complex_iplddt": 0.6711050271987915,
    "complex_pde": 0.6164717674255371,
    "complex_ipde": 1.9136613607406616,
    "chains_ptm": {
        "0": 0.9607490301132202,
        "1": 0.830913782119751
    },
    "pair_chains_iptm": {
        "0": {
            "0": 0.9607490301132202,
            "1": 0.5047240257263184
        },
        "1": {
            "0": 0.7628848552703857,
            "1": 0.830913782119751
        }
    }
}