{
    "confidence_score": 0.8521758913993835,
    "ptm": 0.9223304390907288,
    "iptm": 0.7621870636940002,
    "ligand_iptm": 0.7621870636940002,
    "protein_iptm": 0.0,
    "complex_plddt": 0.874673068523407,
    "complex_iplddt": 0.6904094219207764,
    "complex_pde": 0.5750532150268555,
    "complex_ipde": 1.6210660934448242,
    "chains_ptm": {
        "0": 0.9661253094673157,
        "1": 0.7742224335670471
    },
    "pair_chains_iptm": {
        "0": {
            "0": 0.9661253094673157,
            "1": 0.5041016340255737
        },
        "1": {
            "0": 0.7621870636940002,
            "1": 0.7742224335670471
        }
    }
}