{
    "confidence_score": 0.7804248929023743,
    "ptm": 0.8855665922164917,
    "iptm": 0.6268514394760132,
    "ligand_iptm": 0.6268514394760132,
    "protein_iptm": 0.0,
    "complex_plddt": 0.818818211555481,
    "complex_iplddt": 0.5746658444404602,
    "complex_pde": 0.7988079190254211,
    "complex_ipde": 2.6455254554748535,
    "chains_ptm": {
        "0": 0.9530371427536011,
        "1": 0.7846307754516602
    },
    "pair_chains_iptm": {
        "0": {
            "0": 0.9530371427536011,
            "1": 0.381074994802475
        },
        "1": {
            "0": 0.6268514394760132,
            "1": 0.7846307754516602
        }
    }
}