{
    "confidence_score": 0.8632509112358093,
    "ptm": 0.9005820155143738,
    "iptm": 0.6656110286712646,
    "ligand_iptm": 0.6656110286712646,
    "protein_iptm": 0.0,
    "complex_plddt": 0.9126609563827515,
    "complex_iplddt": 0.7615408301353455,
    "complex_pde": 0.7074292302131653,
    "complex_ipde": 2.4558730125427246,
    "chains_ptm": {
        "0": 0.9598710536956787,
        "1": 0.7919401526451111
    },
    "pair_chains_iptm": {
        "0": {
            "0": 0.9598710536956787,
            "1": 0.4071686565876007
        },
        "1": {
            "0": 0.6656110286712646,
            "1": 0.7919401526451111
        }
    }
}