{
    "confidence_score": 0.8423019647598267,
    "ptm": 0.9087021350860596,
    "iptm": 0.7363413572311401,
    "ligand_iptm": 0.7363413572311401,
    "protein_iptm": 0.0,
    "complex_plddt": 0.8687921166419983,
    "complex_iplddt": 0.6824375987052917,
    "complex_pde": 0.6539010405540466,
    "complex_ipde": 2.0238404273986816,
    "chains_ptm": {
        "0": 0.9566823840141296,
        "1": 0.774395763874054
    },
    "pair_chains_iptm": {
        "0": {
            "0": 0.9566823840141296,
            "1": 0.4813092052936554
        },
        "1": {
            "0": 0.7363413572311401,
            "1": 0.774395763874054
        }
    }
}