{
    "confidence_score": 0.7915283441543579,
    "ptm": 0.9077638387680054,
    "iptm": 0.7499333620071411,
    "ligand_iptm": 0.7499333620071411,
    "protein_iptm": 0.0,
    "complex_plddt": 0.8019270300865173,
    "complex_iplddt": 0.5716044902801514,
    "complex_pde": 0.7224441170692444,
    "complex_ipde": 1.9034959077835083,
    "chains_ptm": {
        "0": 0.9521262645721436,
        "1": 0.7643085718154907
    },
    "pair_chains_iptm": {
        "0": {
            "0": 0.9521262645721436,
            "1": 0.43818801641464233
        },
        "1": {
            "0": 0.7499333620071411,
            "1": 0.7643085718154907
        }
    }
}