{
    "confidence_score": 0.792125940322876,
    "ptm": 0.8912192583084106,
    "iptm": 0.6614763736724854,
    "ligand_iptm": 0.6614763736724854,
    "protein_iptm": 0.0,
    "complex_plddt": 0.8247883319854736,
    "complex_iplddt": 0.5805923342704773,
    "complex_pde": 0.7844967842102051,
    "complex_ipde": 2.723482370376587,
    "chains_ptm": {
        "0": 0.9500477313995361,
        "1": 0.7764648199081421
    },
    "pair_chains_iptm": {
        "0": {
            "0": 0.9500477313995361,
            "1": 0.36937594413757324
        },
        "1": {
            "0": 0.6614763736724854,
            "1": 0.7764648199081421
        }
    }
}