{
    "confidence_score": 0.7887308597564697,
    "ptm": 0.8986400365829468,
    "iptm": 0.6817629337310791,
    "ligand_iptm": 0.6817629337310791,
    "protein_iptm": 0.0,
    "complex_plddt": 0.8154728412628174,
    "complex_iplddt": 0.5645492076873779,
    "complex_pde": 0.6848235726356506,
    "complex_ipde": 2.325167179107666,
    "chains_ptm": {
        "0": 0.9573975205421448,
        "1": 0.7606293559074402
    },
    "pair_chains_iptm": {
        "0": {
            "0": 0.9573975205421448,
            "1": 0.3599662184715271
        },
        "1": {
            "0": 0.6817629337310791,
            "1": 0.7606293559074402
        }
    }
}