{
    "confidence_score": 0.8709497451782227,
    "ptm": 0.9204769134521484,
    "iptm": 0.7302262783050537,
    "ligand_iptm": 0.7302262783050537,
    "protein_iptm": 0.0,
    "complex_plddt": 0.9061305522918701,
    "complex_iplddt": 0.7418212890625,
    "complex_pde": 0.5920484662055969,
    "complex_ipde": 1.8550232648849487,
    "chains_ptm": {
        "0": 0.9686509370803833,
        "1": 0.8339443802833557
    },
    "pair_chains_iptm": {
        "0": {
            "0": 0.9686509370803833,
            "1": 0.5149236917495728
        },
        "1": {
            "0": 0.7302262783050537,
            "1": 0.8339443802833557
        }
    }
}