{
    "confidence_score": 0.789146363735199,
    "ptm": 0.8796097040176392,
    "iptm": 0.6251397132873535,
    "ligand_iptm": 0.6251397132873535,
    "protein_iptm": 0.0,
    "complex_plddt": 0.8301479816436768,
    "complex_iplddt": 0.5685450434684753,
    "complex_pde": 0.781674325466156,
    "complex_ipde": 2.5583178997039795,
    "chains_ptm": {
        "0": 0.9462898969650269,
        "1": 0.7836198806762695
    },
    "pair_chains_iptm": {
        "0": {
            "0": 0.9462898969650269,
            "1": 0.27662086486816406
        },
        "1": {
            "0": 0.6251397132873535,
            "1": 0.7836198806762695
        }
    }
}