{
    "confidence_score": 0.8166513442993164,
    "ptm": 0.9127635955810547,
    "iptm": 0.720839262008667,
    "ligand_iptm": 0.720839262008667,
    "protein_iptm": 0.0,
    "complex_plddt": 0.8406043648719788,
    "complex_iplddt": 0.5932908058166504,
    "complex_pde": 0.6496570110321045,
    "complex_ipde": 2.0785739421844482,
    "chains_ptm": {
        "0": 0.9627562761306763,
        "1": 0.7839053273200989
    },
    "pair_chains_iptm": {
        "0": {
            "0": 0.9627562761306763,
            "1": 0.32980427145957947
        },
        "1": {
            "0": 0.720839262008667,
            "1": 0.7839053273200989
        }
    }
}