{
    "confidence_score": 0.8660268783569336,
    "ptm": 0.8911129832267761,
    "iptm": 0.6811072826385498,
    "ligand_iptm": 0.6811072826385498,
    "protein_iptm": 0.0,
    "complex_plddt": 0.9122568368911743,
    "complex_iplddt": 0.8081658482551575,
    "complex_pde": 0.7031372785568237,
    "complex_ipde": 2.277462959289551,
    "chains_ptm": {
        "0": 0.9501976370811462,
        "1": 0.7507732510566711
    },
    "pair_chains_iptm": {
        "0": {
            "0": 0.9501976370811462,
            "1": 0.378701388835907
        },
        "1": {
            "0": 0.6811072826385498,
            "1": 0.7507732510566711
        }
    }
}