{
    "confidence_score": 0.7937199473381042,
    "ptm": 0.9094035625457764,
    "iptm": 0.6987119317054749,
    "ligand_iptm": 0.6987119317054749,
    "protein_iptm": 0.0,
    "complex_plddt": 0.8174719214439392,
    "complex_iplddt": 0.5193271040916443,
    "complex_pde": 0.6373790502548218,
    "complex_ipde": 2.14660906791687,
    "chains_ptm": {
        "0": 0.9635819792747498,
        "1": 0.7964536547660828
    },
    "pair_chains_iptm": {
        "0": {
            "0": 0.9635819792747498,
            "1": 0.48915576934814453
        },
        "1": {
            "0": 0.6987119317054749,
            "1": 0.7964536547660828
        }
    }
}