{
    "confidence_score": 0.8245286345481873,
    "ptm": 0.9124574065208435,
    "iptm": 0.7453519105911255,
    "ligand_iptm": 0.7453519105911255,
    "protein_iptm": 0.0,
    "complex_plddt": 0.8443228006362915,
    "complex_iplddt": 0.6303614377975464,
    "complex_pde": 0.6435478329658508,
    "complex_ipde": 1.9099043607711792,
    "chains_ptm": {
        "0": 0.9604295492172241,
        "1": 0.7472220659255981
    },
    "pair_chains_iptm": {
        "0": {
            "0": 0.9604295492172241,
            "1": 0.4537234306335449
        },
        "1": {
            "0": 0.7453519105911255,
            "1": 0.7472220659255981
        }
    }
}