{
    "confidence_score": 0.8469688296318054,
    "ptm": 0.9240193367004395,
    "iptm": 0.7845191359519958,
    "ligand_iptm": 0.7845191359519958,
    "protein_iptm": 0.0,
    "complex_plddt": 0.8625813126564026,
    "complex_iplddt": 0.6849961876869202,
    "complex_pde": 0.5570657849311829,
    "complex_ipde": 1.6047227382659912,
    "chains_ptm": {
        "0": 0.9610983729362488,
        "1": 0.8153709769248962
    },
    "pair_chains_iptm": {
        "0": {
            "0": 0.9610983729362488,
            "1": 0.5471580624580383
        },
        "1": {
            "0": 0.7845191359519958,
            "1": 0.8153709769248962
        }
    }
}