{
    "confidence_score": 0.8377171754837036,
    "ptm": 0.9168273210525513,
    "iptm": 0.7273958325386047,
    "ligand_iptm": 0.7273958325386047,
    "protein_iptm": 0.0,
    "complex_plddt": 0.8652974367141724,
    "complex_iplddt": 0.6522565484046936,
    "complex_pde": 0.6133387088775635,
    "complex_ipde": 1.9874546527862549,
    "chains_ptm": {
        "0": 0.9669969081878662,
        "1": 0.822250485420227
    },
    "pair_chains_iptm": {
        "0": {
            "0": 0.9669969081878662,
            "1": 0.4960077702999115
        },
        "1": {
            "0": 0.7273958325386047,
            "1": 0.822250485420227
        }
    }
}