{
    "confidence_score": 0.8485953211784363,
    "ptm": 0.903814971446991,
    "iptm": 0.7133517861366272,
    "ligand_iptm": 0.7133517861366272,
    "protein_iptm": 0.0,
    "complex_plddt": 0.8824061751365662,
    "complex_iplddt": 0.7216176986694336,
    "complex_pde": 0.6976223587989807,
    "complex_ipde": 2.1830179691314697,
    "chains_ptm": {
        "0": 0.9551603198051453,
        "1": 0.7643538117408752
    },
    "pair_chains_iptm": {
        "0": {
            "0": 0.9551603198051453,
            "1": 0.421804279088974
        },
        "1": {
            "0": 0.7133517861366272,
            "1": 0.7643538117408752
        }
    }
}