{
    "confidence_score": 0.8494119048118591,
    "ptm": 0.9060501456260681,
    "iptm": 0.7133142352104187,
    "ligand_iptm": 0.7133142352104187,
    "protein_iptm": 0.0,
    "complex_plddt": 0.8834362626075745,
    "complex_iplddt": 0.7236380577087402,
    "complex_pde": 0.6693713068962097,
    "complex_ipde": 2.021501302719116,
    "chains_ptm": {
        "0": 0.9577101469039917,
        "1": 0.7567310333251953
    },
    "pair_chains_iptm": {
        "0": {
            "0": 0.9577101469039917,
            "1": 0.45929014682769775
        },
        "1": {
            "0": 0.7133142352104187,
            "1": 0.7567310333251953
        }
    }
}