{
    "confidence_score": 0.8540328145027161,
    "ptm": 0.8938594460487366,
    "iptm": 0.6746944785118103,
    "ligand_iptm": 0.6746944785118103,
    "protein_iptm": 0.0,
    "complex_plddt": 0.8988674283027649,
    "complex_iplddt": 0.7483219504356384,
    "complex_pde": 0.7093350291252136,
    "complex_ipde": 2.3417553901672363,
    "chains_ptm": {
        "0": 0.9532315135002136,
        "1": 0.7473161816596985
    },
    "pair_chains_iptm": {
        "0": {
            "0": 0.9532315135002136,
            "1": 0.4268796145915985
        },
        "1": {
            "0": 0.6746944785118103,
            "1": 0.7473161816596985
        }
    }
}