{
    "confidence_score": 0.7903602123260498,
    "ptm": 0.8805956840515137,
    "iptm": 0.6270075440406799,
    "ligand_iptm": 0.6270075440406799,
    "protein_iptm": 0.0,
    "complex_plddt": 0.8311983942985535,
    "complex_iplddt": 0.590609073638916,
    "complex_pde": 0.7502260804176331,
    "complex_ipde": 2.6315865516662598,
    "chains_ptm": {
        "0": 0.9500114917755127,
        "1": 0.7309049963951111
    },
    "pair_chains_iptm": {
        "0": {
            "0": 0.9500114917755127,
            "1": 0.35251256823539734
        },
        "1": {
            "0": 0.6270075440406799,
            "1": 0.7309049963951111
        }
    }
}