{
    "confidence_score": 0.8174600601196289,
    "ptm": 0.8943629264831543,
    "iptm": 0.6982855200767517,
    "ligand_iptm": 0.6982855200767517,
    "protein_iptm": 0.0,
    "complex_plddt": 0.847253680229187,
    "complex_iplddt": 0.6336447596549988,
    "complex_pde": 0.7236758470535278,
    "complex_ipde": 2.2234699726104736,
    "chains_ptm": {
        "0": 0.9514385461807251,
        "1": 0.7275629639625549
    },
    "pair_chains_iptm": {
        "0": {
            "0": 0.9514385461807251,
            "1": 0.408084511756897
        },
        "1": {
            "0": 0.6982855200767517,
            "1": 0.7275629639625549
        }
    }
}