{
    "confidence_score": 0.7771474719047546,
    "ptm": 0.8710819482803345,
    "iptm": 0.6173871755599976,
    "ligand_iptm": 0.6173871755599976,
    "protein_iptm": 0.0,
    "complex_plddt": 0.8170875906944275,
    "complex_iplddt": 0.5865975618362427,
    "complex_pde": 0.8105147480964661,
    "complex_ipde": 2.7679200172424316,
    "chains_ptm": {
        "0": 0.9400599002838135,
        "1": 0.7407148480415344
    },
    "pair_chains_iptm": {
        "0": {
            "0": 0.9400599002838135,
            "1": 0.35355016589164734
        },
        "1": {
            "0": 0.6173871755599976,
            "1": 0.7407148480415344
        }
    }
}