{
    "confidence_score": 0.8436918258666992,
    "ptm": 0.9151350259780884,
    "iptm": 0.7879819869995117,
    "ligand_iptm": 0.7879819869995117,
    "protein_iptm": 0.0,
    "complex_plddt": 0.8576192855834961,
    "complex_iplddt": 0.7092081904411316,
    "complex_pde": 0.6334602236747742,
    "complex_ipde": 1.760196566581726,
    "chains_ptm": {
        "0": 0.9504472017288208,
        "1": 0.815658688545227
    },
    "pair_chains_iptm": {
        "0": {
            "0": 0.9504472017288208,
            "1": 0.45541536808013916
        },
        "1": {
            "0": 0.7879819869995117,
            "1": 0.815658688545227
        }
    }
}