{
    "confidence_score": 0.8732468485832214,
    "ptm": 0.9171532392501831,
    "iptm": 0.7437025308609009,
    "ligand_iptm": 0.7437025308609009,
    "protein_iptm": 0.0,
    "complex_plddt": 0.9056329131126404,
    "complex_iplddt": 0.7664634585380554,
    "complex_pde": 0.5844528079032898,
    "complex_ipde": 1.8231819868087769,
    "chains_ptm": {
        "0": 0.9636124968528748,
        "1": 0.8141593933105469
    },
    "pair_chains_iptm": {
        "0": {
            "0": 0.9636124968528748,
            "1": 0.5124244093894958
        },
        "1": {
            "0": 0.7437025308609009,
            "1": 0.8141593933105469
        }
    }
}