{
    "confidence_score": 0.8807979822158813,
    "ptm": 0.9412157535552979,
    "iptm": 0.8322393298149109,
    "ligand_iptm": 0.8322393298149109,
    "protein_iptm": 0.0,
    "complex_plddt": 0.8929376006126404,
    "complex_iplddt": 0.7494441270828247,
    "complex_pde": 0.4758492410182953,
    "complex_ipde": 1.122024655342102,
    "chains_ptm": {
        "0": 0.9703272581100464,
        "1": 0.8494380116462708
    },
    "pair_chains_iptm": {
        "0": {
            "0": 0.9703272581100464,
            "1": 0.6258221864700317
        },
        "1": {
            "0": 0.8322393298149109,
            "1": 0.8494380116462708
        }
    }
}