{
    "confidence_score": 0.8729833960533142,
    "ptm": 0.9396268129348755,
    "iptm": 0.8194859623908997,
    "ligand_iptm": 0.8194859623908997,
    "protein_iptm": 0.0,
    "complex_plddt": 0.8863576650619507,
    "complex_iplddt": 0.7053495049476624,
    "complex_pde": 0.5220237374305725,
    "complex_ipde": 1.4329782724380493,
    "chains_ptm": {
        "0": 0.9740632176399231,
        "1": 0.7992212176322937
    },
    "pair_chains_iptm": {
        "0": {
            "0": 0.9740632176399231,
            "1": 0.5307908654212952
        },
        "1": {
            "0": 0.8194859623908997,
            "1": 0.7992212176322937
        }
    }
}