{
    "confidence_score": 0.8409520983695984,
    "ptm": 0.9104486107826233,
    "iptm": 0.772492527961731,
    "ligand_iptm": 0.772492527961731,
    "protein_iptm": 0.0,
    "complex_plddt": 0.8580670356750488,
    "complex_iplddt": 0.6665745377540588,
    "complex_pde": 0.5960493683815002,
    "complex_ipde": 1.7151261568069458,
    "chains_ptm": {
        "0": 0.9498522281646729,
        "1": 0.815596342086792
    },
    "pair_chains_iptm": {
        "0": {
            "0": 0.9498522281646729,
            "1": 0.550568163394928
        },
        "1": {
            "0": 0.772492527961731,
            "1": 0.815596342086792
        }
    }
}