{
    "confidence_score": 0.8750560879707336,
    "ptm": 0.9106630682945251,
    "iptm": 0.7392932772636414,
    "ligand_iptm": 0.7392932772636414,
    "protein_iptm": 0.0,
    "complex_plddt": 0.9089967608451843,
    "complex_iplddt": 0.7979648113250732,
    "complex_pde": 0.5946738123893738,
    "complex_ipde": 1.7183853387832642,
    "chains_ptm": {
        "0": 0.956291913986206,
        "1": 0.8029772639274597
    },
    "pair_chains_iptm": {
        "0": {
            "0": 0.956291913986206,
            "1": 0.37603840231895447
        },
        "1": {
            "0": 0.7392932772636414,
            "1": 0.8029772639274597
        }
    }
}