{
    "confidence_score": 0.8868415951728821,
    "ptm": 0.909485399723053,
    "iptm": 0.7343327403068542,
    "ligand_iptm": 0.7343327403068542,
    "protein_iptm": 0.0,
    "complex_plddt": 0.9249687790870667,
    "complex_iplddt": 0.8355939388275146,
    "complex_pde": 0.6502163410186768,
    "complex_ipde": 2.063784599304199,
    "chains_ptm": {
        "0": 0.9571841359138489,
        "1": 0.7711882591247559
    },
    "pair_chains_iptm": {
        "0": {
            "0": 0.9571841359138489,
            "1": 0.4609032869338989
        },
        "1": {
            "0": 0.7343327403068542,
            "1": 0.7711882591247559
        }
    }
}