{
    "confidence_score": 0.8277612924575806,
    "ptm": 0.9184215664863586,
    "iptm": 0.7869812846183777,
    "ligand_iptm": 0.7869812846183777,
    "protein_iptm": 0.0,
    "complex_plddt": 0.8379562497138977,
    "complex_iplddt": 0.6283585429191589,
    "complex_pde": 0.5701351165771484,
    "complex_ipde": 1.7166509628295898,
    "chains_ptm": {
        "0": 0.9573838710784912,
        "1": 0.8371686935424805
    },
    "pair_chains_iptm": {
        "0": {
            "0": 0.9573838710784912,
            "1": 0.5521071553230286
        },
        "1": {
            "0": 0.7869812846183777,
            "1": 0.8371686935424805
        }
    }
}