{
    "confidence_score": 0.826786458492279,
    "ptm": 0.9108898639678955,
    "iptm": 0.7193892598152161,
    "ligand_iptm": 0.7193892598152161,
    "protein_iptm": 0.0,
    "complex_plddt": 0.8536356687545776,
    "complex_iplddt": 0.6427199244499207,
    "complex_pde": 0.6460891366004944,
    "complex_ipde": 1.9606144428253174,
    "chains_ptm": {
        "0": 0.9632542729377747,
        "1": 0.7555340528488159
    },
    "pair_chains_iptm": {
        "0": {
            "0": 0.9632542729377747,
            "1": 0.4025196433067322
        },
        "1": {
            "0": 0.7193892598152161,
            "1": 0.7555340528488159
        }
    }
}