{
    "confidence_score": 0.8194708824157715,
    "ptm": 0.914687991142273,
    "iptm": 0.7872896790504456,
    "ligand_iptm": 0.7872896790504456,
    "protein_iptm": 0.0,
    "complex_plddt": 0.8275161385536194,
    "complex_iplddt": 0.6342819929122925,
    "complex_pde": 0.5942552089691162,
    "complex_ipde": 1.635267972946167,
    "chains_ptm": {
        "0": 0.954495370388031,
        "1": 0.809831976890564
    },
    "pair_chains_iptm": {
        "0": {
            "0": 0.954495370388031,
            "1": 0.5602376461029053
        },
        "1": {
            "0": 0.7872896790504456,
            "1": 0.809831976890564
        }
    }
}