{
    "confidence_score": 0.8468141555786133,
    "ptm": 0.9220895171165466,
    "iptm": 0.7486332654953003,
    "ligand_iptm": 0.7486332654953003,
    "protein_iptm": 0.0,
    "complex_plddt": 0.8713593482971191,
    "complex_iplddt": 0.681174099445343,
    "complex_pde": 0.5965333580970764,
    "complex_ipde": 1.7721457481384277,
    "chains_ptm": {
        "0": 0.9682506918907166,
        "1": 0.7945334315299988
    },
    "pair_chains_iptm": {
        "0": {
            "0": 0.9682506918907166,
            "1": 0.4919658899307251
        },
        "1": {
            "0": 0.7486332654953003,
            "1": 0.7945334315299988
        }
    }
}