{
    "confidence_score": 0.8431611061096191,
    "ptm": 0.9083574414253235,
    "iptm": 0.7101397514343262,
    "ligand_iptm": 0.7101397514343262,
    "protein_iptm": 0.0,
    "complex_plddt": 0.8764164447784424,
    "complex_iplddt": 0.7023842930793762,
    "complex_pde": 0.6590960025787354,
    "complex_ipde": 2.1890830993652344,
    "chains_ptm": {
        "0": 0.9603127241134644,
        "1": 0.8090649843215942
    },
    "pair_chains_iptm": {
        "0": {
            "0": 0.9603127241134644,
            "1": 0.43043696880340576
        },
        "1": {
            "0": 0.7101397514343262,
            "1": 0.8090649843215942
        }
    }
}