{
    "confidence_score": 0.7752346396446228,
    "ptm": 0.8736258149147034,
    "iptm": 0.5773966312408447,
    "ligand_iptm": 0.5773966312408447,
    "protein_iptm": 0.0,
    "complex_plddt": 0.8246941566467285,
    "complex_iplddt": 0.5818180441856384,
    "complex_pde": 0.8734161257743835,
    "complex_ipde": 3.225313186645508,
    "chains_ptm": {
        "0": 0.9493299126625061,
        "1": 0.752180814743042
    },
    "pair_chains_iptm": {
        "0": {
            "0": 0.9493299126625061,
            "1": 0.3124978244304657
        },
        "1": {
            "0": 0.5773966312408447,
            "1": 0.752180814743042
        }
    }
}