{
    "confidence_score": 0.8410749435424805,
    "ptm": 0.911949872970581,
    "iptm": 0.7356363534927368,
    "ligand_iptm": 0.7356363534927368,
    "protein_iptm": 0.0,
    "complex_plddt": 0.867434561252594,
    "complex_iplddt": 0.6834593415260315,
    "complex_pde": 0.6225823760032654,
    "complex_ipde": 1.9109233617782593,
    "chains_ptm": {
        "0": 0.9617332816123962,
        "1": 0.7545084953308105
    },
    "pair_chains_iptm": {
        "0": {
            "0": 0.9617332816123962,
            "1": 0.4899579882621765
        },
        "1": {
            "0": 0.7356363534927368,
            "1": 0.7545084953308105
        }
    }
}