{
    "confidence_score": 0.8648313879966736,
    "ptm": 0.9364635348320007,
    "iptm": 0.7725235223770142,
    "ligand_iptm": 0.7725235223770142,
    "protein_iptm": 0.0,
    "complex_plddt": 0.8879083395004272,
    "complex_iplddt": 0.6992890238761902,
    "complex_pde": 0.535269558429718,
    "complex_ipde": 1.5932729244232178,
    "chains_ptm": {
        "0": 0.9773384928703308,
        "1": 0.8459669351577759
    },
    "pair_chains_iptm": {
        "0": {
            "0": 0.9773384928703308,
            "1": 0.5598642230033875
        },
        "1": {
            "0": 0.7725235223770142,
            "1": 0.8459669351577759
        }
    }
}