{
    "confidence_score": 0.8517166972160339,
    "ptm": 0.9075523018836975,
    "iptm": 0.7220364212989807,
    "ligand_iptm": 0.7220364212989807,
    "protein_iptm": 0.0,
    "complex_plddt": 0.8841367959976196,
    "complex_iplddt": 0.7293792963027954,
    "complex_pde": 0.6460945010185242,
    "complex_ipde": 2.0459916591644287,
    "chains_ptm": {
        "0": 0.957991361618042,
        "1": 0.7571659088134766
    },
    "pair_chains_iptm": {
        "0": {
            "0": 0.957991361618042,
            "1": 0.45653507113456726
        },
        "1": {
            "0": 0.7220364212989807,
            "1": 0.7571659088134766
        }
    }
}