{
    "confidence_score": 0.8262179493904114,
    "ptm": 0.9082434177398682,
    "iptm": 0.7408121228218079,
    "ligand_iptm": 0.7408121228218079,
    "protein_iptm": 0.0,
    "complex_plddt": 0.8475694060325623,
    "complex_iplddt": 0.6369860172271729,
    "complex_pde": 0.599330484867096,
    "complex_ipde": 1.745780348777771,
    "chains_ptm": {
        "0": 0.9554486274719238,
        "1": 0.7941209673881531
    },
    "pair_chains_iptm": {
        "0": {
            "0": 0.9554486274719238,
            "1": 0.5165519118309021
        },
        "1": {
            "0": 0.7408121228218079,
            "1": 0.7941209673881531
        }
    }
}