{
    "confidence_score": 0.8553962707519531,
    "ptm": 0.914405107498169,
    "iptm": 0.7504951357841492,
    "ligand_iptm": 0.7504951357841492,
    "protein_iptm": 0.0,
    "complex_plddt": 0.8816215395927429,
    "complex_iplddt": 0.7436617016792297,
    "complex_pde": 0.59578537940979,
    "complex_ipde": 1.8188875913619995,
    "chains_ptm": {
        "0": 0.9604287147521973,
        "1": 0.8001572489738464
    },
    "pair_chains_iptm": {
        "0": {
            "0": 0.9604287147521973,
            "1": 0.5252856612205505
        },
        "1": {
            "0": 0.7504951357841492,
            "1": 0.8001572489738464
        }
    }
}