{
    "confidence_score": 0.7848668098449707,
    "ptm": 0.8760805130004883,
    "iptm": 0.5916932821273804,
    "ligand_iptm": 0.5916932821273804,
    "protein_iptm": 0.0,
    "complex_plddt": 0.8331602215766907,
    "complex_iplddt": 0.586576521396637,
    "complex_pde": 0.8201136589050293,
    "complex_ipde": 2.9838404655456543,
    "chains_ptm": {
        "0": 0.9485424757003784,
        "1": 0.7640330791473389
    },
    "pair_chains_iptm": {
        "0": {
            "0": 0.9485424757003784,
            "1": 0.325597882270813
        },
        "1": {
            "0": 0.5916932821273804,
            "1": 0.7640330791473389
        }
    }
}