{
    "confidence_score": 0.8381406664848328,
    "ptm": 0.9042393565177917,
    "iptm": 0.7083476185798645,
    "ligand_iptm": 0.7083476185798645,
    "protein_iptm": 0.0,
    "complex_plddt": 0.8705888986587524,
    "complex_iplddt": 0.6909928321838379,
    "complex_pde": 0.6812052726745605,
    "complex_ipde": 2.302564859390259,
    "chains_ptm": {
        "0": 0.9557949900627136,
        "1": 0.7730923891067505
    },
    "pair_chains_iptm": {
        "0": {
            "0": 0.9557949900627136,
            "1": 0.38957956433296204
        },
        "1": {
            "0": 0.7083476185798645,
            "1": 0.7730923891067505
        }
    }
}