{
    "confidence_score": 0.8669746518135071,
    "ptm": 0.9136267900466919,
    "iptm": 0.7611949443817139,
    "ligand_iptm": 0.7611949443817139,
    "protein_iptm": 0.0,
    "complex_plddt": 0.8934195041656494,
    "complex_iplddt": 0.7437903881072998,
    "complex_pde": 0.6089143753051758,
    "complex_ipde": 1.8847873210906982,
    "chains_ptm": {
        "0": 0.9557408690452576,
        "1": 0.8357451558113098
    },
    "pair_chains_iptm": {
        "0": {
            "0": 0.9557408690452576,
            "1": 0.505592942237854
        },
        "1": {
            "0": 0.7611949443817139,
            "1": 0.8357451558113098
        }
    }
}