{
    "confidence_score": 0.8096131682395935,
    "ptm": 0.890806257724762,
    "iptm": 0.6492598056793213,
    "ligand_iptm": 0.6492598056793213,
    "protein_iptm": 0.0,
    "complex_plddt": 0.849701464176178,
    "complex_iplddt": 0.6118661761283875,
    "complex_pde": 0.7387945055961609,
    "complex_ipde": 2.5351274013519287,
    "chains_ptm": {
        "0": 0.9545668363571167,
        "1": 0.8128923177719116
    },
    "pair_chains_iptm": {
        "0": {
            "0": 0.9545668363571167,
            "1": 0.38827961683273315
        },
        "1": {
            "0": 0.6492598056793213,
            "1": 0.8128923177719116
        }
    }
}