{
    "confidence_score": 0.8826465010643005,
    "ptm": 0.9208067655563354,
    "iptm": 0.7913303971290588,
    "ligand_iptm": 0.7913303971290588,
    "protein_iptm": 0.0,
    "complex_plddt": 0.9054754376411438,
    "complex_iplddt": 0.7945919632911682,
    "complex_pde": 0.5620546340942383,
    "complex_ipde": 1.6497243642807007,
    "chains_ptm": {
        "0": 0.9581090211868286,
        "1": 0.8398656845092773
    },
    "pair_chains_iptm": {
        "0": {
            "0": 0.9581090211868286,
            "1": 0.537100613117218
        },
        "1": {
            "0": 0.7913303971290588,
            "1": 0.8398656845092773
        }
    }
}