{
    "confidence_score": 0.8494885563850403,
    "ptm": 0.9529213905334473,
    "iptm": 0.8495243191719055,
    "ligand_iptm": 0.8495243191719055,
    "protein_iptm": 0.0,
    "complex_plddt": 0.849479615688324,
    "complex_iplddt": 0.6424417495727539,
    "complex_pde": 0.4624132812023163,
    "complex_ipde": 1.2587014436721802,
    "chains_ptm": {
        "0": 0.9824283123016357,
        "1": 0.8092085719108582
    },
    "pair_chains_iptm": {
        "0": {
            "0": 0.9824283123016357,
            "1": 0.5158776044845581
        },
        "1": {
            "0": 0.8495243191719055,
            "1": 0.8092085719108582
        }
    }
}