{
    "confidence_score": 0.8359259963035583,
    "ptm": 0.9005968570709229,
    "iptm": 0.6960547566413879,
    "ligand_iptm": 0.6960547566413879,
    "protein_iptm": 0.0,
    "complex_plddt": 0.8708937764167786,
    "complex_iplddt": 0.6893378496170044,
    "complex_pde": 0.658531665802002,
    "complex_ipde": 2.144911050796509,
    "chains_ptm": {
        "0": 0.955073893070221,
        "1": 0.8069115877151489
    },
    "pair_chains_iptm": {
        "0": {
            "0": 0.955073893070221,
            "1": 0.4671737551689148
        },
        "1": {
            "0": 0.6960547566413879,
            "1": 0.8069115877151489
        }
    }
}