{
    "confidence_score": 0.8582863807678223,
    "ptm": 0.9011529684066772,
    "iptm": 0.6917338371276855,
    "ligand_iptm": 0.6917338371276855,
    "protein_iptm": 0.0,
    "complex_plddt": 0.8999245166778564,
    "complex_iplddt": 0.7560914754867554,
    "complex_pde": 0.6650873422622681,
    "complex_ipde": 2.2258193492889404,
    "chains_ptm": {
        "0": 0.958238422870636,
        "1": 0.7361752986907959
    },
    "pair_chains_iptm": {
        "0": {
            "0": 0.958238422870636,
            "1": 0.4107830226421356
        },
        "1": {
            "0": 0.6917338371276855,
            "1": 0.7361752986907959
        }
    }
}