{
    "confidence_score": 0.8399632573127747,
    "ptm": 0.8969107270240784,
    "iptm": 0.706619918346405,
    "ligand_iptm": 0.706619918346405,
    "protein_iptm": 0.0,
    "complex_plddt": 0.8732991218566895,
    "complex_iplddt": 0.6818645000457764,
    "complex_pde": 0.6745802164077759,
    "complex_ipde": 2.0746521949768066,
    "chains_ptm": {
        "0": 0.9506821632385254,
        "1": 0.7623957991600037
    },
    "pair_chains_iptm": {
        "0": {
            "0": 0.9506821632385254,
            "1": 0.45287591218948364
        },
        "1": {
            "0": 0.706619918346405,
            "1": 0.7623957991600037
        }
    }
}