{
    "confidence_score": 0.8544806838035583,
    "ptm": 0.9269246459007263,
    "iptm": 0.7789033651351929,
    "ligand_iptm": 0.7789033651351929,
    "protein_iptm": 0.0,
    "complex_plddt": 0.8733749985694885,
    "complex_iplddt": 0.6933678984642029,
    "complex_pde": 0.5577428936958313,
    "complex_ipde": 1.6558188199996948,
    "chains_ptm": {
        "0": 0.968477189540863,
        "1": 0.816129207611084
    },
    "pair_chains_iptm": {
        "0": {
            "0": 0.968477189540863,
            "1": 0.5427819490432739
        },
        "1": {
            "0": 0.7789033651351929,
            "1": 0.816129207611084
        }
    }
}