{
    "confidence_score": 0.8434023261070251,
    "ptm": 0.9194969534873962,
    "iptm": 0.7625557780265808,
    "ligand_iptm": 0.7625557780265808,
    "protein_iptm": 0.0,
    "complex_plddt": 0.8636139035224915,
    "complex_iplddt": 0.6776670813560486,
    "complex_pde": 0.5763091444969177,
    "complex_ipde": 1.7186449766159058,
    "chains_ptm": {
        "0": 0.9636222720146179,
        "1": 0.8318504095077515
    },
    "pair_chains_iptm": {
        "0": {
            "0": 0.9636222720146179,
            "1": 0.5050873160362244
        },
        "1": {
            "0": 0.7625557780265808,
            "1": 0.8318504095077515
        }
    }
}