{
    "confidence_score": 0.8577496409416199,
    "ptm": 0.9346035718917847,
    "iptm": 0.8182693719863892,
    "ligand_iptm": 0.8182693719863892,
    "protein_iptm": 0.0,
    "complex_plddt": 0.8676197528839111,
    "complex_iplddt": 0.6871634125709534,
    "complex_pde": 0.5118458867073059,
    "complex_ipde": 1.2482212781906128,
    "chains_ptm": {
        "0": 0.9674620628356934,
        "1": 0.8382003307342529
    },
    "pair_chains_iptm": {
        "0": {
            "0": 0.9674620628356934,
            "1": 0.563578188419342
        },
        "1": {
            "0": 0.8182693719863892,
            "1": 0.8382003307342529
        }
    }
}