{
    "confidence_score": 0.8619197010993958,
    "ptm": 0.9445027709007263,
    "iptm": 0.8341228365898132,
    "ligand_iptm": 0.8341228365898132,
    "protein_iptm": 0.0,
    "complex_plddt": 0.868868887424469,
    "complex_iplddt": 0.6725860238075256,
    "complex_pde": 0.46571099758148193,
    "complex_ipde": 1.125366449356079,
    "chains_ptm": {
        "0": 0.9765121936798096,
        "1": 0.8037979006767273
    },
    "pair_chains_iptm": {
        "0": {
            "0": 0.9765121936798096,
            "1": 0.5869108438491821
        },
        "1": {
            "0": 0.8341228365898132,
            "1": 0.8037979006767273
        }
    }
}