{
    "confidence_score": 0.806661069393158,
    "ptm": 0.8925631046295166,
    "iptm": 0.6809182167053223,
    "ligand_iptm": 0.6809182167053223,
    "protein_iptm": 0.0,
    "complex_plddt": 0.8380967974662781,
    "complex_iplddt": 0.6190403699874878,
    "complex_pde": 0.6813907623291016,
    "complex_ipde": 2.199444532394409,
    "chains_ptm": {
        "0": 0.9490892291069031,
        "1": 0.7362145781517029
    },
    "pair_chains_iptm": {
        "0": {
            "0": 0.9490892291069031,
            "1": 0.41773003339767456
        },
        "1": {
            "0": 0.6809182167053223,
            "1": 0.7362145781517029
        }
    }
}