{
    "confidence_score": 0.8434037566184998,
    "ptm": 0.8976137638092041,
    "iptm": 0.6990103721618652,
    "ligand_iptm": 0.6990103721618652,
    "protein_iptm": 0.0,
    "complex_plddt": 0.8795020580291748,
    "complex_iplddt": 0.7228002548217773,
    "complex_pde": 0.6882719993591309,
    "complex_ipde": 2.238398790359497,
    "chains_ptm": {
        "0": 0.9536698460578918,
        "1": 0.7555558085441589
    },
    "pair_chains_iptm": {
        "0": {
            "0": 0.9536698460578918,
            "1": 0.46688586473464966
        },
        "1": {
            "0": 0.6990103721618652,
            "1": 0.7555558085441589
        }
    }
}