{
    "confidence_score": 0.8367250561714172,
    "ptm": 0.9116188883781433,
    "iptm": 0.7311869263648987,
    "ligand_iptm": 0.7311869263648987,
    "protein_iptm": 0.0,
    "complex_plddt": 0.8631095290184021,
    "complex_iplddt": 0.6412428021430969,
    "complex_pde": 0.6285994648933411,
    "complex_ipde": 2.005324363708496,
    "chains_ptm": {
        "0": 0.9599289894104004,
        "1": 0.8207446336746216
    },
    "pair_chains_iptm": {
        "0": {
            "0": 0.9599289894104004,
            "1": 0.48898500204086304
        },
        "1": {
            "0": 0.7311869263648987,
            "1": 0.8207446336746216
        }
    }
}