{
    "confidence_score": 0.8284355998039246,
    "ptm": 0.9072645306587219,
    "iptm": 0.7138022780418396,
    "ligand_iptm": 0.7138022780418396,
    "protein_iptm": 0.0,
    "complex_plddt": 0.8570939302444458,
    "complex_iplddt": 0.6569555997848511,
    "complex_pde": 0.6440281867980957,
    "complex_ipde": 2.1370575428009033,
    "chains_ptm": {
        "0": 0.9579395651817322,
        "1": 0.8077123165130615
    },
    "pair_chains_iptm": {
        "0": {
            "0": 0.9579395651817322,
            "1": 0.4357902407646179
        },
        "1": {
            "0": 0.7138022780418396,
            "1": 0.8077123165130615
        }
    }
}