{
    "confidence_score": 0.8553693890571594,
    "ptm": 0.9164749979972839,
    "iptm": 0.7440735101699829,
    "ligand_iptm": 0.7440735101699829,
    "protein_iptm": 0.0,
    "complex_plddt": 0.8831933736801147,
    "complex_iplddt": 0.7204779386520386,
    "complex_pde": 0.593701183795929,
    "complex_ipde": 1.7998629808425903,
    "chains_ptm": {
        "0": 0.9636595845222473,
        "1": 0.7607887387275696
    },
    "pair_chains_iptm": {
        "0": {
            "0": 0.9636595845222473,
            "1": 0.48250314593315125
        },
        "1": {
            "0": 0.7440735101699829,
            "1": 0.7607887387275696
        }
    }
}