{
    "confidence_score": 0.8942591547966003,
    "ptm": 0.9433634877204895,
    "iptm": 0.8417447805404663,
    "ligand_iptm": 0.8417447805404663,
    "protein_iptm": 0.0,
    "complex_plddt": 0.9073877930641174,
    "complex_iplddt": 0.8009735941886902,
    "complex_pde": 0.48887374997138977,
    "complex_ipde": 1.1866228580474854,
    "chains_ptm": {
        "0": 0.9732298254966736,
        "1": 0.7969585657119751
    },
    "pair_chains_iptm": {
        "0": {
            "0": 0.9732298254966736,
            "1": 0.5775917172431946
        },
        "1": {
            "0": 0.8417447805404663,
            "1": 0.7969585657119751
        }
    }
}