{
    "confidence_score": 0.8456048965454102,
    "ptm": 0.8884199261665344,
    "iptm": 0.6881524920463562,
    "ligand_iptm": 0.6881524920463562,
    "protein_iptm": 0.0,
    "complex_plddt": 0.8849679827690125,
    "complex_iplddt": 0.7212369441986084,
    "complex_pde": 0.7819492816925049,
    "complex_ipde": 2.3171768188476562,
    "chains_ptm": {
        "0": 0.9458174705505371,
        "1": 0.737476646900177
    },
    "pair_chains_iptm": {
        "0": {
            "0": 0.9458174705505371,
            "1": 0.40449124574661255
        },
        "1": {
            "0": 0.6881524920463562,
            "1": 0.737476646900177
        }
    }
}