{
    "confidence_score": 0.8966461420059204,
    "ptm": 0.908787727355957,
    "iptm": 0.7231860160827637,
    "ligand_iptm": 0.7231860160827637,
    "protein_iptm": 0.0,
    "complex_plddt": 0.940011203289032,
    "complex_iplddt": 0.8597320914268494,
    "complex_pde": 0.6482359766960144,
    "complex_ipde": 2.1835217475891113,
    "chains_ptm": {
        "0": 0.9582996964454651,
        "1": 0.8221259117126465
    },
    "pair_chains_iptm": {
        "0": {
            "0": 0.9582996964454651,
            "1": 0.4449871778488159
        },
        "1": {
            "0": 0.7231860160827637,
            "1": 0.8221259117126465
        }
    }
}