{
    "confidence_score": 0.8534904718399048,
    "ptm": 0.8906946778297424,
    "iptm": 0.6848335862159729,
    "ligand_iptm": 0.6848335862159729,
    "protein_iptm": 0.0,
    "complex_plddt": 0.8956546783447266,
    "complex_iplddt": 0.774429976940155,
    "complex_pde": 0.6970338821411133,
    "complex_ipde": 2.383737564086914,
    "chains_ptm": {
        "0": 0.9424474239349365,
        "1": 0.7863318920135498
    },
    "pair_chains_iptm": {
        "0": {
            "0": 0.9424474239349365,
            "1": 0.42691072821617126
        },
        "1": {
            "0": 0.6848335862159729,
            "1": 0.7863318920135498
        }
    }
}