{
    "confidence_score": 0.869763970375061,
    "ptm": 0.9183673858642578,
    "iptm": 0.7599053978919983,
    "ligand_iptm": 0.7599053978919983,
    "protein_iptm": 0.0,
    "complex_plddt": 0.8972285985946655,
    "complex_iplddt": 0.7571841478347778,
    "complex_pde": 0.6142987608909607,
    "complex_ipde": 1.7565897703170776,
    "chains_ptm": {
        "0": 0.9624863862991333,
        "1": 0.775347888469696
    },
    "pair_chains_iptm": {
        "0": {
            "0": 0.9624863862991333,
            "1": 0.49887698888778687
        },
        "1": {
            "0": 0.7599053978919983,
            "1": 0.775347888469696
        }
    }
}