{
    "confidence_score": 0.8220036625862122,
    "ptm": 0.9377797842025757,
    "iptm": 0.8212193846702576,
    "ligand_iptm": 0.8212193846702576,
    "protein_iptm": 0.0,
    "complex_plddt": 0.8221997022628784,
    "complex_iplddt": 0.5545477867126465,
    "complex_pde": 0.4842168986797333,
    "complex_ipde": 1.198857069015503,
    "chains_ptm": {
        "0": 0.970748245716095,
        "1": 0.822661280632019
    },
    "pair_chains_iptm": {
        "0": {
            "0": 0.970748245716095,
            "1": 0.45575156807899475
        },
        "1": {
            "0": 0.8212193846702576,
            "1": 0.822661280632019
        }
    }
}