{
    "confidence_score": 0.8707329034805298,
    "ptm": 0.92754065990448,
    "iptm": 0.7777769565582275,
    "ligand_iptm": 0.7777769565582275,
    "protein_iptm": 0.0,
    "complex_plddt": 0.8939719200134277,
    "complex_iplddt": 0.7469534873962402,
    "complex_pde": 0.5772742629051208,
    "complex_ipde": 1.6583878993988037,
    "chains_ptm": {
        "0": 0.9686876535415649,
        "1": 0.7744890451431274
    },
    "pair_chains_iptm": {
        "0": {
            "0": 0.9686876535415649,
            "1": 0.4781322777271271
        },
        "1": {
            "0": 0.7777769565582275,
            "1": 0.7744890451431274
        }
    }
}