{
    "confidence_score": 0.8320640921592712,
    "ptm": 0.9046044945716858,
    "iptm": 0.6890593767166138,
    "ligand_iptm": 0.6890593767166138,
    "protein_iptm": 0.0,
    "complex_plddt": 0.8678152561187744,
    "complex_iplddt": 0.6584805846214294,
    "complex_pde": 0.6917163729667664,
    "complex_ipde": 2.312762498855591,
    "chains_ptm": {
        "0": 0.9601086378097534,
        "1": 0.8051812052726746
    },
    "pair_chains_iptm": {
        "0": {
            "0": 0.9601086378097534,
            "1": 0.4572310447692871
        },
        "1": {
            "0": 0.6890593767166138,
            "1": 0.8051812052726746
        }
    }
}