{
    "confidence_score": 0.8716042637825012,
    "ptm": 0.9180270433425903,
    "iptm": 0.7383369207382202,
    "ligand_iptm": 0.7383369207382202,
    "protein_iptm": 0.0,
    "complex_plddt": 0.9049210548400879,
    "complex_iplddt": 0.7378166913986206,
    "complex_pde": 0.5922961831092834,
    "complex_ipde": 1.781764030456543,
    "chains_ptm": {
        "0": 0.9646551609039307,
        "1": 0.8256783485412598
    },
    "pair_chains_iptm": {
        "0": {
            "0": 0.9646551609039307,
            "1": 0.49159303307533264
        },
        "1": {
            "0": 0.7383369207382202,
            "1": 0.8256783485412598
        }
    }
}