{
    "confidence_score": 0.8022667765617371,
    "ptm": 0.9048711061477661,
    "iptm": 0.671963095664978,
    "ligand_iptm": 0.671963095664978,
    "protein_iptm": 0.0,
    "complex_plddt": 0.8348426818847656,
    "complex_iplddt": 0.5804222226142883,
    "complex_pde": 0.6782378554344177,
    "complex_ipde": 2.376319408416748,
    "chains_ptm": {
        "0": 0.9641494750976562,
        "1": 0.791966438293457
    },
    "pair_chains_iptm": {
        "0": {
            "0": 0.9641494750976562,
            "1": 0.43710941076278687
        },
        "1": {
            "0": 0.671963095664978,
            "1": 0.791966438293457
        }
    }
}