{
    "confidence_score": 0.8032364249229431,
    "ptm": 0.8962258100509644,
    "iptm": 0.6750739812850952,
    "ligand_iptm": 0.6750739812850952,
    "protein_iptm": 0.0,
    "complex_plddt": 0.8352770209312439,
    "complex_iplddt": 0.5825497508049011,
    "complex_pde": 0.6910176277160645,
    "complex_ipde": 2.2150328159332275,
    "chains_ptm": {
        "0": 0.9562457203865051,
        "1": 0.7982727289199829
    },
    "pair_chains_iptm": {
        "0": {
            "0": 0.9562457203865051,
            "1": 0.4202297329902649
        },
        "1": {
            "0": 0.6750739812850952,
            "1": 0.7982727289199829
        }
    }
}