{
    "confidence_score": 0.8256420493125916,
    "ptm": 0.9209268093109131,
    "iptm": 0.7467948794364929,
    "ligand_iptm": 0.7467948794364929,
    "protein_iptm": 0.0,
    "complex_plddt": 0.8453538417816162,
    "complex_iplddt": 0.6073543429374695,
    "complex_pde": 0.5885306596755981,
    "complex_ipde": 1.8489210605621338,
    "chains_ptm": {
        "0": 0.96555095911026,
        "1": 0.804580807685852
    },
    "pair_chains_iptm": {
        "0": {
            "0": 0.96555095911026,
            "1": 0.5194212794303894
        },
        "1": {
            "0": 0.7467948794364929,
            "1": 0.804580807685852
        }
    }
}