{
    "confidence_score": 0.8001376986503601,
    "ptm": 0.8803325891494751,
    "iptm": 0.65837562084198,
    "ligand_iptm": 0.65837562084198,
    "protein_iptm": 0.0,
    "complex_plddt": 0.8355782628059387,
    "complex_iplddt": 0.5902619361877441,
    "complex_pde": 0.7673020362854004,
    "complex_ipde": 2.4470813274383545,
    "chains_ptm": {
        "0": 0.9415140151977539,
        "1": 0.7551842927932739
    },
    "pair_chains_iptm": {
        "0": {
            "0": 0.9415140151977539,
            "1": 0.39219504594802856
        },
        "1": {
            "0": 0.65837562084198,
            "1": 0.7551842927932739
        }
    }
}