{
    "confidence_score": 0.8504268527030945,
    "ptm": 0.9196662306785583,
    "iptm": 0.7605634927749634,
    "ligand_iptm": 0.7605634927749634,
    "protein_iptm": 0.0,
    "complex_plddt": 0.8728926777839661,
    "complex_iplddt": 0.6840003132820129,
    "complex_pde": 0.5541848540306091,
    "complex_ipde": 1.559281826019287,
    "chains_ptm": {
        "0": 0.9623953700065613,
        "1": 0.7881407737731934
    },
    "pair_chains_iptm": {
        "0": {
            "0": 0.9623953700065613,
            "1": 0.5737084746360779
        },
        "1": {
            "0": 0.7605634927749634,
            "1": 0.7881407737731934
        }
    }
}