{
    "confidence_score": 0.7613665461540222,
    "ptm": 0.879234254360199,
    "iptm": 0.5871551036834717,
    "ligand_iptm": 0.5871551036834717,
    "protein_iptm": 0.0,
    "complex_plddt": 0.8049193620681763,
    "complex_iplddt": 0.5039129257202148,
    "complex_pde": 0.7691985368728638,
    "complex_ipde": 2.703368902206421,
    "chains_ptm": {
        "0": 0.950142502784729,
        "1": 0.7809126377105713
    },
    "pair_chains_iptm": {
        "0": {
            "0": 0.950142502784729,
            "1": 0.3074459433555603
        },
        "1": {
            "0": 0.5871551036834717,
            "1": 0.7809126377105713
        }
    }
}