{
    "confidence_score": 0.8435007929801941,
    "ptm": 0.9340375661849976,
    "iptm": 0.8349918127059937,
    "ligand_iptm": 0.8349918127059937,
    "protein_iptm": 0.0,
    "complex_plddt": 0.845628023147583,
    "complex_iplddt": 0.6855418682098389,
    "complex_pde": 0.5135958790779114,
    "complex_ipde": 1.0965725183486938,
    "chains_ptm": {
        "0": 0.9627140164375305,
        "1": 0.8444283604621887
    },
    "pair_chains_iptm": {
        "0": {
            "0": 0.9627140164375305,
            "1": 0.6216692328453064
        },
        "1": {
            "0": 0.8349918127059937,
            "1": 0.8444283604621887
        }
    }
}