{
    "confidence_score": 0.8745716214179993,
    "ptm": 0.9092904329299927,
    "iptm": 0.7276174426078796,
    "ligand_iptm": 0.7276174426078796,
    "protein_iptm": 0.0,
    "complex_plddt": 0.9113101959228516,
    "complex_iplddt": 0.7942253947257996,
    "complex_pde": 0.6400454640388489,
    "complex_ipde": 1.9785517454147339,
    "chains_ptm": {
        "0": 0.9594123363494873,
        "1": 0.752327024936676
    },
    "pair_chains_iptm": {
        "0": {
            "0": 0.9594123363494873,
            "1": 0.4540420472621918
        },
        "1": {
            "0": 0.7276174426078796,
            "1": 0.752327024936676
        }
    }
}