{
    "confidence_score": 0.8652524352073669,
    "ptm": 0.9075046181678772,
    "iptm": 0.6985060572624207,
    "ligand_iptm": 0.6985060572624207,
    "protein_iptm": 0.0,
    "complex_plddt": 0.9069390296936035,
    "complex_iplddt": 0.7585696578025818,
    "complex_pde": 0.6667211055755615,
    "complex_ipde": 2.1447081565856934,
    "chains_ptm": {
        "0": 0.9629769325256348,
        "1": 0.7456467747688293
    },
    "pair_chains_iptm": {
        "0": {
            "0": 0.9629769325256348,
            "1": 0.42893922328948975
        },
        "1": {
            "0": 0.6985060572624207,
            "1": 0.7456467747688293
        }
    }
}