{
    "confidence_score": 0.8202080130577087,
    "ptm": 0.894826352596283,
    "iptm": 0.6850332021713257,
    "ligand_iptm": 0.6850332021713257,
    "protein_iptm": 0.0,
    "complex_plddt": 0.8540017008781433,
    "complex_iplddt": 0.6697333455085754,
    "complex_pde": 0.6711543798446655,
    "complex_ipde": 2.153742551803589,
    "chains_ptm": {
        "0": 0.9509739279747009,
        "1": 0.7415043115615845
    },
    "pair_chains_iptm": {
        "0": {
            "0": 0.9509739279747009,
            "1": 0.4252670407295227
        },
        "1": {
            "0": 0.6850332021713257,
            "1": 0.7415043115615845
        }
    }
}