{
    "confidence_score": 0.8267666697502136,
    "ptm": 0.9201284646987915,
    "iptm": 0.738796591758728,
    "ligand_iptm": 0.738796591758728,
    "protein_iptm": 0.0,
    "complex_plddt": 0.8487592339515686,
    "complex_iplddt": 0.6158237457275391,
    "complex_pde": 0.5985028743743896,
    "complex_ipde": 1.7779748439788818,
    "chains_ptm": {
        "0": 0.9680010080337524,
        "1": 0.8030348420143127
    },
    "pair_chains_iptm": {
        "0": {
            "0": 0.9680010080337524,
            "1": 0.4359355568885803
        },
        "1": {
            "0": 0.738796591758728,
            "1": 0.8030348420143127
        }
    }
}