{
    "confidence_score": 0.8454449772834778,
    "ptm": 0.8980319499969482,
    "iptm": 0.6698122620582581,
    "ligand_iptm": 0.6698122620582581,
    "protein_iptm": 0.0,
    "complex_plddt": 0.8893530964851379,
    "complex_iplddt": 0.7127560973167419,
    "complex_pde": 0.7166495323181152,
    "complex_ipde": 2.491020679473877,
    "chains_ptm": {
        "0": 0.9565857648849487,
        "1": 0.8041703104972839
    },
    "pair_chains_iptm": {
        "0": {
            "0": 0.9565857648849487,
            "1": 0.44120436906814575
        },
        "1": {
            "0": 0.6698122620582581,
            "1": 0.8041703104972839
        }
    }
}