{
    "confidence_score": 0.9060369729995728,
    "ptm": 0.9501047134399414,
    "iptm": 0.8597747087478638,
    "ligand_iptm": 0.8597747087478638,
    "protein_iptm": 0.0,
    "complex_plddt": 0.9176025390625,
    "complex_iplddt": 0.8088012337684631,
    "complex_pde": 0.4430435299873352,
    "complex_ipde": 1.0939478874206543,
    "chains_ptm": {
        "0": 0.975480854511261,
        "1": 0.8430209159851074
    },
    "pair_chains_iptm": {
        "0": {
            "0": 0.975480854511261,
            "1": 0.6580104827880859
        },
        "1": {
            "0": 0.8597747087478638,
            "1": 0.8430209159851074
        }
    }
}