{
    "confidence_score": 0.8097179532051086,
    "ptm": 0.9025936126708984,
    "iptm": 0.7304492592811584,
    "ligand_iptm": 0.7304492592811584,
    "protein_iptm": 0.0,
    "complex_plddt": 0.8295351266860962,
    "complex_iplddt": 0.6225734353065491,
    "complex_pde": 0.6725046634674072,
    "complex_ipde": 1.9516202211380005,
    "chains_ptm": {
        "0": 0.9523917436599731,
        "1": 0.7586906552314758
    },
    "pair_chains_iptm": {
        "0": {
            "0": 0.9523917436599731,
            "1": 0.4701317846775055
        },
        "1": {
            "0": 0.7304492592811584,
            "1": 0.7586906552314758
        }
    }
}