{
    "confidence_score": 0.8348215222358704,
    "ptm": 0.9110130071640015,
    "iptm": 0.7437866926193237,
    "ligand_iptm": 0.7437866926193237,
    "protein_iptm": 0.0,
    "complex_plddt": 0.8575802445411682,
    "complex_iplddt": 0.6703158617019653,
    "complex_pde": 0.6271049380302429,
    "complex_ipde": 1.9014947414398193,
    "chains_ptm": {
        "0": 0.9550994038581848,
        "1": 0.8101176619529724
    },
    "pair_chains_iptm": {
        "0": {
            "0": 0.9550994038581848,
            "1": 0.5134553909301758
        },
        "1": {
            "0": 0.7437866926193237,
            "1": 0.8101176619529724
        }
    }
}