{
    "confidence_score": 0.8612012267112732,
    "ptm": 0.9430544972419739,
    "iptm": 0.8303619027137756,
    "ligand_iptm": 0.8303619027137756,
    "protein_iptm": 0.0,
    "complex_plddt": 0.8689110279083252,
    "complex_iplddt": 0.683931827545166,
    "complex_pde": 0.4572075307369232,
    "complex_ipde": 1.1666502952575684,
    "chains_ptm": {
        "0": 0.9749630689620972,
        "1": 0.8560389876365662
    },
    "pair_chains_iptm": {
        "0": {
            "0": 0.9749630689620972,
            "1": 0.6305235028266907
        },
        "1": {
            "0": 0.8303619027137756,
            "1": 0.8560389876365662
        }
    }
}