{
    "confidence_score": 0.8668169975280762,
    "ptm": 0.9109225273132324,
    "iptm": 0.7324854731559753,
    "ligand_iptm": 0.7324854731559753,
    "protein_iptm": 0.0,
    "complex_plddt": 0.9003998637199402,
    "complex_iplddt": 0.760031521320343,
    "complex_pde": 0.628333330154419,
    "complex_ipde": 2.0292530059814453,
    "chains_ptm": {
        "0": 0.9563528299331665,
        "1": 0.8164615035057068
    },
    "pair_chains_iptm": {
        "0": {
            "0": 0.9563528299331665,
            "1": 0.46573010087013245
        },
        "1": {
            "0": 0.7324854731559753,
            "1": 0.8164615035057068
        }
    }
}