{
    "confidence_score": 0.8895307779312134,
    "ptm": 0.956257700920105,
    "iptm": 0.8805197477340698,
    "ligand_iptm": 0.8805197477340698,
    "protein_iptm": 0.0,
    "complex_plddt": 0.8917835354804993,
    "complex_iplddt": 0.7541249394416809,
    "complex_pde": 0.42220959067344666,
    "complex_ipde": 0.9012150168418884,
    "chains_ptm": {
        "0": 0.9779179096221924,
        "1": 0.8347752690315247
    },
    "pair_chains_iptm": {
        "0": {
            "0": 0.9779179096221924,
            "1": 0.6647493839263916
        },
        "1": {
            "0": 0.8805197477340698,
            "1": 0.8347752690315247
        }
    }
}