{
    "confidence_score": 0.7932885885238647,
    "ptm": 0.8880254626274109,
    "iptm": 0.6487030982971191,
    "ligand_iptm": 0.6487030982971191,
    "protein_iptm": 0.0,
    "complex_plddt": 0.8294349312782288,
    "complex_iplddt": 0.5647823810577393,
    "complex_pde": 0.7870525121688843,
    "complex_ipde": 2.7030739784240723,
    "chains_ptm": {
        "0": 0.9496918320655823,
        "1": 0.7840404510498047
    },
    "pair_chains_iptm": {
        "0": {
            "0": 0.9496918320655823,
            "1": 0.38183799386024475
        },
        "1": {
            "0": 0.6487030982971191,
            "1": 0.7840404510498047
        }
    }
}