{
    "confidence_score": 0.8482942581176758,
    "ptm": 0.9166539907455444,
    "iptm": 0.7424997091293335,
    "ligand_iptm": 0.7424997091293335,
    "protein_iptm": 0.0,
    "complex_plddt": 0.8747429251670837,
    "complex_iplddt": 0.6756779551506042,
    "complex_pde": 0.6352345943450928,
    "complex_ipde": 1.9254509210586548,
    "chains_ptm": {
        "0": 0.9651962518692017,
        "1": 0.7638042569160461
    },
    "pair_chains_iptm": {
        "0": {
            "0": 0.9651962518692017,
            "1": 0.45457780361175537
        },
        "1": {
            "0": 0.7424997091293335,
            "1": 0.7638042569160461
        }
    }
}