{
    "confidence_score": 0.7945811748504639,
    "ptm": 0.882568895816803,
    "iptm": 0.6380863785743713,
    "ligand_iptm": 0.6380863785743713,
    "protein_iptm": 0.0,
    "complex_plddt": 0.8337048888206482,
    "complex_iplddt": 0.6034473180770874,
    "complex_pde": 0.7569903135299683,
    "complex_ipde": 2.6009414196014404,
    "chains_ptm": {
        "0": 0.9491075873374939,
        "1": 0.7629033327102661
    },
    "pair_chains_iptm": {
        "0": {
            "0": 0.9491075873374939,
            "1": 0.3766440749168396
        },
        "1": {
            "0": 0.6380863785743713,
            "1": 0.7629033327102661
        }
    }
}