{
    "confidence_score": 0.8656806945800781,
    "ptm": 0.9123367667198181,
    "iptm": 0.7195255756378174,
    "ligand_iptm": 0.7195255756378174,
    "protein_iptm": 0.0,
    "complex_plddt": 0.9022194147109985,
    "complex_iplddt": 0.7526381015777588,
    "complex_pde": 0.6235774159431458,
    "complex_ipde": 1.9340276718139648,
    "chains_ptm": {
        "0": 0.9624395966529846,
        "1": 0.7940972447395325
    },
    "pair_chains_iptm": {
        "0": {
            "0": 0.9624395966529846,
            "1": 0.46651116013526917
        },
        "1": {
            "0": 0.7195255756378174,
            "1": 0.7940972447395325
        }
    }
}