{
    "confidence_score": 0.844745934009552,
    "ptm": 0.9080405235290527,
    "iptm": 0.729073703289032,
    "ligand_iptm": 0.729073703289032,
    "protein_iptm": 0.0,
    "complex_plddt": 0.8736639618873596,
    "complex_iplddt": 0.6877155303955078,
    "complex_pde": 0.6361756324768066,
    "complex_ipde": 2.1242103576660156,
    "chains_ptm": {
        "0": 0.9560808539390564,
        "1": 0.7995976209640503
    },
    "pair_chains_iptm": {
        "0": {
            "0": 0.9560808539390564,
            "1": 0.4754839539527893
        },
        "1": {
            "0": 0.729073703289032,
            "1": 0.7995976209640503
        }
    }
}