{
    "confidence_score": 0.8673754930496216,
    "ptm": 0.9155641794204712,
    "iptm": 0.7326517701148987,
    "ligand_iptm": 0.7326517701148987,
    "protein_iptm": 0.0,
    "complex_plddt": 0.9010564088821411,
    "complex_iplddt": 0.7765920162200928,
    "complex_pde": 0.6093500256538391,
    "complex_ipde": 1.945318341255188,
    "chains_ptm": {
        "0": 0.9633214473724365,
        "1": 0.8265533447265625
    },
    "pair_chains_iptm": {
        "0": {
            "0": 0.9633214473724365,
            "1": 0.45093828439712524
        },
        "1": {
            "0": 0.7326517701148987,
            "1": 0.8265533447265625
        }
    }
}