{
    "confidence_score": 0.8086350560188293,
    "ptm": 0.9037338495254517,
    "iptm": 0.6559224128723145,
    "ligand_iptm": 0.6559224128723145,
    "protein_iptm": 0.0,
    "complex_plddt": 0.8468132019042969,
    "complex_iplddt": 0.5609219074249268,
    "complex_pde": 0.6651296019554138,
    "complex_ipde": 2.300105094909668,
    "chains_ptm": {
        "0": 0.9647698402404785,
        "1": 0.7775664329528809
    },
    "pair_chains_iptm": {
        "0": {
            "0": 0.9647698402404785,
            "1": 0.4024643301963806
        },
        "1": {
            "0": 0.6559224128723145,
            "1": 0.7775664329528809
        }
    }
}