{
    "confidence_score": 0.8501977324485779,
    "ptm": 0.9250341057777405,
    "iptm": 0.7865391969680786,
    "ligand_iptm": 0.7865391969680786,
    "protein_iptm": 0.0,
    "complex_plddt": 0.8661122918128967,
    "complex_iplddt": 0.6843103170394897,
    "complex_pde": 0.5497576594352722,
    "complex_ipde": 1.5043023824691772,
    "chains_ptm": {
        "0": 0.9628547430038452,
        "1": 0.8301215171813965
    },
    "pair_chains_iptm": {
        "0": {
            "0": 0.9628547430038452,
            "1": 0.5586899518966675
        },
        "1": {
            "0": 0.7865391969680786,
            "1": 0.8301215171813965
        }
    }
}