{
    "confidence_score": 0.8507274985313416,
    "ptm": 0.9181666970252991,
    "iptm": 0.79210364818573,
    "ligand_iptm": 0.79210364818573,
    "protein_iptm": 0.0,
    "complex_plddt": 0.8653834462165833,
    "complex_iplddt": 0.6795803308486938,
    "complex_pde": 0.6055744886398315,
    "complex_ipde": 1.7997509241104126,
    "chains_ptm": {
        "0": 0.9555292725563049,
        "1": 0.7695992588996887
    },
    "pair_chains_iptm": {
        "0": {
            "0": 0.9555292725563049,
            "1": 0.44914984703063965
        },
        "1": {
            "0": 0.79210364818573,
            "1": 0.7695992588996887
        }
    }
}