{
    "confidence_score": 0.8920102119445801,
    "ptm": 0.9307554960250854,
    "iptm": 0.7766926884651184,
    "ligand_iptm": 0.7766926884651184,
    "protein_iptm": 0.0,
    "complex_plddt": 0.9208395481109619,
    "complex_iplddt": 0.8238093852996826,
    "complex_pde": 0.5374521017074585,
    "complex_ipde": 1.3475868701934814,
    "chains_ptm": {
        "0": 0.9698171019554138,
        "1": 0.8104270100593567
    },
    "pair_chains_iptm": {
        "0": {
            "0": 0.9698171019554138,
            "1": 0.5508449077606201
        },
        "1": {
            "0": 0.7766926884651184,
            "1": 0.8104270100593567
        }
    }
}