{
    "confidence_score": 0.8388094902038574,
    "ptm": 0.9152592420578003,
    "iptm": 0.7458162903785706,
    "ligand_iptm": 0.7458162903785706,
    "protein_iptm": 0.0,
    "complex_plddt": 0.8620577454566956,
    "complex_iplddt": 0.6439368724822998,
    "complex_pde": 0.6295563578605652,
    "complex_ipde": 1.8644965887069702,
    "chains_ptm": {
        "0": 0.9632285237312317,
        "1": 0.7648321390151978
    },
    "pair_chains_iptm": {
        "0": {
            "0": 0.9632285237312317,
            "1": 0.4765928089618683
        },
        "1": {
            "0": 0.7458162903785706,
            "1": 0.7648321390151978
        }
    }
}