{
    "confidence_score": 0.8139762878417969,
    "ptm": 0.896908164024353,
    "iptm": 0.6733831763267517,
    "ligand_iptm": 0.6733831763267517,
    "protein_iptm": 0.0,
    "complex_plddt": 0.8491246104240417,
    "complex_iplddt": 0.6158497929573059,
    "complex_pde": 0.6881057620048523,
    "complex_ipde": 2.3092880249023438,
    "chains_ptm": {
        "0": 0.9549018740653992,
        "1": 0.8003053069114685
    },
    "pair_chains_iptm": {
        "0": {
            "0": 0.9549018740653992,
            "1": 0.41972616314888
        },
        "1": {
            "0": 0.6733831763267517,
            "1": 0.8003053069114685
        }
    }
}