{
    "confidence_score": 0.836451530456543,
    "ptm": 0.9039830565452576,
    "iptm": 0.7116848230361938,
    "ligand_iptm": 0.7116848230361938,
    "protein_iptm": 0.0,
    "complex_plddt": 0.8676432371139526,
    "complex_iplddt": 0.7278110384941101,
    "complex_pde": 0.6820458769798279,
    "complex_ipde": 2.2961466312408447,
    "chains_ptm": {
        "0": 0.9545590281486511,
        "1": 0.8198561072349548
    },
    "pair_chains_iptm": {
        "0": {
            "0": 0.9545590281486511,
            "1": 0.43521860241889954
        },
        "1": {
            "0": 0.7116848230361938,
            "1": 0.8198561072349548
        }
    }
}