{
    "confidence_score": 0.7982458472251892,
    "ptm": 0.8897851705551147,
    "iptm": 0.7024290561676025,
    "ligand_iptm": 0.7024290561676025,
    "protein_iptm": 0.0,
    "complex_plddt": 0.8222000598907471,
    "complex_iplddt": 0.5955457091331482,
    "complex_pde": 0.7322966456413269,
    "complex_ipde": 2.4376285076141357,
    "chains_ptm": {
        "0": 0.9434691667556763,
        "1": 0.7456924915313721
    },
    "pair_chains_iptm": {
        "0": {
            "0": 0.9434691667556763,
            "1": 0.41819003224372864
        },
        "1": {
            "0": 0.7024290561676025,
            "1": 0.7456924915313721
        }
    }
}