{
    "confidence_score": 0.8302635550498962,
    "ptm": 0.90218186378479,
    "iptm": 0.730575442314148,
    "ligand_iptm": 0.730575442314148,
    "protein_iptm": 0.0,
    "complex_plddt": 0.8551855087280273,
    "complex_iplddt": 0.6597806215286255,
    "complex_pde": 0.6533002257347107,
    "complex_ipde": 1.9459389448165894,
    "chains_ptm": {
        "0": 0.9498381018638611,
        "1": 0.76277756690979
    },
    "pair_chains_iptm": {
        "0": {
            "0": 0.9498381018638611,
            "1": 0.4927516579627991
        },
        "1": {
            "0": 0.730575442314148,
            "1": 0.76277756690979
        }
    }
}