{
    "confidence_score": 0.8210115432739258,
    "ptm": 0.9105372428894043,
    "iptm": 0.7413514256477356,
    "ligand_iptm": 0.7413514256477356,
    "protein_iptm": 0.0,
    "complex_plddt": 0.8409265875816345,
    "complex_iplddt": 0.610155463218689,
    "complex_pde": 0.6082898378372192,
    "complex_ipde": 1.8527629375457764,
    "chains_ptm": {
        "0": 0.9570964574813843,
        "1": 0.8199871778488159
    },
    "pair_chains_iptm": {
        "0": {
            "0": 0.9570964574813843,
            "1": 0.49812284111976624
        },
        "1": {
            "0": 0.7413514256477356,
            "1": 0.8199871778488159
        }
    }
}