{
    "confidence_score": 0.8259474635124207,
    "ptm": 0.8952593207359314,
    "iptm": 0.6772224307060242,
    "ligand_iptm": 0.6772224307060242,
    "protein_iptm": 0.0,
    "complex_plddt": 0.8631287813186646,
    "complex_iplddt": 0.6764208674430847,
    "complex_pde": 0.6577305793762207,
    "complex_ipde": 2.177334785461426,
    "chains_ptm": {
        "0": 0.9546065330505371,
        "1": 0.7598983645439148
    },
    "pair_chains_iptm": {
        "0": {
            "0": 0.9546065330505371,
            "1": 0.42784804105758667
        },
        "1": {
            "0": 0.6772224307060242,
            "1": 0.7598983645439148
        }
    }
}