{
    "confidence_score": 0.8716484308242798,
    "ptm": 0.9268600344657898,
    "iptm": 0.7699685096740723,
    "ligand_iptm": 0.7699685096740723,
    "protein_iptm": 0.0,
    "complex_plddt": 0.8970683813095093,
    "complex_iplddt": 0.7417253851890564,
    "complex_pde": 0.5541183352470398,
    "complex_ipde": 1.646945595741272,
    "chains_ptm": {
        "0": 0.9676825404167175,
        "1": 0.8251150846481323
    },
    "pair_chains_iptm": {
        "0": {
            "0": 0.9676825404167175,
            "1": 0.5311931371688843
        },
        "1": {
            "0": 0.7699685096740723,
            "1": 0.8251150846481323
        }
    }
}