{
    "confidence_score": 0.7956167459487915,
    "ptm": 0.8655532002449036,
    "iptm": 0.6853213310241699,
    "ligand_iptm": 0.6853213310241699,
    "protein_iptm": 0.0,
    "complex_plddt": 0.8231905698776245,
    "complex_iplddt": 0.6884172558784485,
    "complex_pde": 0.9139134883880615,
    "complex_ipde": 2.4730780124664307,
    "chains_ptm": {
        "0": 0.9176008701324463,
        "1": 0.7514642477035522
    },
    "pair_chains_iptm": {
        "0": {
            "0": 0.9176008701324463,
            "1": 0.42598336935043335
        },
        "1": {
            "0": 0.6853213310241699,
            "1": 0.7514642477035522
        }
    }
}