{
    "confidence_score": 0.8721610903739929,
    "ptm": 0.933874249458313,
    "iptm": 0.7959550619125366,
    "ligand_iptm": 0.7959550619125366,
    "protein_iptm": 0.0,
    "complex_plddt": 0.8912126421928406,
    "complex_iplddt": 0.7304071187973022,
    "complex_pde": 0.5297404527664185,
    "complex_ipde": 1.4774599075317383,
    "chains_ptm": {
        "0": 0.9704414010047913,
        "1": 0.82199627161026
    },
    "pair_chains_iptm": {
        "0": {
            "0": 0.9704414010047913,
            "1": 0.5426518321037292
        },
        "1": {
            "0": 0.7959550619125366,
            "1": 0.82199627161026
        }
    }
}