{
    "confidence_score": 0.8674723505973816,
    "ptm": 0.9289979338645935,
    "iptm": 0.8143351674079895,
    "ligand_iptm": 0.8143351674079895,
    "protein_iptm": 0.0,
    "complex_plddt": 0.8807566165924072,
    "complex_iplddt": 0.7258524894714355,
    "complex_pde": 0.5158191919326782,
    "complex_ipde": 1.3996672630310059,
    "chains_ptm": {
        "0": 0.9613436460494995,
        "1": 0.8430666923522949
    },
    "pair_chains_iptm": {
        "0": {
            "0": 0.9613436460494995,
            "1": 0.6138595342636108
        },
        "1": {
            "0": 0.8143351674079895,
            "1": 0.8430666923522949
        }
    }
}