{
    "confidence_score": 0.8697977066040039,
    "ptm": 0.9236158132553101,
    "iptm": 0.8057212829589844,
    "ligand_iptm": 0.8057212829589844,
    "protein_iptm": 0.0,
    "complex_plddt": 0.885816752910614,
    "complex_iplddt": 0.7497001886367798,
    "complex_pde": 0.557428240776062,
    "complex_ipde": 1.6065491437911987,
    "chains_ptm": {
        "0": 0.9574735164642334,
        "1": 0.7748836874961853
    },
    "pair_chains_iptm": {
        "0": {
            "0": 0.9574735164642334,
            "1": 0.5120794177055359
        },
        "1": {
            "0": 0.8057212829589844,
            "1": 0.7748836874961853
        }
    }
}