{
    "confidence_score": 0.8433716893196106,
    "ptm": 0.928883969783783,
    "iptm": 0.8270881772041321,
    "ligand_iptm": 0.8270881772041321,
    "protein_iptm": 0.0,
    "complex_plddt": 0.8474425673484802,
    "complex_iplddt": 0.6713571548461914,
    "complex_pde": 0.5623701810836792,
    "complex_ipde": 1.5772275924682617,
    "chains_ptm": {
        "0": 0.9590757489204407,
        "1": 0.7718201875686646
    },
    "pair_chains_iptm": {
        "0": {
            "0": 0.9590757489204407,
            "1": 0.5265957117080688
        },
        "1": {
            "0": 0.8270881772041321,
            "1": 0.7718201875686646
        }
    }
}