{
    "confidence_score": 0.8544864654541016,
    "ptm": 0.9061610698699951,
    "iptm": 0.7227239608764648,
    "ligand_iptm": 0.7227239608764648,
    "protein_iptm": 0.0,
    "complex_plddt": 0.8874271512031555,
    "complex_iplddt": 0.7259539365768433,
    "complex_pde": 0.6474534273147583,
    "complex_ipde": 1.983802318572998,
    "chains_ptm": {
        "0": 0.9577885866165161,
        "1": 0.775802731513977
    },
    "pair_chains_iptm": {
        "0": {
            "0": 0.9577885866165161,
            "1": 0.5012664198875427
        },
        "1": {
            "0": 0.7227239608764648,
            "1": 0.775802731513977
        }
    }
}