{
    "confidence_score": 0.8724431395530701,
    "ptm": 0.9207587838172913,
    "iptm": 0.7595962285995483,
    "ligand_iptm": 0.7595962285995483,
    "protein_iptm": 0.0,
    "complex_plddt": 0.9006548523902893,
    "complex_iplddt": 0.7658502459526062,
    "complex_pde": 0.5831491947174072,
    "complex_ipde": 1.6826664209365845,
    "chains_ptm": {
        "0": 0.9650106430053711,
        "1": 0.7638134956359863
    },
    "pair_chains_iptm": {
        "0": {
            "0": 0.9650106430053711,
            "1": 0.44174835085868835
        },
        "1": {
            "0": 0.7595962285995483,
            "1": 0.7638134956359863
        }
    }
}