{
    "confidence_score": 0.8169875144958496,
    "ptm": 0.8925005197525024,
    "iptm": 0.67791748046875,
    "ligand_iptm": 0.67791748046875,
    "protein_iptm": 0.0,
    "complex_plddt": 0.8517550230026245,
    "complex_iplddt": 0.6626025438308716,
    "complex_pde": 0.7423852682113647,
    "complex_ipde": 2.3683106899261475,
    "chains_ptm": {
        "0": 0.9536712169647217,
        "1": 0.7309622764587402
    },
    "pair_chains_iptm": {
        "0": {
            "0": 0.9536712169647217,
            "1": 0.3906186819076538
        },
        "1": {
            "0": 0.67791748046875,
            "1": 0.7309622764587402
        }
    }
}