{
    "confidence_score": 0.8311163783073425,
    "ptm": 0.9306188225746155,
    "iptm": 0.7820324301719666,
    "ligand_iptm": 0.7820324301719666,
    "protein_iptm": 0.0,
    "complex_plddt": 0.8433873653411865,
    "complex_iplddt": 0.5960785746574402,
    "complex_pde": 0.5319128632545471,
    "complex_ipde": 1.4856324195861816,
    "chains_ptm": {
        "0": 0.9711052179336548,
        "1": 0.8172160387039185
    },
    "pair_chains_iptm": {
        "0": {
            "0": 0.9711052179336548,
            "1": 0.5656730532646179
        },
        "1": {
            "0": 0.7820324301719666,
            "1": 0.8172160387039185
        }
    }
}