{
    "confidence_score": 0.8761085867881775,
    "ptm": 0.9119530320167542,
    "iptm": 0.7793945074081421,
    "ligand_iptm": 0.7793945074081421,
    "protein_iptm": 0.0,
    "complex_plddt": 0.9002870917320251,
    "complex_iplddt": 0.8004177212715149,
    "complex_pde": 0.6342958211898804,
    "complex_ipde": 1.8689143657684326,
    "chains_ptm": {
        "0": 0.9492366313934326,
        "1": 0.8095701932907104
    },
    "pair_chains_iptm": {
        "0": {
            "0": 0.9492366313934326,
            "1": 0.4387362003326416
        },
        "1": {
            "0": 0.7793945074081421,
            "1": 0.8095701932907104
        }
    }
}