{
    "confidence_score": 0.8310823440551758,
    "ptm": 0.8945944309234619,
    "iptm": 0.6728827953338623,
    "ligand_iptm": 0.6728827953338623,
    "protein_iptm": 0.0,
    "complex_plddt": 0.8706322908401489,
    "complex_iplddt": 0.6816191077232361,
    "complex_pde": 0.7346934676170349,
    "complex_ipde": 2.489924192428589,
    "chains_ptm": {
        "0": 0.9525774717330933,
        "1": 0.7900041937828064
    },
    "pair_chains_iptm": {
        "0": {
            "0": 0.9525774717330933,
            "1": 0.40147310495376587
        },
        "1": {
            "0": 0.6728827953338623,
            "1": 0.7900041937828064
        }
    }
}