{
    "confidence_score": 0.8312115669250488,
    "ptm": 0.9270287156105042,
    "iptm": 0.7795770764350891,
    "ligand_iptm": 0.7795770764350891,
    "protein_iptm": 0.0,
    "complex_plddt": 0.8441202044487,
    "complex_iplddt": 0.6381044983863831,
    "complex_pde": 0.5419451594352722,
    "complex_ipde": 1.535668134689331,
    "chains_ptm": {
        "0": 0.9670360088348389,
        "1": 0.8393477201461792
    },
    "pair_chains_iptm": {
        "0": {
            "0": 0.9670360088348389,
            "1": 0.551284909248352
        },
        "1": {
            "0": 0.7795770764350891,
            "1": 0.8393477201461792
        }
    }
}