{
    "confidence_score": 0.8324849009513855,
    "ptm": 0.9055019021034241,
    "iptm": 0.675626814365387,
    "ligand_iptm": 0.675626814365387,
    "protein_iptm": 0.0,
    "complex_plddt": 0.8716993927955627,
    "complex_iplddt": 0.6569312214851379,
    "complex_pde": 0.7003077864646912,
    "complex_ipde": 2.3257617950439453,
    "chains_ptm": {
        "0": 0.9626025557518005,
        "1": 0.769135057926178
    },
    "pair_chains_iptm": {
        "0": {
            "0": 0.9626025557518005,
            "1": 0.4510217308998108
        },
        "1": {
            "0": 0.675626814365387,
            "1": 0.769135057926178
        }
    }
}