{
    "confidence_score": 0.8595900535583496,
    "ptm": 0.9178507328033447,
    "iptm": 0.7489330172538757,
    "ligand_iptm": 0.7489330172538757,
    "protein_iptm": 0.0,
    "complex_plddt": 0.8872542977333069,
    "complex_iplddt": 0.7235601544380188,
    "complex_pde": 0.597844660282135,
    "complex_ipde": 1.7894608974456787,
    "chains_ptm": {
        "0": 0.9630551934242249,
        "1": 0.781330406665802
    },
    "pair_chains_iptm": {
        "0": {
            "0": 0.9630551934242249,
            "1": 0.48690861463546753
        },
        "1": {
            "0": 0.7489330172538757,
            "1": 0.781330406665802
        }
    }
}