{
    "confidence_score": 0.8400789499282837,
    "ptm": 0.8927904367446899,
    "iptm": 0.6887624263763428,
    "ligand_iptm": 0.6887624263763428,
    "protein_iptm": 0.0,
    "complex_plddt": 0.8779080510139465,
    "complex_iplddt": 0.6904290914535522,
    "complex_pde": 0.6961961388587952,
    "complex_ipde": 2.1648690700531006,
    "chains_ptm": {
        "0": 0.9491382241249084,
        "1": 0.751808762550354
    },
    "pair_chains_iptm": {
        "0": {
            "0": 0.9491382241249084,
            "1": 0.4160918891429901
        },
        "1": {
            "0": 0.6887624263763428,
            "1": 0.751808762550354
        }
    }
}