{
    "confidence_score": 0.8114616274833679,
    "ptm": 0.8896099925041199,
    "iptm": 0.6965006589889526,
    "ligand_iptm": 0.6965006589889526,
    "protein_iptm": 0.0,
    "complex_plddt": 0.8402019143104553,
    "complex_iplddt": 0.6547086238861084,
    "complex_pde": 0.7194774746894836,
    "complex_ipde": 2.477109432220459,
    "chains_ptm": {
        "0": 0.9442960023880005,
        "1": 0.7296140193939209
    },
    "pair_chains_iptm": {
        "0": {
            "0": 0.9442960023880005,
            "1": 0.38498011231422424
        },
        "1": {
            "0": 0.6965006589889526,
            "1": 0.7296140193939209
        }
    }
}