{
    "confidence_score": 0.831057071685791,
    "ptm": 0.8837817311286926,
    "iptm": 0.6526776552200317,
    "ligand_iptm": 0.6526776552200317,
    "protein_iptm": 0.0,
    "complex_plddt": 0.8756518959999084,
    "complex_iplddt": 0.705151379108429,
    "complex_pde": 0.7439050674438477,
    "complex_ipde": 2.464639902114868,
    "chains_ptm": {
        "0": 0.9485687017440796,
        "1": 0.7466311454772949
    },
    "pair_chains_iptm": {
        "0": {
            "0": 0.9485687017440796,
            "1": 0.40111517906188965
        },
        "1": {
            "0": 0.6526776552200317,
            "1": 0.7466311454772949
        }
    }
}