{
    "confidence_score": 0.8654705286026001,
    "ptm": 0.937744677066803,
    "iptm": 0.8149324059486389,
    "ligand_iptm": 0.8149324059486389,
    "protein_iptm": 0.0,
    "complex_plddt": 0.8781050443649292,
    "complex_iplddt": 0.7125828266143799,
    "complex_pde": 0.48053959012031555,
    "complex_ipde": 1.3212388753890991,
    "chains_ptm": {
        "0": 0.9715936779975891,
        "1": 0.8430572748184204
    },
    "pair_chains_iptm": {
        "0": {
            "0": 0.9715936779975891,
            "1": 0.5663776397705078
        },
        "1": {
            "0": 0.8149324059486389,
            "1": 0.8430572748184204
        }
    }
}