{
    "confidence_score": 0.8558512926101685,
    "ptm": 0.9045241475105286,
    "iptm": 0.6932975649833679,
    "ligand_iptm": 0.6932975649833679,
    "protein_iptm": 0.0,
    "complex_plddt": 0.896489679813385,
    "complex_iplddt": 0.7354725003242493,
    "complex_pde": 0.6786351203918457,
    "complex_ipde": 2.2766871452331543,
    "chains_ptm": {
        "0": 0.9595994353294373,
        "1": 0.7989441752433777
    },
    "pair_chains_iptm": {
        "0": {
            "0": 0.9595994353294373,
            "1": 0.40850403904914856
        },
        "1": {
            "0": 0.6932975649833679,
            "1": 0.7989441752433777
        }
    }
}