{
    "confidence_score": 0.7948861718177795,
    "ptm": 0.8889366388320923,
    "iptm": 0.6534571647644043,
    "ligand_iptm": 0.6534571647644043,
    "protein_iptm": 0.0,
    "complex_plddt": 0.8302434086799622,
    "complex_iplddt": 0.581918478012085,
    "complex_pde": 0.7473827004432678,
    "complex_ipde": 2.6524875164031982,
    "chains_ptm": {
        "0": 0.9497315883636475,
        "1": 0.7914847135543823
    },
    "pair_chains_iptm": {
        "0": {
            "0": 0.9497315883636475,
            "1": 0.4100377857685089
        },
        "1": {
            "0": 0.6534571647644043,
            "1": 0.7914847135543823
        }
    }
}