{
    "confidence_score": 0.8174918293952942,
    "ptm": 0.8843778371810913,
    "iptm": 0.6792481541633606,
    "ligand_iptm": 0.6792481541633606,
    "protein_iptm": 0.0,
    "complex_plddt": 0.8520527482032776,
    "complex_iplddt": 0.6907457113265991,
    "complex_pde": 0.8388537168502808,
    "complex_ipde": 2.3424012660980225,
    "chains_ptm": {
        "0": 0.9374110102653503,
        "1": 0.7793529033660889
    },
    "pair_chains_iptm": {
        "0": {
            "0": 0.9374110102653503,
            "1": 0.44734814763069153
        },
        "1": {
            "0": 0.6792481541633606,
            "1": 0.7793529033660889
        }
    }
}