{
    "confidence_score": 0.9091493487358093,
    "ptm": 0.9296782612800598,
    "iptm": 0.7656135559082031,
    "ligand_iptm": 0.7656135559082031,
    "protein_iptm": 0.0,
    "complex_plddt": 0.9450332522392273,
    "complex_iplddt": 0.8618150949478149,
    "complex_pde": 0.5551524758338928,
    "complex_ipde": 1.7185838222503662,
    "chains_ptm": {
        "0": 0.9734693169593811,
        "1": 0.8212214708328247
    },
    "pair_chains_iptm": {
        "0": {
            "0": 0.9734693169593811,
            "1": 0.5285152196884155
        },
        "1": {
            "0": 0.7656135559082031,
            "1": 0.8212214708328247
        }
    }
}