{
    "confidence_score": 0.8741101622581482,
    "ptm": 0.9085734486579895,
    "iptm": 0.7493200898170471,
    "ligand_iptm": 0.7493200898170471,
    "protein_iptm": 0.0,
    "complex_plddt": 0.9053075909614563,
    "complex_iplddt": 0.787996768951416,
    "complex_pde": 0.675460934638977,
    "complex_ipde": 1.7696895599365234,
    "chains_ptm": {
        "0": 0.955443799495697,
        "1": 0.7792807221412659
    },
    "pair_chains_iptm": {
        "0": {
            "0": 0.955443799495697,
            "1": 0.5288063883781433
        },
        "1": {
            "0": 0.7493200898170471,
            "1": 0.7792807221412659
        }
    }
}