{
    "confidence_score": 0.8060967326164246,
    "ptm": 0.8858785033226013,
    "iptm": 0.6715194582939148,
    "ligand_iptm": 0.6715194582939148,
    "protein_iptm": 0.0,
    "complex_plddt": 0.8397411108016968,
    "complex_iplddt": 0.6125935912132263,
    "complex_pde": 0.7069321274757385,
    "complex_ipde": 2.3195314407348633,
    "chains_ptm": {
        "0": 0.9425165057182312,
        "1": 0.7970556020736694
    },
    "pair_chains_iptm": {
        "0": {
            "0": 0.9425165057182312,
            "1": 0.4476732313632965
        },
        "1": {
            "0": 0.6715194582939148,
            "1": 0.7970556020736694
        }
    }
}