{
    "confidence_score": 0.8213655352592468,
    "ptm": 0.9140748381614685,
    "iptm": 0.7210782766342163,
    "ligand_iptm": 0.7210782766342163,
    "protein_iptm": 0.0,
    "complex_plddt": 0.846437394618988,
    "complex_iplddt": 0.6122178435325623,
    "complex_pde": 0.6313526630401611,
    "complex_ipde": 1.973601222038269,
    "chains_ptm": {
        "0": 0.9649209976196289,
        "1": 0.7644720077514648
    },
    "pair_chains_iptm": {
        "0": {
            "0": 0.9649209976196289,
            "1": 0.43603238463401794
        },
        "1": {
            "0": 0.7210782766342163,
            "1": 0.7644720077514648
        }
    }
}