{
    "confidence_score": 0.8262878656387329,
    "ptm": 0.930007815361023,
    "iptm": 0.8036231994628906,
    "ligand_iptm": 0.8036231994628906,
    "protein_iptm": 0.0,
    "complex_plddt": 0.8319539427757263,
    "complex_iplddt": 0.6435333490371704,
    "complex_pde": 0.5282812714576721,
    "complex_ipde": 1.466148853302002,
    "chains_ptm": {
        "0": 0.9655358791351318,
        "1": 0.8451072573661804
    },
    "pair_chains_iptm": {
        "0": {
            "0": 0.9655358791351318,
            "1": 0.5213162899017334
        },
        "1": {
            "0": 0.8036231994628906,
            "1": 0.8451072573661804
        }
    }
}