{
    "confidence_score": 0.8056519627571106,
    "ptm": 0.881679356098175,
    "iptm": 0.6455935835838318,
    "ligand_iptm": 0.6455935835838318,
    "protein_iptm": 0.0,
    "complex_plddt": 0.8456665873527527,
    "complex_iplddt": 0.6338847875595093,
    "complex_pde": 0.8194729089736938,
    "complex_ipde": 2.726630210876465,
    "chains_ptm": {
        "0": 0.9431616067886353,
        "1": 0.7634705901145935
    },
    "pair_chains_iptm": {
        "0": {
            "0": 0.9431616067886353,
            "1": 0.36993589997291565
        },
        "1": {
            "0": 0.6455935835838318,
            "1": 0.7634705901145935
        }
    }
}