{
    "confidence_score": 0.8324530720710754,
    "ptm": 0.8829010128974915,
    "iptm": 0.6821330189704895,
    "ligand_iptm": 0.6821330189704895,
    "protein_iptm": 0.0,
    "complex_plddt": 0.8700330257415771,
    "complex_iplddt": 0.7174727916717529,
    "complex_pde": 0.765203058719635,
    "complex_ipde": 2.612610101699829,
    "chains_ptm": {
        "0": 0.9402784109115601,
        "1": 0.7474534511566162
    },
    "pair_chains_iptm": {
        "0": {
            "0": 0.9402784109115601,
            "1": 0.37936723232269287
        },
        "1": {
            "0": 0.6821330189704895,
            "1": 0.7474534511566162
        }
    }
}