{
    "confidence_score": 0.8236930966377258,
    "ptm": 0.9052627086639404,
    "iptm": 0.7061592936515808,
    "ligand_iptm": 0.7061592936515808,
    "protein_iptm": 0.0,
    "complex_plddt": 0.8530765175819397,
    "complex_iplddt": 0.6515922546386719,
    "complex_pde": 0.6473515033721924,
    "complex_ipde": 2.0281965732574463,
    "chains_ptm": {
        "0": 0.9610956311225891,
        "1": 0.7923949360847473
    },
    "pair_chains_iptm": {
        "0": {
            "0": 0.9610956311225891,
            "1": 0.4839484691619873
        },
        "1": {
            "0": 0.7061592936515808,
            "1": 0.7923949360847473
        }
    }
}