{
    "confidence_score": 0.809869110584259,
    "ptm": 0.8906041979789734,
    "iptm": 0.6341786980628967,
    "ligand_iptm": 0.6341786980628967,
    "protein_iptm": 0.0,
    "complex_plddt": 0.8537916541099548,
    "complex_iplddt": 0.5998614430427551,
    "complex_pde": 0.700201690196991,
    "complex_ipde": 2.2499501705169678,
    "chains_ptm": {
        "0": 0.9534603953361511,
        "1": 0.7681930661201477
    },
    "pair_chains_iptm": {
        "0": {
            "0": 0.9534603953361511,
            "1": 0.3302430510520935
        },
        "1": {
            "0": 0.6341786980628967,
            "1": 0.7681930661201477
        }
    }
}