{
    "confidence_score": 0.8084024786949158,
    "ptm": 0.8919957876205444,
    "iptm": 0.6585983037948608,
    "ligand_iptm": 0.6585983037948608,
    "protein_iptm": 0.0,
    "complex_plddt": 0.8458534479141235,
    "complex_iplddt": 0.6200752258300781,
    "complex_pde": 0.7257897853851318,
    "complex_ipde": 2.5931546688079834,
    "chains_ptm": {
        "0": 0.9536315202713013,
        "1": 0.8083990812301636
    },
    "pair_chains_iptm": {
        "0": {
            "0": 0.9536315202713013,
            "1": 0.39254307746887207
        },
        "1": {
            "0": 0.6585983037948608,
            "1": 0.8083990812301636
        }
    }
}