{
    "confidence_score": 0.8211522102355957,
    "ptm": 0.9148141741752625,
    "iptm": 0.7291330099105835,
    "ligand_iptm": 0.7291330099105835,
    "protein_iptm": 0.0,
    "complex_plddt": 0.8441569805145264,
    "complex_iplddt": 0.6066276431083679,
    "complex_pde": 0.6225845813751221,
    "complex_ipde": 1.939034342765808,
    "chains_ptm": {
        "0": 0.9632619023323059,
        "1": 0.8312888741493225
    },
    "pair_chains_iptm": {
        "0": {
            "0": 0.9632619023323059,
            "1": 0.5175921320915222
        },
        "1": {
            "0": 0.7291330099105835,
            "1": 0.8312888741493225
        }
    }
}