{
    "confidence_score": 0.8478655219078064,
    "ptm": 0.9164155125617981,
    "iptm": 0.8051010370254517,
    "ligand_iptm": 0.8051010370254517,
    "protein_iptm": 0.0,
    "complex_plddt": 0.8585565686225891,
    "complex_iplddt": 0.7058905959129333,
    "complex_pde": 0.5931388735771179,
    "complex_ipde": 1.729365587234497,
    "chains_ptm": {
        "0": 0.9497430324554443,
        "1": 0.7645258903503418
    },
    "pair_chains_iptm": {
        "0": {
            "0": 0.9497430324554443,
            "1": 0.4802369773387909
        },
        "1": {
            "0": 0.8051010370254517,
            "1": 0.7645258903503418
        }
    }
}