{
    "confidence_score": 0.8392555117607117,
    "ptm": 0.9044628143310547,
    "iptm": 0.7311065793037415,
    "ligand_iptm": 0.7311065793037415,
    "protein_iptm": 0.0,
    "complex_plddt": 0.8662927150726318,
    "complex_iplddt": 0.6990655660629272,
    "complex_pde": 0.6404187679290771,
    "complex_ipde": 2.0301411151885986,
    "chains_ptm": {
        "0": 0.9518657922744751,
        "1": 0.811342716217041
    },
    "pair_chains_iptm": {
        "0": {
            "0": 0.9518657922744751,
            "1": 0.48554661870002747
        },
        "1": {
            "0": 0.7311065793037415,
            "1": 0.811342716217041
        }
    }
}