{
    "confidence_score": 0.8292025923728943,
    "ptm": 0.9247347712516785,
    "iptm": 0.7713442444801331,
    "ligand_iptm": 0.7713442444801331,
    "protein_iptm": 0.0,
    "complex_plddt": 0.8436670899391174,
    "complex_iplddt": 0.6092947125434875,
    "complex_pde": 0.565629780292511,
    "complex_ipde": 1.6661862134933472,
    "chains_ptm": {
        "0": 0.9655612707138062,
        "1": 0.8131085634231567
    },
    "pair_chains_iptm": {
        "0": {
            "0": 0.9655612707138062,
            "1": 0.5683925747871399
        },
        "1": {
            "0": 0.7713442444801331,
            "1": 0.8131085634231567
        }
    }
}