{
    "confidence_score": 0.8228301405906677,
    "ptm": 0.9077761173248291,
    "iptm": 0.7339689135551453,
    "ligand_iptm": 0.7339689135551453,
    "protein_iptm": 0.0,
    "complex_plddt": 0.8450453877449036,
    "complex_iplddt": 0.6628721952438354,
    "complex_pde": 0.6594520807266235,
    "complex_ipde": 1.9856805801391602,
    "chains_ptm": {
        "0": 0.9578063488006592,
        "1": 0.7882373929023743
    },
    "pair_chains_iptm": {
        "0": {
            "0": 0.9578063488006592,
            "1": 0.5017921328544617
        },
        "1": {
            "0": 0.7339689135551453,
            "1": 0.7882373929023743
        }
    }
}