{
    "confidence_score": 0.7699714303016663,
    "ptm": 0.8771002888679504,
    "iptm": 0.6525840163230896,
    "ligand_iptm": 0.6525840163230896,
    "protein_iptm": 0.0,
    "complex_plddt": 0.799318253993988,
    "complex_iplddt": 0.5389275550842285,
    "complex_pde": 0.9395043253898621,
    "complex_ipde": 3.0731756687164307,
    "chains_ptm": {
        "0": 0.9362005591392517,
        "1": 0.7820700407028198
    },
    "pair_chains_iptm": {
        "0": {
            "0": 0.9362005591392517,
            "1": 0.33431699872016907
        },
        "1": {
            "0": 0.6525840163230896,
            "1": 0.7820700407028198
        }
    }
}