{
    "confidence_score": 0.8634516596794128,
    "ptm": 0.9168269634246826,
    "iptm": 0.7866495847702026,
    "ligand_iptm": 0.7866495847702026,
    "protein_iptm": 0.0,
    "complex_plddt": 0.8826521635055542,
    "complex_iplddt": 0.7420413494110107,
    "complex_pde": 0.5899021029472351,
    "complex_ipde": 1.7266504764556885,
    "chains_ptm": {
        "0": 0.9541549682617188,
        "1": 0.8130825161933899
    },
    "pair_chains_iptm": {
        "0": {
            "0": 0.9541549682617188,
            "1": 0.5772778391838074
        },
        "1": {
            "0": 0.7866495847702026,
            "1": 0.8130825161933899
        }
    }
}