{
    "confidence_score": 0.8210977911949158,
    "ptm": 0.9097015261650085,
    "iptm": 0.713399350643158,
    "ligand_iptm": 0.713399350643158,
    "protein_iptm": 0.0,
    "complex_plddt": 0.8480224013328552,
    "complex_iplddt": 0.647858202457428,
    "complex_pde": 0.6313559412956238,
    "complex_ipde": 1.9622087478637695,
    "chains_ptm": {
        "0": 0.9601839780807495,
        "1": 0.8152095079421997
    },
    "pair_chains_iptm": {
        "0": {
            "0": 0.9601839780807495,
            "1": 0.4557402729988098
        },
        "1": {
            "0": 0.713399350643158,
            "1": 0.8152095079421997
        }
    }
}