{
    "confidence_score": 0.8447408080101013,
    "ptm": 0.9143355488777161,
    "iptm": 0.7713695764541626,
    "ligand_iptm": 0.7713695764541626,
    "protein_iptm": 0.0,
    "complex_plddt": 0.8630836009979248,
    "complex_iplddt": 0.6808941960334778,
    "complex_pde": 0.6570549607276917,
    "complex_ipde": 1.714829683303833,
    "chains_ptm": {
        "0": 0.9561797380447388,
        "1": 0.7530736923217773
    },
    "pair_chains_iptm": {
        "0": {
            "0": 0.9561797380447388,
            "1": 0.4884471595287323
        },
        "1": {
            "0": 0.7713695764541626,
            "1": 0.7530736923217773
        }
    }
}