{
    "confidence_score": 0.8757314085960388,
    "ptm": 0.9236559867858887,
    "iptm": 0.8223130106925964,
    "ligand_iptm": 0.8223130106925964,
    "protein_iptm": 0.0,
    "complex_plddt": 0.8890859484672546,
    "complex_iplddt": 0.7732858657836914,
    "complex_pde": 0.6204514503479004,
    "complex_ipde": 1.5381197929382324,
    "chains_ptm": {
        "0": 0.9529051184654236,
        "1": 0.8123893737792969
    },
    "pair_chains_iptm": {
        "0": {
            "0": 0.9529051184654236,
            "1": 0.5785367488861084
        },
        "1": {
            "0": 0.8223130106925964,
            "1": 0.8123893737792969
        }
    }
}