{
    "confidence_score": 0.802337110042572,
    "ptm": 0.8740915060043335,
    "iptm": 0.6227797269821167,
    "ligand_iptm": 0.6227797269821167,
    "protein_iptm": 0.0,
    "complex_plddt": 0.8472263813018799,
    "complex_iplddt": 0.6012699007987976,
    "complex_pde": 0.8189746141433716,
    "complex_ipde": 2.873256206512451,
    "chains_ptm": {
        "0": 0.9409377574920654,
        "1": 0.800175130367279
    },
    "pair_chains_iptm": {
        "0": {
            "0": 0.9409377574920654,
            "1": 0.389891117811203
        },
        "1": {
            "0": 0.6227797269821167,
            "1": 0.800175130367279
        }
    }
}