{
    "confidence_score": 0.7983760237693787,
    "ptm": 0.8724174499511719,
    "iptm": 0.5743452906608582,
    "ligand_iptm": 0.5743452906608582,
    "protein_iptm": 0.0,
    "complex_plddt": 0.854383647441864,
    "complex_iplddt": 0.622029721736908,
    "complex_pde": 0.788964569568634,
    "complex_ipde": 2.824786901473999,
    "chains_ptm": {
        "0": 0.9514591693878174,
        "1": 0.7311748266220093
    },
    "pair_chains_iptm": {
        "0": {
            "0": 0.9514591693878174,
            "1": 0.2889188826084137
        },
        "1": {
            "0": 0.5743452906608582,
            "1": 0.7311748266220093
        }
    }
}