{
    "confidence_score": 0.8565501570701599,
    "ptm": 0.9085476398468018,
    "iptm": 0.7584604024887085,
    "ligand_iptm": 0.7584604024887085,
    "protein_iptm": 0.0,
    "complex_plddt": 0.8810725808143616,
    "complex_iplddt": 0.7356464862823486,
    "complex_pde": 0.6221631765365601,
    "complex_ipde": 1.7859327793121338,
    "chains_ptm": {
        "0": 0.9517645239830017,
        "1": 0.7652553915977478
    },
    "pair_chains_iptm": {
        "0": {
            "0": 0.9517645239830017,
            "1": 0.4953199326992035
        },
        "1": {
            "0": 0.7584604024887085,
            "1": 0.7652553915977478
        }
    }
}