{
    "confidence_score": 0.7893152236938477,
    "ptm": 0.8750454783439636,
    "iptm": 0.5978747606277466,
    "ligand_iptm": 0.5978747606277466,
    "protein_iptm": 0.0,
    "complex_plddt": 0.8371753096580505,
    "complex_iplddt": 0.6105157136917114,
    "complex_pde": 0.8560569882392883,
    "complex_ipde": 3.245596170425415,
    "chains_ptm": {
        "0": 0.9511903524398804,
        "1": 0.747036337852478
    },
    "pair_chains_iptm": {
        "0": {
            "0": 0.9511903524398804,
            "1": 0.3248480558395386
        },
        "1": {
            "0": 0.5978747606277466,
            "1": 0.747036337852478
        }
    }
}