{
    "confidence_score": 0.8276669383049011,
    "ptm": 0.9334424734115601,
    "iptm": 0.7978094816207886,
    "ligand_iptm": 0.7978094816207886,
    "protein_iptm": 0.0,
    "complex_plddt": 0.8351313471794128,
    "complex_iplddt": 0.6324300765991211,
    "complex_pde": 0.5175099968910217,
    "complex_ipde": 1.4427822828292847,
    "chains_ptm": {
        "0": 0.9694330096244812,
        "1": 0.8162001371383667
    },
    "pair_chains_iptm": {
        "0": {
            "0": 0.9694330096244812,
            "1": 0.5712066888809204
        },
        "1": {
            "0": 0.7978094816207886,
            "1": 0.8162001371383667
        }
    }
}