{
    "confidence_score": 0.8328709006309509,
    "ptm": 0.9178940057754517,
    "iptm": 0.7781510949134827,
    "ligand_iptm": 0.7781510949134827,
    "protein_iptm": 0.0,
    "complex_plddt": 0.8465508222579956,
    "complex_iplddt": 0.6472277641296387,
    "complex_pde": 0.5574009418487549,
    "complex_ipde": 1.5513558387756348,
    "chains_ptm": {
        "0": 0.9567599892616272,
        "1": 0.8316547870635986
    },
    "pair_chains_iptm": {
        "0": {
            "0": 0.9567599892616272,
            "1": 0.5546411275863647
        },
        "1": {
            "0": 0.7781510949134827,
            "1": 0.8316547870635986
        }
    }
}