{
    "confidence_score": 0.8183389902114868,
    "ptm": 0.8873224854469299,
    "iptm": 0.7023207545280457,
    "ligand_iptm": 0.7023207545280457,
    "protein_iptm": 0.0,
    "complex_plddt": 0.8473435044288635,
    "complex_iplddt": 0.6369619965553284,
    "complex_pde": 0.7463100552558899,
    "complex_ipde": 2.36854887008667,
    "chains_ptm": {
        "0": 0.93522047996521,
        "1": 0.7929111123085022
    },
    "pair_chains_iptm": {
        "0": {
            "0": 0.93522047996521,
            "1": 0.335859477519989
        },
        "1": {
            "0": 0.7023207545280457,
            "1": 0.7929111123085022
        }
    }
}