{
    "confidence_score": 0.882541835308075,
    "ptm": 0.9334152340888977,
    "iptm": 0.8697987794876099,
    "ligand_iptm": 0.8697987794876099,
    "protein_iptm": 0.0,
    "complex_plddt": 0.8857276439666748,
    "complex_iplddt": 0.8071447610855103,
    "complex_pde": 0.5116799473762512,
    "complex_ipde": 1.3014473915100098,
    "chains_ptm": {
        "0": 0.9524582028388977,
        "1": 0.8524863123893738
    },
    "pair_chains_iptm": {
        "0": {
            "0": 0.9524582028388977,
            "1": 0.5594096779823303
        },
        "1": {
            "0": 0.8697987794876099,
            "1": 0.8524863123893738
        }
    }
}