{
    "confidence_score": 0.8275870680809021,
    "ptm": 0.9177715182304382,
    "iptm": 0.7177446484565735,
    "ligand_iptm": 0.7177446484565735,
    "protein_iptm": 0.0,
    "complex_plddt": 0.8550476431846619,
    "complex_iplddt": 0.6369084119796753,
    "complex_pde": 0.6151883602142334,
    "complex_ipde": 2.0066516399383545,
    "chains_ptm": {
        "0": 0.9687735438346863,
        "1": 0.8092323541641235
    },
    "pair_chains_iptm": {
        "0": {
            "0": 0.9687735438346863,
            "1": 0.4549840986728668
        },
        "1": {
            "0": 0.7177446484565735,
            "1": 0.8092323541641235
        }
    }
}