{
    "confidence_score": 0.8437253832817078,
    "ptm": 0.9083579182624817,
    "iptm": 0.6983029842376709,
    "ligand_iptm": 0.6983029842376709,
    "protein_iptm": 0.0,
    "complex_plddt": 0.880081057548523,
    "complex_iplddt": 0.7165859937667847,
    "complex_pde": 0.6592277884483337,
    "complex_ipde": 2.176828384399414,
    "chains_ptm": {
        "0": 0.9626031517982483,
        "1": 0.7541852593421936
    },
    "pair_chains_iptm": {
        "0": {
            "0": 0.9626031517982483,
            "1": 0.4352712333202362
        },
        "1": {
            "0": 0.6983029842376709,
            "1": 0.7541852593421936
        }
    }
}