{
    "confidence_score": 0.8417441248893738,
    "ptm": 0.9241120219230652,
    "iptm": 0.7864999175071716,
    "ligand_iptm": 0.7864999175071716,
    "protein_iptm": 0.0,
    "complex_plddt": 0.8555551767349243,
    "complex_iplddt": 0.6610008478164673,
    "complex_pde": 0.5624963045120239,
    "complex_ipde": 1.5812681913375854,
    "chains_ptm": {
        "0": 0.9641221165657043,
        "1": 0.7699459791183472
    },
    "pair_chains_iptm": {
        "0": {
            "0": 0.9641221165657043,
            "1": 0.5275627970695496
        },
        "1": {
            "0": 0.7864999175071716,
            "1": 0.7699459791183472
        }
    }
}