{
    "confidence_score": 0.8034863471984863,
    "ptm": 0.8925978541374207,
    "iptm": 0.6529654264450073,
    "ligand_iptm": 0.6529654264450073,
    "protein_iptm": 0.0,
    "complex_plddt": 0.8411165475845337,
    "complex_iplddt": 0.6144399642944336,
    "complex_pde": 0.775216817855835,
    "complex_ipde": 2.7195920944213867,
    "chains_ptm": {
        "0": 0.9566684365272522,
        "1": 0.7756215929985046
    },
    "pair_chains_iptm": {
        "0": {
            "0": 0.9566684365272522,
            "1": 0.2971237301826477
        },
        "1": {
            "0": 0.6529654264450073,
            "1": 0.7756215929985046
        }
    }
}