{
    "confidence_score": 0.8356353044509888,
    "ptm": 0.9121385812759399,
    "iptm": 0.7223327159881592,
    "ligand_iptm": 0.7223327159881592,
    "protein_iptm": 0.0,
    "complex_plddt": 0.8639609217643738,
    "complex_iplddt": 0.6630046367645264,
    "complex_pde": 0.6384554505348206,
    "complex_ipde": 1.974424958229065,
    "chains_ptm": {
        "0": 0.9613872766494751,
        "1": 0.7731295824050903
    },
    "pair_chains_iptm": {
        "0": {
            "0": 0.9613872766494751,
            "1": 0.47331658005714417
        },
        "1": {
            "0": 0.7223327159881592,
            "1": 0.7731295824050903
        }
    }
}