{
    "confidence_score": 0.8746461868286133,
    "ptm": 0.9325193762779236,
    "iptm": 0.7680480480194092,
    "ligand_iptm": 0.7680480480194092,
    "protein_iptm": 0.0,
    "complex_plddt": 0.9012957811355591,
    "complex_iplddt": 0.7445947527885437,
    "complex_pde": 0.5567534565925598,
    "complex_ipde": 1.6972576379776,
    "chains_ptm": {
        "0": 0.9726391434669495,
        "1": 0.82955002784729
    },
    "pair_chains_iptm": {
        "0": {
            "0": 0.9726391434669495,
            "1": 0.5511531233787537
        },
        "1": {
            "0": 0.7680480480194092,
            "1": 0.82955002784729
        }
    }
}