{
    "confidence_score": 0.8446022272109985,
    "ptm": 0.8938661813735962,
    "iptm": 0.7201561331748962,
    "ligand_iptm": 0.7201561331748962,
    "protein_iptm": 0.0,
    "complex_plddt": 0.8757137060165405,
    "complex_iplddt": 0.7046372890472412,
    "complex_pde": 0.6432323455810547,
    "complex_ipde": 1.9945276975631714,
    "chains_ptm": {
        "0": 0.9419892430305481,
        "1": 0.804384708404541
    },
    "pair_chains_iptm": {
        "0": {
            "0": 0.9419892430305481,
            "1": 0.49295774102211
        },
        "1": {
            "0": 0.7201561331748962,
            "1": 0.804384708404541
        }
    }
}