{
    "confidence_score": 0.8263050317764282,
    "ptm": 0.9193286299705505,
    "iptm": 0.7775974869728088,
    "ligand_iptm": 0.7775974869728088,
    "protein_iptm": 0.0,
    "complex_plddt": 0.8384819030761719,
    "complex_iplddt": 0.6486238837242126,
    "complex_pde": 0.6054567694664001,
    "complex_ipde": 1.510252833366394,
    "chains_ptm": {
        "0": 0.9580888748168945,
        "1": 0.8205867409706116
    },
    "pair_chains_iptm": {
        "0": {
            "0": 0.9580888748168945,
            "1": 0.5681025981903076
        },
        "1": {
            "0": 0.7775974869728088,
            "1": 0.8205867409706116
        }
    }
}