{
    "confidence_score": 0.8141657114028931,
    "ptm": 0.8987724781036377,
    "iptm": 0.7196414470672607,
    "ligand_iptm": 0.7196414470672607,
    "protein_iptm": 0.0,
    "complex_plddt": 0.837796688079834,
    "complex_iplddt": 0.6264163851737976,
    "complex_pde": 0.6803982853889465,
    "complex_ipde": 2.2473809719085693,
    "chains_ptm": {
        "0": 0.9498565196990967,
        "1": 0.7629349827766418
    },
    "pair_chains_iptm": {
        "0": {
            "0": 0.9498565196990967,
            "1": 0.4333533048629761
        },
        "1": {
            "0": 0.7196414470672607,
            "1": 0.7629349827766418
        }
    }
}