{
    "confidence_score": 0.8374630808830261,
    "ptm": 0.9255005717277527,
    "iptm": 0.7178035974502563,
    "ligand_iptm": 0.7178035974502563,
    "protein_iptm": 0.0,
    "complex_plddt": 0.8673779964447021,
    "complex_iplddt": 0.6513440012931824,
    "complex_pde": 0.5813630223274231,
    "complex_ipde": 1.8821184635162354,
    "chains_ptm": {
        "0": 0.976804256439209,
        "1": 0.8036224246025085
    },
    "pair_chains_iptm": {
        "0": {
            "0": 0.976804256439209,
            "1": 0.44085466861724854
        },
        "1": {
            "0": 0.7178035974502563,
            "1": 0.8036224246025085
        }
    }
}