{
    "confidence_score": 0.805709958076477,
    "ptm": 0.903912365436554,
    "iptm": 0.6657650470733643,
    "ligand_iptm": 0.6657650470733643,
    "protein_iptm": 0.0,
    "complex_plddt": 0.8406961560249329,
    "complex_iplddt": 0.610877275466919,
    "complex_pde": 0.6780458092689514,
    "complex_ipde": 2.2406036853790283,
    "chains_ptm": {
        "0": 0.9670672416687012,
        "1": 0.7475503087043762
    },
    "pair_chains_iptm": {
        "0": {
            "0": 0.9670672416687012,
            "1": 0.3262379467487335
        },
        "1": {
            "0": 0.6657650470733643,
            "1": 0.7475503087043762
        }
    }
}