{
    "confidence_score": 0.8506217002868652,
    "ptm": 0.917962908744812,
    "iptm": 0.765995979309082,
    "ligand_iptm": 0.765995979309082,
    "protein_iptm": 0.0,
    "complex_plddt": 0.871778130531311,
    "complex_iplddt": 0.6773305535316467,
    "complex_pde": 0.5528845191001892,
    "complex_ipde": 1.4160089492797852,
    "chains_ptm": {
        "0": 0.9583372473716736,
        "1": 0.8135437369346619
    },
    "pair_chains_iptm": {
        "0": {
            "0": 0.9583372473716736,
            "1": 0.38060522079467773
        },
        "1": {
            "0": 0.765995979309082,
            "1": 0.8135437369346619
        }
    }
}