{
    "confidence_score": 0.8407010436058044,
    "ptm": 0.9050028324127197,
    "iptm": 0.7002564072608948,
    "ligand_iptm": 0.7002564072608948,
    "protein_iptm": 0.0,
    "complex_plddt": 0.8758121132850647,
    "complex_iplddt": 0.7076245546340942,
    "complex_pde": 0.6600838899612427,
    "complex_ipde": 2.1871304512023926,
    "chains_ptm": {
        "0": 0.9589410424232483,
        "1": 0.7417110204696655
    },
    "pair_chains_iptm": {
        "0": {
            "0": 0.9589410424232483,
            "1": 0.42295199632644653
        },
        "1": {
            "0": 0.7002564072608948,
            "1": 0.7417110204696655
        }
    }
}