{
    "confidence_score": 0.8371548652648926,
    "ptm": 0.9051249623298645,
    "iptm": 0.7369083762168884,
    "ligand_iptm": 0.7369083762168884,
    "protein_iptm": 0.0,
    "complex_plddt": 0.8622165322303772,
    "complex_iplddt": 0.6788971424102783,
    "complex_pde": 0.6873893141746521,
    "complex_ipde": 2.052734375,
    "chains_ptm": {
        "0": 0.9548244476318359,
        "1": 0.7553246021270752
    },
    "pair_chains_iptm": {
        "0": {
            "0": 0.9548244476318359,
            "1": 0.4625668525695801
        },
        "1": {
            "0": 0.7369083762168884,
            "1": 0.7553246021270752
        }
    }
}