{
    "confidence_score": 0.8171787261962891,
    "ptm": 0.9024462699890137,
    "iptm": 0.6963686943054199,
    "ligand_iptm": 0.6963686943054199,
    "protein_iptm": 0.0,
    "complex_plddt": 0.8473812341690063,
    "complex_iplddt": 0.6274879574775696,
    "complex_pde": 0.6702747344970703,
    "complex_ipde": 2.2327194213867188,
    "chains_ptm": {
        "0": 0.9567847847938538,
        "1": 0.8059197068214417
    },
    "pair_chains_iptm": {
        "0": {
            "0": 0.9567847847938538,
            "1": 0.4263301193714142
        },
        "1": {
            "0": 0.6963686943054199,
            "1": 0.8059197068214417
        }
    }
}