{
    "confidence_score": 0.896439254283905,
    "ptm": 0.9214098453521729,
    "iptm": 0.7993679642677307,
    "ligand_iptm": 0.7993679642677307,
    "protein_iptm": 0.0,
    "complex_plddt": 0.920707106590271,
    "complex_iplddt": 0.8510075211524963,
    "complex_pde": 0.5675355792045593,
    "complex_ipde": 1.6639392375946045,
    "chains_ptm": {
        "0": 0.9587845802307129,
        "1": 0.7949774265289307
    },
    "pair_chains_iptm": {
        "0": {
            "0": 0.9587845802307129,
            "1": 0.5374108552932739
        },
        "1": {
            "0": 0.7993679642677307,
            "1": 0.7949774265289307
        }
    }
}