{
    "confidence_score": 0.8193345069885254,
    "ptm": 0.8888296484947205,
    "iptm": 0.6297785639762878,
    "ligand_iptm": 0.6297785639762878,
    "protein_iptm": 0.0,
    "complex_plddt": 0.8667234778404236,
    "complex_iplddt": 0.6699783205986023,
    "complex_pde": 0.7382557392120361,
    "complex_ipde": 2.5555543899536133,
    "chains_ptm": {
        "0": 0.9573346972465515,
        "1": 0.7293930053710938
    },
    "pair_chains_iptm": {
        "0": {
            "0": 0.9573346972465515,
            "1": 0.39694154262542725
        },
        "1": {
            "0": 0.6297785639762878,
            "1": 0.7293930053710938
        }
    }
}