{
    "confidence_score": 0.867684543132782,
    "ptm": 0.910607635974884,
    "iptm": 0.7312154173851013,
    "ligand_iptm": 0.7312154173851013,
    "protein_iptm": 0.0,
    "complex_plddt": 0.9018018841743469,
    "complex_iplddt": 0.7635277509689331,
    "complex_pde": 0.6179909706115723,
    "complex_ipde": 1.8351263999938965,
    "chains_ptm": {
        "0": 0.9558271169662476,
        "1": 0.8068220019340515
    },
    "pair_chains_iptm": {
        "0": {
            "0": 0.9558271169662476,
            "1": 0.489721417427063
        },
        "1": {
            "0": 0.7312154173851013,
            "1": 0.8068220019340515
        }
    }
}