{
    "confidence_score": 0.8482246398925781,
    "ptm": 0.9454628825187683,
    "iptm": 0.8446587324142456,
    "ligand_iptm": 0.8446587324142456,
    "protein_iptm": 0.0,
    "complex_plddt": 0.8491160869598389,
    "complex_iplddt": 0.6706605553627014,
    "complex_pde": 0.46259716153144836,
    "complex_ipde": 1.109845757484436,
    "chains_ptm": {
        "0": 0.9729916453361511,
        "1": 0.8505614995956421
    },
    "pair_chains_iptm": {
        "0": {
            "0": 0.9729916453361511,
            "1": 0.6288577318191528
        },
        "1": {
            "0": 0.8446587324142456,
            "1": 0.8505614995956421
        }
    }
}