{
    "confidence_score": 0.8053120970726013,
    "ptm": 0.9191114902496338,
    "iptm": 0.7596222758293152,
    "ligand_iptm": 0.7596222758293152,
    "protein_iptm": 0.0,
    "complex_plddt": 0.8167344927787781,
    "complex_iplddt": 0.5906491279602051,
    "complex_pde": 0.615774393081665,
    "complex_ipde": 1.7388395071029663,
    "chains_ptm": {
        "0": 0.9637148976325989,
        "1": 0.772663950920105
    },
    "pair_chains_iptm": {
        "0": {
            "0": 0.9637148976325989,
            "1": 0.506726086139679
        },
        "1": {
            "0": 0.7596222758293152,
            "1": 0.772663950920105
        }
    }
}