{
    "confidence_score": 0.8226141929626465,
    "ptm": 0.8948760032653809,
    "iptm": 0.669592022895813,
    "ligand_iptm": 0.669592022895813,
    "protein_iptm": 0.0,
    "complex_plddt": 0.8608697652816772,
    "complex_iplddt": 0.6404188871383667,
    "complex_pde": 0.7201663255691528,
    "complex_ipde": 2.4194071292877197,
    "chains_ptm": {
        "0": 0.9565452337265015,
        "1": 0.792112410068512
    },
    "pair_chains_iptm": {
        "0": {
            "0": 0.9565452337265015,
            "1": 0.3722321093082428
        },
        "1": {
            "0": 0.669592022895813,
            "1": 0.792112410068512
        }
    }
}