{
    "confidence_score": 0.852785587310791,
    "ptm": 0.9337909817695618,
    "iptm": 0.7849142551422119,
    "ligand_iptm": 0.7849142551422119,
    "protein_iptm": 0.0,
    "complex_plddt": 0.8697534203529358,
    "complex_iplddt": 0.692710816860199,
    "complex_pde": 0.5426327586174011,
    "complex_ipde": 1.5831702947616577,
    "chains_ptm": {
        "0": 0.9720105528831482,
        "1": 0.8246636390686035
    },
    "pair_chains_iptm": {
        "0": {
            "0": 0.9720105528831482,
            "1": 0.5592954754829407
        },
        "1": {
            "0": 0.7849142551422119,
            "1": 0.8246636390686035
        }
    }
}