{
    "confidence_score": 0.8292941451072693,
    "ptm": 0.9078164100646973,
    "iptm": 0.7286030054092407,
    "ligand_iptm": 0.7286030054092407,
    "protein_iptm": 0.0,
    "complex_plddt": 0.8544669151306152,
    "complex_iplddt": 0.6622346043586731,
    "complex_pde": 0.6058741211891174,
    "complex_ipde": 1.7460583448410034,
    "chains_ptm": {
        "0": 0.9545639157295227,
        "1": 0.7497121691703796
    },
    "pair_chains_iptm": {
        "0": {
            "0": 0.9545639157295227,
            "1": 0.49109071493148804
        },
        "1": {
            "0": 0.7286030054092407,
            "1": 0.7497121691703796
        }
    }
}