{
    "confidence_score": 0.8000776171684265,
    "ptm": 0.8976464867591858,
    "iptm": 0.684666633605957,
    "ligand_iptm": 0.684666633605957,
    "protein_iptm": 0.0,
    "complex_plddt": 0.8289303779602051,
    "complex_iplddt": 0.5675266981124878,
    "complex_pde": 0.6953184604644775,
    "complex_ipde": 2.0926575660705566,
    "chains_ptm": {
        "0": 0.9551968574523926,
        "1": 0.765954852104187
    },
    "pair_chains_iptm": {
        "0": {
            "0": 0.9551968574523926,
            "1": 0.4760577082633972
        },
        "1": {
            "0": 0.684666633605957,
            "1": 0.765954852104187
        }
    }
}