{
    "confidence_score": 0.8149160742759705,
    "ptm": 0.8990035057067871,
    "iptm": 0.7073287963867188,
    "ligand_iptm": 0.7073287963867188,
    "protein_iptm": 0.0,
    "complex_plddt": 0.8418128490447998,
    "complex_iplddt": 0.6059079170227051,
    "complex_pde": 0.6788570880889893,
    "complex_ipde": 2.108473062515259,
    "chains_ptm": {
        "0": 0.9520914554595947,
        "1": 0.758008599281311
    },
    "pair_chains_iptm": {
        "0": {
            "0": 0.9520914554595947,
            "1": 0.4396306574344635
        },
        "1": {
            "0": 0.7073287963867188,
            "1": 0.758008599281311
        }
    }
}