{
    "confidence_score": 0.8565126657485962,
    "ptm": 0.9280463457107544,
    "iptm": 0.7937754392623901,
    "ligand_iptm": 0.7937754392623901,
    "protein_iptm": 0.0,
    "complex_plddt": 0.8721969127655029,
    "complex_iplddt": 0.7064301371574402,
    "complex_pde": 0.5301916599273682,
    "complex_ipde": 1.5085821151733398,
    "chains_ptm": {
        "0": 0.9638983011245728,
        "1": 0.8239726424217224
    },
    "pair_chains_iptm": {
        "0": {
            "0": 0.9638983011245728,
            "1": 0.542729377746582
        },
        "1": {
            "0": 0.7937754392623901,
            "1": 0.8239726424217224
        }
    }
}