{
    "confidence_score": 0.8454233407974243,
    "ptm": 0.901443600654602,
    "iptm": 0.7288352251052856,
    "ligand_iptm": 0.7288352251052856,
    "protein_iptm": 0.0,
    "complex_plddt": 0.8745703101158142,
    "complex_iplddt": 0.7216805219650269,
    "complex_pde": 0.655558168888092,
    "complex_ipde": 2.0570476055145264,
    "chains_ptm": {
        "0": 0.9486764073371887,
        "1": 0.803653359413147
    },
    "pair_chains_iptm": {
        "0": {
            "0": 0.9486764073371887,
            "1": 0.46639424562454224
        },
        "1": {
            "0": 0.7288352251052856,
            "1": 0.803653359413147
        }
    }
}