{
    "confidence_score": 0.8371381759643555,
    "ptm": 0.9389162063598633,
    "iptm": 0.8188648223876953,
    "ligand_iptm": 0.8188648223876953,
    "protein_iptm": 0.0,
    "complex_plddt": 0.8417065739631653,
    "complex_iplddt": 0.6322209239006042,
    "complex_pde": 0.4899548292160034,
    "complex_ipde": 1.3132352828979492,
    "chains_ptm": {
        "0": 0.9720402956008911,
        "1": 0.8422276973724365
    },
    "pair_chains_iptm": {
        "0": {
            "0": 0.9720402956008911,
            "1": 0.6027981638908386
        },
        "1": {
            "0": 0.8188648223876953,
            "1": 0.8422276973724365
        }
    }
}