{
    "confidence_score": 0.8591734766960144,
    "ptm": 0.9132791757583618,
    "iptm": 0.7341644167900085,
    "ligand_iptm": 0.7341644167900085,
    "protein_iptm": 0.0,
    "complex_plddt": 0.8904257416725159,
    "complex_iplddt": 0.7333250045776367,
    "complex_pde": 0.6533463597297668,
    "complex_ipde": 2.058445930480957,
    "chains_ptm": {
        "0": 0.9589173793792725,
        "1": 0.8077868223190308
    },
    "pair_chains_iptm": {
        "0": {
            "0": 0.9589173793792725,
            "1": 0.4928256869316101
        },
        "1": {
            "0": 0.7341644167900085,
            "1": 0.8077868223190308
        }
    }
}