{
    "confidence_score": 0.8498221635818481,
    "ptm": 0.9256232976913452,
    "iptm": 0.7524008750915527,
    "ligand_iptm": 0.7524008750915527,
    "protein_iptm": 0.0,
    "complex_plddt": 0.8741774559020996,
    "complex_iplddt": 0.6766656637191772,
    "complex_pde": 0.5782672166824341,
    "complex_ipde": 1.7033919095993042,
    "chains_ptm": {
        "0": 0.9719110131263733,
        "1": 0.7626079320907593
    },
    "pair_chains_iptm": {
        "0": {
            "0": 0.9719110131263733,
            "1": 0.4863940477371216
        },
        "1": {
            "0": 0.7524008750915527,
            "1": 0.7626079320907593
        }
    }
}