{
    "confidence_score": 0.8566480875015259,
    "ptm": 0.9206618070602417,
    "iptm": 0.8035712838172913,
    "ligand_iptm": 0.8035712838172913,
    "protein_iptm": 0.0,
    "complex_plddt": 0.8699172735214233,
    "complex_iplddt": 0.7279813289642334,
    "complex_pde": 0.5707395076751709,
    "complex_ipde": 1.7533586025238037,
    "chains_ptm": {
        "0": 0.9540064334869385,
        "1": 0.8215136528015137
    },
    "pair_chains_iptm": {
        "0": {
            "0": 0.9540064334869385,
            "1": 0.4953049421310425
        },
        "1": {
            "0": 0.8035712838172913,
            "1": 0.8215136528015137
        }
    }
}