{
    "confidence_score": 0.8554617762565613,
    "ptm": 0.921256959438324,
    "iptm": 0.759364664554596,
    "ligand_iptm": 0.759364664554596,
    "protein_iptm": 0.0,
    "complex_plddt": 0.879486083984375,
    "complex_iplddt": 0.7298435568809509,
    "complex_pde": 0.5975449681282043,
    "complex_ipde": 1.6863763332366943,
    "chains_ptm": {
        "0": 0.9633607864379883,
        "1": 0.8070836067199707
    },
    "pair_chains_iptm": {
        "0": {
            "0": 0.9633607864379883,
            "1": 0.5503978729248047
        },
        "1": {
            "0": 0.759364664554596,
            "1": 0.8070836067199707
        }
    }
}