{
    "confidence_score": 0.8874145746231079,
    "ptm": 0.9312670230865479,
    "iptm": 0.8117402195930481,
    "ligand_iptm": 0.8117402195930481,
    "protein_iptm": 0.0,
    "complex_plddt": 0.9063331484794617,
    "complex_iplddt": 0.7817291617393494,
    "complex_pde": 0.5129064917564392,
    "complex_ipde": 1.4087094068527222,
    "chains_ptm": {
        "0": 0.9641203284263611,
        "1": 0.8252800703048706
    },
    "pair_chains_iptm": {
        "0": {
            "0": 0.9641203284263611,
            "1": 0.4709925651550293
        },
        "1": {
            "0": 0.8117402195930481,
            "1": 0.8252800703048706
        }
    }
}