{
    "confidence_score": 0.7901903986930847,
    "ptm": 0.8853939175605774,
    "iptm": 0.6130393743515015,
    "ligand_iptm": 0.6130393743515015,
    "protein_iptm": 0.0,
    "complex_plddt": 0.8344781994819641,
    "complex_iplddt": 0.5576307773590088,
    "complex_pde": 0.8133589625358582,
    "complex_ipde": 2.8999757766723633,
    "chains_ptm": {
        "0": 0.9541602730751038,
        "1": 0.760676383972168
    },
    "pair_chains_iptm": {
        "0": {
            "0": 0.9541602730751038,
            "1": 0.37028777599334717
        },
        "1": {
            "0": 0.6130393743515015,
            "1": 0.760676383972168
        }
    }
}