{
    "confidence_score": 0.8487383127212524,
    "ptm": 0.8870953321456909,
    "iptm": 0.6331084370613098,
    "ligand_iptm": 0.6331084370613098,
    "protein_iptm": 0.0,
    "complex_plddt": 0.9026457071304321,
    "complex_iplddt": 0.75845867395401,
    "complex_pde": 0.7300490140914917,
    "complex_ipde": 2.571347713470459,
    "chains_ptm": {
        "0": 0.9548525810241699,
        "1": 0.7434898614883423
    },
    "pair_chains_iptm": {
        "0": {
            "0": 0.9548525810241699,
            "1": 0.3314230740070343
        },
        "1": {
            "0": 0.6331084370613098,
            "1": 0.7434898614883423
        }
    }
}