{
    "confidence_score": 0.8715584874153137,
    "ptm": 0.9275296926498413,
    "iptm": 0.7678895592689514,
    "ligand_iptm": 0.7678895592689514,
    "protein_iptm": 0.0,
    "complex_plddt": 0.8974756598472595,
    "complex_iplddt": 0.7198243141174316,
    "complex_pde": 0.5662004351615906,
    "complex_ipde": 1.7566882371902466,
    "chains_ptm": {
        "0": 0.9690817594528198,
        "1": 0.820690393447876
    },
    "pair_chains_iptm": {
        "0": {
            "0": 0.9690817594528198,
            "1": 0.49637570977211
        },
        "1": {
            "0": 0.7678895592689514,
            "1": 0.820690393447876
        }
    }
}