{
    "confidence_score": 0.8390657305717468,
    "ptm": 0.8933934569358826,
    "iptm": 0.7196047902107239,
    "ligand_iptm": 0.7196047902107239,
    "protein_iptm": 0.0,
    "complex_plddt": 0.868930995464325,
    "complex_iplddt": 0.6973363757133484,
    "complex_pde": 0.6922496557235718,
    "complex_ipde": 2.2031784057617188,
    "chains_ptm": {
        "0": 0.942573070526123,
        "1": 0.7551783323287964
    },
    "pair_chains_iptm": {
        "0": {
            "0": 0.942573070526123,
            "1": 0.4242912828922272
        },
        "1": {
            "0": 0.7196047902107239,
            "1": 0.7551783323287964
        }
    }
}