{
    "confidence_score": 0.8174762725830078,
    "ptm": 0.9265038371086121,
    "iptm": 0.7570357918739319,
    "ligand_iptm": 0.7570357918739319,
    "protein_iptm": 0.0,
    "complex_plddt": 0.8325863480567932,
    "complex_iplddt": 0.5735156536102295,
    "complex_pde": 0.5506318807601929,
    "complex_ipde": 1.6140601634979248,
    "chains_ptm": {
        "0": 0.9717278480529785,
        "1": 0.8367891311645508
    },
    "pair_chains_iptm": {
        "0": {
            "0": 0.9717278480529785,
            "1": 0.5304381251335144
        },
        "1": {
            "0": 0.7570357918739319,
            "1": 0.8367891311645508
        }
    }
}