{
    "confidence_score": 0.8195989727973938,
    "ptm": 0.9230337738990784,
    "iptm": 0.8024072051048279,
    "ligand_iptm": 0.8024072051048279,
    "protein_iptm": 0.0,
    "complex_plddt": 0.8238968849182129,
    "complex_iplddt": 0.6597803235054016,
    "complex_pde": 0.5835728645324707,
    "complex_ipde": 1.4794267416000366,
    "chains_ptm": {
        "0": 0.9581804871559143,
        "1": 0.8355662822723389
    },
    "pair_chains_iptm": {
        "0": {
            "0": 0.9581804871559143,
            "1": 0.5794990658760071
        },
        "1": {
            "0": 0.8024072051048279,
            "1": 0.8355662822723389
        }
    }
}