{
    "confidence_score": 0.8156189322471619,
    "ptm": 0.9071456789970398,
    "iptm": 0.7110291123390198,
    "ligand_iptm": 0.7110291123390198,
    "protein_iptm": 0.0,
    "complex_plddt": 0.8417662978172302,
    "complex_iplddt": 0.6163572072982788,
    "complex_pde": 0.6363586783409119,
    "complex_ipde": 2.1622321605682373,
    "chains_ptm": {
        "0": 0.962380051612854,
        "1": 0.7914890050888062
    },
    "pair_chains_iptm": {
        "0": {
            "0": 0.962380051612854,
            "1": 0.4664975106716156
        },
        "1": {
            "0": 0.7110291123390198,
            "1": 0.7914890050888062
        }
    }
}