{
    "confidence_score": 0.8276087045669556,
    "ptm": 0.9104989767074585,
    "iptm": 0.7261524200439453,
    "ligand_iptm": 0.7261524200439453,
    "protein_iptm": 0.0,
    "complex_plddt": 0.8529728055000305,
    "complex_iplddt": 0.650616466999054,
    "complex_pde": 0.6096946597099304,
    "complex_ipde": 1.9914788007736206,
    "chains_ptm": {
        "0": 0.9630295038223267,
        "1": 0.7899336814880371
    },
    "pair_chains_iptm": {
        "0": {
            "0": 0.9630295038223267,
            "1": 0.462723046541214
        },
        "1": {
            "0": 0.7261524200439453,
            "1": 0.7899336814880371
        }
    }
}