{
    "confidence_score": 0.8265630602836609,
    "ptm": 0.9063500761985779,
    "iptm": 0.7368568181991577,
    "ligand_iptm": 0.7368568181991577,
    "protein_iptm": 0.0,
    "complex_plddt": 0.8489896059036255,
    "complex_iplddt": 0.6298148036003113,
    "complex_pde": 0.5878232717514038,
    "complex_ipde": 1.5923864841461182,
    "chains_ptm": {
        "0": 0.9513636827468872,
        "1": 0.7980154752731323
    },
    "pair_chains_iptm": {
        "0": {
            "0": 0.9513636827468872,
            "1": 0.3667495846748352
        },
        "1": {
            "0": 0.7368568181991577,
            "1": 0.7980154752731323
        }
    }
}