{
    "confidence_score": 0.8376696705818176,
    "ptm": 0.924651026725769,
    "iptm": 0.7692376375198364,
    "ligand_iptm": 0.7692376375198364,
    "protein_iptm": 0.0,
    "complex_plddt": 0.8547776937484741,
    "complex_iplddt": 0.6571447253227234,
    "complex_pde": 0.5882172584533691,
    "complex_ipde": 1.6622581481933594,
    "chains_ptm": {
        "0": 0.9686795473098755,
        "1": 0.7941954731941223
    },
    "pair_chains_iptm": {
        "0": {
            "0": 0.9686795473098755,
            "1": 0.4944731593132019
        },
        "1": {
            "0": 0.7692376375198364,
            "1": 0.7941954731941223
        }
    }
}