{
    "confidence_score": 0.8544432520866394,
    "ptm": 0.925946056842804,
    "iptm": 0.7754262685775757,
    "ligand_iptm": 0.7754262685775757,
    "protein_iptm": 0.0,
    "complex_plddt": 0.8741974830627441,
    "complex_iplddt": 0.694480299949646,
    "complex_pde": 0.5599271059036255,
    "complex_ipde": 1.6920194625854492,
    "chains_ptm": {
        "0": 0.9664152264595032,
        "1": 0.8202285766601562
    },
    "pair_chains_iptm": {
        "0": {
            "0": 0.9664152264595032,
            "1": 0.5385194420814514
        },
        "1": {
            "0": 0.7754262685775757,
            "1": 0.8202285766601562
        }
    }
}