{
    "confidence_score": 0.8432371020317078,
    "ptm": 0.8968489170074463,
    "iptm": 0.7259380221366882,
    "ligand_iptm": 0.7259380221366882,
    "protein_iptm": 0.0,
    "complex_plddt": 0.8725619316101074,
    "complex_iplddt": 0.7002747058868408,
    "complex_pde": 0.7151267528533936,
    "complex_ipde": 2.1823389530181885,
    "chains_ptm": {
        "0": 0.9471918940544128,
        "1": 0.7487844228744507
    },
    "pair_chains_iptm": {
        "0": {
            "0": 0.9471918940544128,
            "1": 0.44324323534965515
        },
        "1": {
            "0": 0.7259380221366882,
            "1": 0.7487844228744507
        }
    }
}