{
    "confidence_score": 0.8239542841911316,
    "ptm": 0.9066674113273621,
    "iptm": 0.7140056490898132,
    "ligand_iptm": 0.7140056490898132,
    "protein_iptm": 0.0,
    "complex_plddt": 0.8514414429664612,
    "complex_iplddt": 0.6427618265151978,
    "complex_pde": 0.6565064787864685,
    "complex_ipde": 1.9290919303894043,
    "chains_ptm": {
        "0": 0.9571710228919983,
        "1": 0.7965384721755981
    },
    "pair_chains_iptm": {
        "0": {
            "0": 0.9571710228919983,
            "1": 0.5080590844154358
        },
        "1": {
            "0": 0.7140056490898132,
            "1": 0.7965384721755981
        }
    }
}