{
    "confidence_score": 0.8083640336990356,
    "ptm": 0.8819791674613953,
    "iptm": 0.654524028301239,
    "ligand_iptm": 0.654524028301239,
    "protein_iptm": 0.0,
    "complex_plddt": 0.846824049949646,
    "complex_iplddt": 0.6489405035972595,
    "complex_pde": 0.8095830678939819,
    "complex_ipde": 2.8315420150756836,
    "chains_ptm": {
        "0": 0.9444196820259094,
        "1": 0.7360550165176392
    },
    "pair_chains_iptm": {
        "0": {
            "0": 0.9444196820259094,
            "1": 0.3274086117744446
        },
        "1": {
            "0": 0.654524028301239,
            "1": 0.7360550165176392
        }
    }
}