{
    "confidence_score": 0.789779007434845,
    "ptm": 0.8842672109603882,
    "iptm": 0.5667183995246887,
    "ligand_iptm": 0.5667183995246887,
    "protein_iptm": 0.0,
    "complex_plddt": 0.845544159412384,
    "complex_iplddt": 0.5636775493621826,
    "complex_pde": 0.7623708844184875,
    "complex_ipde": 2.9659955501556396,
    "chains_ptm": {
        "0": 0.9622781276702881,
        "1": 0.7725833654403687
    },
    "pair_chains_iptm": {
        "0": {
            "0": 0.9622781276702881,
            "1": 0.30664464831352234
        },
        "1": {
            "0": 0.5667183995246887,
            "1": 0.7725833654403687
        }
    }
}