{
    "confidence_score": 0.9031252264976501,
    "ptm": 0.9568193554878235,
    "iptm": 0.8797268271446228,
    "ligand_iptm": 0.8797268271446228,
    "protein_iptm": 0.0,
    "complex_plddt": 0.908974826335907,
    "complex_iplddt": 0.7804847359657288,
    "complex_pde": 0.4011462926864624,
    "complex_ipde": 0.8011863231658936,
    "chains_ptm": {
        "0": 0.9786075949668884,
        "1": 0.8612674474716187
    },
    "pair_chains_iptm": {
        "0": {
            "0": 0.9786075949668884,
            "1": 0.6748588681221008
        },
        "1": {
            "0": 0.8797268271446228,
            "1": 0.8612674474716187
        }
    }
}