{
    "confidence_score": 0.8228873610496521,
    "ptm": 0.9260585308074951,
    "iptm": 0.7952893972396851,
    "ligand_iptm": 0.7952893972396851,
    "protein_iptm": 0.0,
    "complex_plddt": 0.8297867774963379,
    "complex_iplddt": 0.6271606087684631,
    "complex_pde": 0.585818886756897,
    "complex_ipde": 1.5854753255844116,
    "chains_ptm": {
        "0": 0.9647825360298157,
        "1": 0.7684807777404785
    },
    "pair_chains_iptm": {
        "0": {
            "0": 0.9647825360298157,
            "1": 0.5222040414810181
        },
        "1": {
            "0": 0.7952893972396851,
            "1": 0.7684807777404785
        }
    }
}