{
    "confidence_score": 0.8768072128295898,
    "ptm": 0.9403722286224365,
    "iptm": 0.8347527980804443,
    "ligand_iptm": 0.8347527980804443,
    "protein_iptm": 0.0,
    "complex_plddt": 0.8873207569122314,
    "complex_iplddt": 0.7418625950813293,
    "complex_pde": 0.4897775948047638,
    "complex_ipde": 1.3326140642166138,
    "chains_ptm": {
        "0": 0.9702710509300232,
        "1": 0.8444426655769348
    },
    "pair_chains_iptm": {
        "0": {
            "0": 0.9702710509300232,
            "1": 0.6114521622657776
        },
        "1": {
            "0": 0.8347527980804443,
            "1": 0.8444426655769348
        }
    }
}