{
    "confidence_score": 0.7728915214538574,
    "ptm": 0.8830708861351013,
    "iptm": 0.6604111790657043,
    "ligand_iptm": 0.6604111790657043,
    "protein_iptm": 0.0,
    "complex_plddt": 0.8010116219520569,
    "complex_iplddt": 0.5598111748695374,
    "complex_pde": 0.8351403474807739,
    "complex_ipde": 2.4746105670928955,
    "chains_ptm": {
        "0": 0.9440230131149292,
        "1": 0.748875081539154
    },
    "pair_chains_iptm": {
        "0": {
            "0": 0.9440230131149292,
            "1": 0.33173590898513794
        },
        "1": {
            "0": 0.6604111790657043,
            "1": 0.748875081539154
        }
    }
}