{
    "confidence_score": 0.8483684659004211,
    "ptm": 0.909115731716156,
    "iptm": 0.7974480390548706,
    "ligand_iptm": 0.7974480390548706,
    "protein_iptm": 0.0,
    "complex_plddt": 0.8610985279083252,
    "complex_iplddt": 0.7060444355010986,
    "complex_pde": 0.6295707821846008,
    "complex_ipde": 1.84246826171875,
    "chains_ptm": {
        "0": 0.9434238076210022,
        "1": 0.7725696563720703
    },
    "pair_chains_iptm": {
        "0": {
            "0": 0.9434238076210022,
            "1": 0.5179692506790161
        },
        "1": {
            "0": 0.7974480390548706,
            "1": 0.7725696563720703
        }
    }
}