{
    "confidence_score": 0.8560182452201843,
    "ptm": 0.9247366786003113,
    "iptm": 0.7670469880104065,
    "ligand_iptm": 0.7670469880104065,
    "protein_iptm": 0.0,
    "complex_plddt": 0.8782610297203064,
    "complex_iplddt": 0.7175493240356445,
    "complex_pde": 0.5758669376373291,
    "complex_ipde": 1.709212064743042,
    "chains_ptm": {
        "0": 0.9679659605026245,
        "1": 0.7650999426841736
    },
    "pair_chains_iptm": {
        "0": {
            "0": 0.9679659605026245,
            "1": 0.49772909283638
        },
        "1": {
            "0": 0.7670469880104065,
            "1": 0.7650999426841736
        }
    }
}