{
    "confidence_score": 0.8557192087173462,
    "ptm": 0.9201072454452515,
    "iptm": 0.7458917498588562,
    "ligand_iptm": 0.7458917498588562,
    "protein_iptm": 0.0,
    "complex_plddt": 0.8831760883331299,
    "complex_iplddt": 0.6952479481697083,
    "complex_pde": 0.5700114369392395,
    "complex_ipde": 1.6691404581069946,
    "chains_ptm": {
        "0": 0.964749813079834,
        "1": 0.8226876854896545
    },
    "pair_chains_iptm": {
        "0": {
            "0": 0.964749813079834,
            "1": 0.5012320876121521
        },
        "1": {
            "0": 0.7458917498588562,
            "1": 0.8226876854896545
        }
    }
}