{
    "confidence_score": 0.8416364789009094,
    "ptm": 0.948260486125946,
    "iptm": 0.8431385159492493,
    "ligand_iptm": 0.8431385159492493,
    "protein_iptm": 0.0,
    "complex_plddt": 0.8412609696388245,
    "complex_iplddt": 0.6574260592460632,
    "complex_pde": 0.4531504809856415,
    "complex_ipde": 1.122694492340088,
    "chains_ptm": {
        "0": 0.9792364239692688,
        "1": 0.8344852328300476
    },
    "pair_chains_iptm": {
        "0": {
            "0": 0.9792364239692688,
            "1": 0.6638298630714417
        },
        "1": {
            "0": 0.8431385159492493,
            "1": 0.8344852328300476
        }
    }
}