{
    "confidence_score": 0.8159500360488892,
    "ptm": 0.901648759841919,
    "iptm": 0.6809684038162231,
    "ligand_iptm": 0.6809684038162231,
    "protein_iptm": 0.0,
    "complex_plddt": 0.8496953845024109,
    "complex_iplddt": 0.6177944540977478,
    "complex_pde": 0.676932156085968,
    "complex_ipde": 2.08109188079834,
    "chains_ptm": {
        "0": 0.9616634249687195,
        "1": 0.72886723279953
    },
    "pair_chains_iptm": {
        "0": {
            "0": 0.9616634249687195,
            "1": 0.402737557888031
        },
        "1": {
            "0": 0.6809684038162231,
            "1": 0.72886723279953
        }
    }
}