{
    "confidence_score": 0.8224970698356628,
    "ptm": 0.9053917527198792,
    "iptm": 0.6844636797904968,
    "ligand_iptm": 0.6844636797904968,
    "protein_iptm": 0.0,
    "complex_plddt": 0.8570054173469543,
    "complex_iplddt": 0.643074095249176,
    "complex_pde": 0.6743282079696655,
    "complex_ipde": 2.1916606426239014,
    "chains_ptm": {
        "0": 0.9608810544013977,
        "1": 0.7757943272590637
    },
    "pair_chains_iptm": {
        "0": {
            "0": 0.9608810544013977,
            "1": 0.4516238868236542
        },
        "1": {
            "0": 0.6844636797904968,
            "1": 0.7757943272590637
        }
    }
}