{
    "confidence_score": 0.8236148953437805,
    "ptm": 0.9113635420799255,
    "iptm": 0.7366490960121155,
    "ligand_iptm": 0.7366490960121155,
    "protein_iptm": 0.0,
    "complex_plddt": 0.8453563451766968,
    "complex_iplddt": 0.6125063896179199,
    "complex_pde": 0.6420148015022278,
    "complex_ipde": 2.017956018447876,
    "chains_ptm": {
        "0": 0.9583495259284973,
        "1": 0.7529011964797974
    },
    "pair_chains_iptm": {
        "0": {
            "0": 0.9583495259284973,
            "1": 0.4232684373855591
        },
        "1": {
            "0": 0.7366490960121155,
            "1": 0.7529011964797974
        }
    }
}