{
    "confidence_score": 0.836359441280365,
    "ptm": 0.9129851460456848,
    "iptm": 0.7248423099517822,
    "ligand_iptm": 0.7248423099517822,
    "protein_iptm": 0.0,
    "complex_plddt": 0.8642386794090271,
    "complex_iplddt": 0.6476556658744812,
    "complex_pde": 0.6171553730964661,
    "complex_ipde": 1.98991858959198,
    "chains_ptm": {
        "0": 0.9619153141975403,
        "1": 0.8237606883049011
    },
    "pair_chains_iptm": {
        "0": {
            "0": 0.9619153141975403,
            "1": 0.48104673624038696
        },
        "1": {
            "0": 0.7248423099517822,
            "1": 0.8237606883049011
        }
    }
}