{
    "confidence_score": 0.8378211855888367,
    "ptm": 0.9065861105918884,
    "iptm": 0.730496346950531,
    "ligand_iptm": 0.730496346950531,
    "protein_iptm": 0.0,
    "complex_plddt": 0.8646524548530579,
    "complex_iplddt": 0.6787516474723816,
    "complex_pde": 0.6284395456314087,
    "complex_ipde": 1.8509470224380493,
    "chains_ptm": {
        "0": 0.9570950865745544,
        "1": 0.7462864518165588
    },
    "pair_chains_iptm": {
        "0": {
            "0": 0.9570950865745544,
            "1": 0.4564078748226166
        },
        "1": {
            "0": 0.730496346950531,
            "1": 0.7462864518165588
        }
    }
}