{
    "confidence_score": 0.8186354041099548,
    "ptm": 0.9040461182594299,
    "iptm": 0.7355063557624817,
    "ligand_iptm": 0.7355063557624817,
    "protein_iptm": 0.0,
    "complex_plddt": 0.8394176363945007,
    "complex_iplddt": 0.6441671848297119,
    "complex_pde": 0.650056779384613,
    "complex_ipde": 1.9478181600570679,
    "chains_ptm": {
        "0": 0.9525500535964966,
        "1": 0.7580814957618713
    },
    "pair_chains_iptm": {
        "0": {
            "0": 0.9525500535964966,
            "1": 0.4916941225528717
        },
        "1": {
            "0": 0.7355063557624817,
            "1": 0.7580814957618713
        }
    }
}