{
    "confidence_score": 0.860744297504425,
    "ptm": 0.9106852412223816,
    "iptm": 0.7659926414489746,
    "ligand_iptm": 0.7659926414489746,
    "protein_iptm": 0.0,
    "complex_plddt": 0.8844321966171265,
    "complex_iplddt": 0.7224248647689819,
    "complex_pde": 0.6203954219818115,
    "complex_ipde": 1.7508398294448853,
    "chains_ptm": {
        "0": 0.9517822861671448,
        "1": 0.8154900670051575
    },
    "pair_chains_iptm": {
        "0": {
            "0": 0.9517822861671448,
            "1": 0.5210965275764465
        },
        "1": {
            "0": 0.7659926414489746,
            "1": 0.8154900670051575
        }
    }
}