{
    "confidence_score": 0.8337575793266296,
    "ptm": 0.9060159921646118,
    "iptm": 0.7446660995483398,
    "ligand_iptm": 0.7446660995483398,
    "protein_iptm": 0.0,
    "complex_plddt": 0.8560304045677185,
    "complex_iplddt": 0.6696939468383789,
    "complex_pde": 0.715767502784729,
    "complex_ipde": 1.9138644933700562,
    "chains_ptm": {
        "0": 0.9510805010795593,
        "1": 0.7701592445373535
    },
    "pair_chains_iptm": {
        "0": {
            "0": 0.9510805010795593,
            "1": 0.48087218403816223
        },
        "1": {
            "0": 0.7446660995483398,
            "1": 0.7701592445373535
        }
    }
}