{
    "confidence_score": 0.8416553735733032,
    "ptm": 0.9012974500656128,
    "iptm": 0.7284618616104126,
    "ligand_iptm": 0.7284618616104126,
    "protein_iptm": 0.0,
    "complex_plddt": 0.8699536919593811,
    "complex_iplddt": 0.7187340259552002,
    "complex_pde": 0.6623174548149109,
    "complex_ipde": 2.0498592853546143,
    "chains_ptm": {
        "0": 0.9488041996955872,
        "1": 0.7692975401878357
    },
    "pair_chains_iptm": {
        "0": {
            "0": 0.9488041996955872,
            "1": 0.4761947989463806
        },
        "1": {
            "0": 0.7284618616104126,
            "1": 0.7692975401878357
        }
    }
}