{
    "confidence_score": 0.8417377471923828,
    "ptm": 0.901668131351471,
    "iptm": 0.7044637203216553,
    "ligand_iptm": 0.7044637203216553,
    "protein_iptm": 0.0,
    "complex_plddt": 0.8760562539100647,
    "complex_iplddt": 0.6861248016357422,
    "complex_pde": 0.6962535977363586,
    "complex_ipde": 2.107288360595703,
    "chains_ptm": {
        "0": 0.9561432600021362,
        "1": 0.7392115592956543
    },
    "pair_chains_iptm": {
        "0": {
            "0": 0.9561432600021362,
            "1": 0.4158237874507904
        },
        "1": {
            "0": 0.7044637203216553,
            "1": 0.7392115592956543
        }
    }
}