{
    "confidence_score": 0.806424081325531,
    "ptm": 0.8954319357872009,
    "iptm": 0.6529299020767212,
    "ligand_iptm": 0.6529299020767212,
    "protein_iptm": 0.0,
    "complex_plddt": 0.8447976112365723,
    "complex_iplddt": 0.6302414536476135,
    "complex_pde": 0.7417853474617004,
    "complex_ipde": 2.527317762374878,
    "chains_ptm": {
        "0": 0.9583117961883545,
        "1": 0.7690542936325073
    },
    "pair_chains_iptm": {
        "0": {
            "0": 0.9583117961883545,
            "1": 0.4002217650413513
        },
        "1": {
            "0": 0.6529299020767212,
            "1": 0.7690542936325073
        }
    }
}