{
    "confidence_score": 0.8659982681274414,
    "ptm": 0.9290874004364014,
    "iptm": 0.7740406394004822,
    "ligand_iptm": 0.7740406394004822,
    "protein_iptm": 0.0,
    "complex_plddt": 0.8889877200126648,
    "complex_iplddt": 0.743735671043396,
    "complex_pde": 0.555903971195221,
    "complex_ipde": 1.7271502017974854,
    "chains_ptm": {
        "0": 0.9692370295524597,
        "1": 0.8035179376602173
    },
    "pair_chains_iptm": {
        "0": {
            "0": 0.9692370295524597,
            "1": 0.4244498610496521
        },
        "1": {
            "0": 0.7740406394004822,
            "1": 0.8035179376602173
        }
    }
}