{
    "confidence_score": 0.8337194323539734,
    "ptm": 0.9102856516838074,
    "iptm": 0.7224907875061035,
    "ligand_iptm": 0.7224907875061035,
    "protein_iptm": 0.0,
    "complex_plddt": 0.8615266680717468,
    "complex_iplddt": 0.6804719567298889,
    "complex_pde": 0.6147046685218811,
    "complex_ipde": 1.8368748426437378,
    "chains_ptm": {
        "0": 0.959985077381134,
        "1": 0.8003992438316345
    },
    "pair_chains_iptm": {
        "0": {
            "0": 0.959985077381134,
            "1": 0.4568653404712677
        },
        "1": {
            "0": 0.7224907875061035,
            "1": 0.8003992438316345
        }
    }
}