{
    "confidence_score": 0.8499006628990173,
    "ptm": 0.9116007685661316,
    "iptm": 0.7390956878662109,
    "ligand_iptm": 0.7390956878662109,
    "protein_iptm": 0.0,
    "complex_plddt": 0.8776018619537354,
    "complex_iplddt": 0.6954285502433777,
    "complex_pde": 0.6210334897041321,
    "complex_ipde": 1.7647496461868286,
    "chains_ptm": {
        "0": 0.9596819877624512,
        "1": 0.7681167721748352
    },
    "pair_chains_iptm": {
        "0": {
            "0": 0.9596819877624512,
            "1": 0.5027970671653748
        },
        "1": {
            "0": 0.7390956878662109,
            "1": 0.7681167721748352
        }
    }
}