{
    "confidence_score": 0.8904240727424622,
    "ptm": 0.9314155578613281,
    "iptm": 0.8103023171424866,
    "ligand_iptm": 0.8103023171424866,
    "protein_iptm": 0.0,
    "complex_plddt": 0.9104544520378113,
    "complex_iplddt": 0.7984370589256287,
    "complex_pde": 0.5576311349868774,
    "complex_ipde": 1.6099438667297363,
    "chains_ptm": {
        "0": 0.9633148312568665,
        "1": 0.8213590979576111
    },
    "pair_chains_iptm": {
        "0": {
            "0": 0.9633148312568665,
            "1": 0.5112856030464172
        },
        "1": {
            "0": 0.8103023171424866,
            "1": 0.8213590979576111
        }
    }
}