{
    "confidence_score": 0.8979353904724121,
    "ptm": 0.9379085302352905,
    "iptm": 0.8184175491333008,
    "ligand_iptm": 0.8184175491333008,
    "protein_iptm": 0.0,
    "complex_plddt": 0.9178148508071899,
    "complex_iplddt": 0.8235304355621338,
    "complex_pde": 0.4968205690383911,
    "complex_ipde": 1.3498660326004028,
    "chains_ptm": {
        "0": 0.9701997637748718,
        "1": 0.8428428769111633
    },
    "pair_chains_iptm": {
        "0": {
            "0": 0.9701997637748718,
            "1": 0.5992974042892456
        },
        "1": {
            "0": 0.8184175491333008,
            "1": 0.8428428769111633
        }
    }
}