{
    "confidence_score": 0.7970818877220154,
    "ptm": 0.8749373555183411,
    "iptm": 0.6380802392959595,
    "ligand_iptm": 0.6380802392959595,
    "protein_iptm": 0.0,
    "complex_plddt": 0.8368322849273682,
    "complex_iplddt": 0.6096405982971191,
    "complex_pde": 0.8234396576881409,
    "complex_ipde": 2.7459142208099365,
    "chains_ptm": {
        "0": 0.9391619563102722,
        "1": 0.7875766158103943
    },
    "pair_chains_iptm": {
        "0": {
            "0": 0.9391619563102722,
            "1": 0.2658346891403198
        },
        "1": {
            "0": 0.6380802392959595,
            "1": 0.7875766158103943
        }
    }
}