{
    "confidence_score": 0.8546125292778015,
    "ptm": 0.9171105623245239,
    "iptm": 0.76299649477005,
    "ligand_iptm": 0.76299649477005,
    "protein_iptm": 0.0,
    "complex_plddt": 0.877516508102417,
    "complex_iplddt": 0.7154799103736877,
    "complex_pde": 0.5893027186393738,
    "complex_ipde": 1.6474326848983765,
    "chains_ptm": {
        "0": 0.9612904787063599,
        "1": 0.7946158051490784
    },
    "pair_chains_iptm": {
        "0": {
            "0": 0.9612904787063599,
            "1": 0.5531415939331055
        },
        "1": {
            "0": 0.76299649477005,
            "1": 0.7946158051490784
        }
    }
}