{
    "confidence_score": 0.8013070225715637,
    "ptm": 0.8839808106422424,
    "iptm": 0.6643468141555786,
    "ligand_iptm": 0.6643468141555786,
    "protein_iptm": 0.0,
    "complex_plddt": 0.8355470895767212,
    "complex_iplddt": 0.5939803719520569,
    "complex_pde": 0.741127073764801,
    "complex_ipde": 2.4247331619262695,
    "chains_ptm": {
        "0": 0.9428013563156128,
        "1": 0.8026554584503174
    },
    "pair_chains_iptm": {
        "0": {
            "0": 0.9428013563156128,
            "1": 0.4291827976703644
        },
        "1": {
            "0": 0.6643468141555786,
            "1": 0.8026554584503174
        }
    }
}