{
    "confidence_score": 0.8081346750259399,
    "ptm": 0.9100457429885864,
    "iptm": 0.7118983268737793,
    "ligand_iptm": 0.7118983268737793,
    "protein_iptm": 0.0,
    "complex_plddt": 0.8321936726570129,
    "complex_iplddt": 0.6036213636398315,
    "complex_pde": 0.6176562309265137,
    "complex_ipde": 2.0636203289031982,
    "chains_ptm": {
        "0": 0.9637175798416138,
        "1": 0.7938787937164307
    },
    "pair_chains_iptm": {
        "0": {
            "0": 0.9637175798416138,
            "1": 0.44758957624435425
        },
        "1": {
            "0": 0.7118983268737793,
            "1": 0.7938787937164307
        }
    }
}