{
    "confidence_score": 0.8171319365501404,
    "ptm": 0.8953313827514648,
    "iptm": 0.6650270223617554,
    "ligand_iptm": 0.6650270223617554,
    "protein_iptm": 0.0,
    "complex_plddt": 0.8551580905914307,
    "complex_iplddt": 0.6171883940696716,
    "complex_pde": 0.6918978095054626,
    "complex_ipde": 2.3117265701293945,
    "chains_ptm": {
        "0": 0.9541820287704468,
        "1": 0.763390839099884
    },
    "pair_chains_iptm": {
        "0": {
            "0": 0.9541820287704468,
            "1": 0.30831819772720337
        },
        "1": {
            "0": 0.6650270223617554,
            "1": 0.763390839099884
        }
    }
}