{
    "confidence_score": 0.8194265365600586,
    "ptm": 0.9047327041625977,
    "iptm": 0.7062921524047852,
    "ligand_iptm": 0.7062921524047852,
    "protein_iptm": 0.0,
    "complex_plddt": 0.847710132598877,
    "complex_iplddt": 0.6093825697898865,
    "complex_pde": 0.662382185459137,
    "complex_ipde": 1.9572312831878662,
    "chains_ptm": {
        "0": 0.9593351483345032,
        "1": 0.7513734102249146
    },
    "pair_chains_iptm": {
        "0": {
            "0": 0.9593351483345032,
            "1": 0.4298471212387085
        },
        "1": {
            "0": 0.7062921524047852,
            "1": 0.7513734102249146
        }
    }
}