{
    "confidence_score": 0.8745004534721375,
    "ptm": 0.9361357092857361,
    "iptm": 0.8114706873893738,
    "ligand_iptm": 0.8114706873893738,
    "protein_iptm": 0.0,
    "complex_plddt": 0.8902578949928284,
    "complex_iplddt": 0.7291598320007324,
    "complex_pde": 0.5249413847923279,
    "complex_ipde": 1.484780192375183,
    "chains_ptm": {
        "0": 0.9698598980903625,
        "1": 0.8272480368614197
    },
    "pair_chains_iptm": {
        "0": {
            "0": 0.9698598980903625,
            "1": 0.5886737108230591
        },
        "1": {
            "0": 0.8114706873893738,
            "1": 0.8272480368614197
        }
    }
}