{
    "confidence_score": 0.8083820343017578,
    "ptm": 0.892345666885376,
    "iptm": 0.6755983233451843,
    "ligand_iptm": 0.6755983233451843,
    "protein_iptm": 0.0,
    "complex_plddt": 0.8415780067443848,
    "complex_iplddt": 0.5920864343643188,
    "complex_pde": 0.7316910028457642,
    "complex_ipde": 2.4250900745391846,
    "chains_ptm": {
        "0": 0.9505379796028137,
        "1": 0.8070131540298462
    },
    "pair_chains_iptm": {
        "0": {
            "0": 0.9505379796028137,
            "1": 0.41178444027900696
        },
        "1": {
            "0": 0.6755983233451843,
            "1": 0.8070131540298462
        }
    }
}