{
    "confidence_score": 0.807745635509491,
    "ptm": 0.8806082606315613,
    "iptm": 0.6952054500579834,
    "ligand_iptm": 0.6952054500579834,
    "protein_iptm": 0.0,
    "complex_plddt": 0.835880696773529,
    "complex_iplddt": 0.6478188037872314,
    "complex_pde": 0.7379992604255676,
    "complex_ipde": 2.139496326446533,
    "chains_ptm": {
        "0": 0.9320870041847229,
        "1": 0.751932680606842
    },
    "pair_chains_iptm": {
        "0": {
            "0": 0.9320870041847229,
            "1": 0.47564497590065
        },
        "1": {
            "0": 0.6952054500579834,
            "1": 0.751932680606842
        }
    }
}