{
    "confidence_score": 0.8264967799186707,
    "ptm": 0.9134934544563293,
    "iptm": 0.7550376653671265,
    "ligand_iptm": 0.7550376653671265,
    "protein_iptm": 0.0,
    "complex_plddt": 0.8443615436553955,
    "complex_iplddt": 0.681438684463501,
    "complex_pde": 0.5950008630752563,
    "complex_ipde": 1.709328293800354,
    "chains_ptm": {
        "0": 0.9564281702041626,
        "1": 0.8170450329780579
    },
    "pair_chains_iptm": {
        "0": {
            "0": 0.9564281702041626,
            "1": 0.47911131381988525
        },
        "1": {
            "0": 0.7550376653671265,
            "1": 0.8170450329780579
        }
    }
}