{
    "confidence_score": 0.8693785071372986,
    "ptm": 0.9500650763511658,
    "iptm": 0.8796374201774597,
    "ligand_iptm": 0.8796374201774597,
    "protein_iptm": 0.0,
    "complex_plddt": 0.8668137192726135,
    "complex_iplddt": 0.7325631380081177,
    "complex_pde": 0.44283342361450195,
    "complex_ipde": 1.0284030437469482,
    "chains_ptm": {
        "0": 0.9697166085243225,
        "1": 0.8527553081512451
    },
    "pair_chains_iptm": {
        "0": {
            "0": 0.9697166085243225,
            "1": 0.6116369366645813
        },
        "1": {
            "0": 0.8796374201774597,
            "1": 0.8527553081512451
        }
    }
}