{
    "confidence_score": 0.8325825929641724,
    "ptm": 0.9085716605186462,
    "iptm": 0.7190284729003906,
    "ligand_iptm": 0.7190284729003906,
    "protein_iptm": 0.0,
    "complex_plddt": 0.8609710931777954,
    "complex_iplddt": 0.6621651649475098,
    "complex_pde": 0.597888171672821,
    "complex_ipde": 1.8106586933135986,
    "chains_ptm": {
        "0": 0.9592952728271484,
        "1": 0.7906903624534607
    },
    "pair_chains_iptm": {
        "0": {
            "0": 0.9592952728271484,
            "1": 0.4679737091064453
        },
        "1": {
            "0": 0.7190284729003906,
            "1": 0.7906903624534607
        }
    }
}