{
    "confidence_score": 0.8287261128425598,
    "ptm": 0.8883338570594788,
    "iptm": 0.6766014695167542,
    "ligand_iptm": 0.6766014695167542,
    "protein_iptm": 0.0,
    "complex_plddt": 0.8667572140693665,
    "complex_iplddt": 0.6969573497772217,
    "complex_pde": 0.765175461769104,
    "complex_ipde": 2.5155718326568604,
    "chains_ptm": {
        "0": 0.9452347159385681,
        "1": 0.7554490566253662
    },
    "pair_chains_iptm": {
        "0": {
            "0": 0.9452347159385681,
            "1": 0.3616310656070709
        },
        "1": {
            "0": 0.6766014695167542,
            "1": 0.7554490566253662
        }
    }
}