{
    "confidence_score": 0.7908269762992859,
    "ptm": 0.8998183012008667,
    "iptm": 0.6715471744537354,
    "ligand_iptm": 0.6715471744537354,
    "protein_iptm": 0.0,
    "complex_plddt": 0.8206469416618347,
    "complex_iplddt": 0.5335085391998291,
    "complex_pde": 0.7139937877655029,
    "complex_ipde": 2.648038625717163,
    "chains_ptm": {
        "0": 0.9578269124031067,
        "1": 0.7790334820747375
    },
    "pair_chains_iptm": {
        "0": {
            "0": 0.9578269124031067,
            "1": 0.319750040769577
        },
        "1": {
            "0": 0.6715471744537354,
            "1": 0.7790334820747375
        }
    }
}