{
    "confidence_score": 0.8202077746391296,
    "ptm": 0.9075785279273987,
    "iptm": 0.71321702003479,
    "ligand_iptm": 0.71321702003479,
    "protein_iptm": 0.0,
    "complex_plddt": 0.8469555377960205,
    "complex_iplddt": 0.6160106062889099,
    "complex_pde": 0.6682267785072327,
    "complex_ipde": 2.1566944122314453,
    "chains_ptm": {
        "0": 0.9598804712295532,
        "1": 0.7667332291603088
    },
    "pair_chains_iptm": {
        "0": {
            "0": 0.9598804712295532,
            "1": 0.4469941258430481
        },
        "1": {
            "0": 0.71321702003479,
            "1": 0.7667332291603088
        }
    }
}