{
    "confidence_score": 0.8846306204795837,
    "ptm": 0.9225847125053406,
    "iptm": 0.7542024254798889,
    "ligand_iptm": 0.7542024254798889,
    "protein_iptm": 0.0,
    "complex_plddt": 0.9172376394271851,
    "complex_iplddt": 0.7818241119384766,
    "complex_pde": 0.5894173383712769,
    "complex_ipde": 1.8688406944274902,
    "chains_ptm": {
        "0": 0.9681158065795898,
        "1": 0.8040726780891418
    },
    "pair_chains_iptm": {
        "0": {
            "0": 0.9681158065795898,
            "1": 0.5007386207580566
        },
        "1": {
            "0": 0.7542024254798889,
            "1": 0.8040726780891418
        }
    }
}