{
    "confidence_score": 0.8616811633110046,
    "ptm": 0.9261521697044373,
    "iptm": 0.7447857856750488,
    "ligand_iptm": 0.7447857856750488,
    "protein_iptm": 0.0,
    "complex_plddt": 0.8909050822257996,
    "complex_iplddt": 0.7101259231567383,
    "complex_pde": 0.5772225260734558,
    "complex_ipde": 1.6992340087890625,
    "chains_ptm": {
        "0": 0.9742271304130554,
        "1": 0.7988479137420654
    },
    "pair_chains_iptm": {
        "0": {
            "0": 0.9742271304130554,
            "1": 0.48959001898765564
        },
        "1": {
            "0": 0.7447857856750488,
            "1": 0.7988479137420654
        }
    }
}