{
    "confidence_score": 0.8371924757957458,
    "ptm": 0.9358922243118286,
    "iptm": 0.7942150235176086,
    "ligand_iptm": 0.7942150235176086,
    "protein_iptm": 0.0,
    "complex_plddt": 0.847936749458313,
    "complex_iplddt": 0.6245535016059875,
    "complex_pde": 0.5051587224006653,
    "complex_ipde": 1.4853309392929077,
    "chains_ptm": {
        "0": 0.9730725884437561,
        "1": 0.8371729254722595
    },
    "pair_chains_iptm": {
        "0": {
            "0": 0.9730725884437561,
            "1": 0.5644530653953552
        },
        "1": {
            "0": 0.7942150235176086,
            "1": 0.8371729254722595
        }
    }
}