{
    "confidence_score": 0.7883594632148743,
    "ptm": 0.8760210275650024,
    "iptm": 0.587560772895813,
    "ligand_iptm": 0.587560772895813,
    "protein_iptm": 0.0,
    "complex_plddt": 0.838559091091156,
    "complex_iplddt": 0.5569784045219421,
    "complex_pde": 0.7752468585968018,
    "complex_ipde": 2.649336576461792,
    "chains_ptm": {
        "0": 0.9497926235198975,
        "1": 0.7762106657028198
    },
    "pair_chains_iptm": {
        "0": {
            "0": 0.9497926235198975,
            "1": 0.30343446135520935
        },
        "1": {
            "0": 0.587560772895813,
            "1": 0.7762106657028198
        }
    }
}