{
    "confidence_score": 0.8499699831008911,
    "ptm": 0.8967649936676025,
    "iptm": 0.7468997836112976,
    "ligand_iptm": 0.7468997836112976,
    "protein_iptm": 0.0,
    "complex_plddt": 0.8757374882698059,
    "complex_iplddt": 0.7420729994773865,
    "complex_pde": 0.7052382826805115,
    "complex_ipde": 2.199350118637085,
    "chains_ptm": {
        "0": 0.9399369359016418,
        "1": 0.7671889066696167
    },
    "pair_chains_iptm": {
        "0": {
            "0": 0.9399369359016418,
            "1": 0.43505868315696716
        },
        "1": {
            "0": 0.7468997836112976,
            "1": 0.7671889066696167
        }
    }
}