{
    "confidence_score": 0.8153514862060547,
    "ptm": 0.8939328789710999,
    "iptm": 0.7153358459472656,
    "ligand_iptm": 0.7153358459472656,
    "protein_iptm": 0.0,
    "complex_plddt": 0.8403553366661072,
    "complex_iplddt": 0.6726833581924438,
    "complex_pde": 0.7375627756118774,
    "complex_ipde": 2.2364819049835205,
    "chains_ptm": {
        "0": 0.9405390024185181,
        "1": 0.7906872630119324
    },
    "pair_chains_iptm": {
        "0": {
            "0": 0.9405390024185181,
            "1": 0.3656502366065979
        },
        "1": {
            "0": 0.7153358459472656,
            "1": 0.7906872630119324
        }
    }
}