{
    "confidence_score": 0.8510614633560181,
    "ptm": 0.8983076810836792,
    "iptm": 0.693122148513794,
    "ligand_iptm": 0.693122148513794,
    "protein_iptm": 0.0,
    "complex_plddt": 0.8905462026596069,
    "complex_iplddt": 0.746861457824707,
    "complex_pde": 0.6659925580024719,
    "complex_ipde": 2.145772933959961,
    "chains_ptm": {
        "0": 0.9541573524475098,
        "1": 0.7498430609703064
    },
    "pair_chains_iptm": {
        "0": {
            "0": 0.9541573524475098,
            "1": 0.4430905282497406
        },
        "1": {
            "0": 0.693122148513794,
            "1": 0.7498430609703064
        }
    }
}