{
    "confidence_score": 0.8968669772148132,
    "ptm": 0.9390937089920044,
    "iptm": 0.7830398678779602,
    "ligand_iptm": 0.7830398678779602,
    "protein_iptm": 0.0,
    "complex_plddt": 0.9253237843513489,
    "complex_iplddt": 0.8005213737487793,
    "complex_pde": 0.5359911918640137,
    "complex_ipde": 1.5878132581710815,
    "chains_ptm": {
        "0": 0.9778343439102173,
        "1": 0.8276320695877075
    },
    "pair_chains_iptm": {
        "0": {
            "0": 0.9778343439102173,
            "1": 0.5392376184463501
        },
        "1": {
            "0": 0.7830398678779602,
            "1": 0.8276320695877075
        }
    }
}