{
    "confidence_score": 0.8311042785644531,
    "ptm": 0.9076318144798279,
    "iptm": 0.7330034971237183,
    "ligand_iptm": 0.7330034971237183,
    "protein_iptm": 0.0,
    "complex_plddt": 0.8556294441223145,
    "complex_iplddt": 0.6532361507415771,
    "complex_pde": 0.6017985939979553,
    "complex_ipde": 1.8213657140731812,
    "chains_ptm": {
        "0": 0.9561007022857666,
        "1": 0.7600764632225037
    },
    "pair_chains_iptm": {
        "0": {
            "0": 0.9561007022857666,
            "1": 0.46448561549186707
        },
        "1": {
            "0": 0.7330034971237183,
            "1": 0.7600764632225037
        }
    }
}