{
    "confidence_score": 0.8141664862632751,
    "ptm": 0.8793191313743591,
    "iptm": 0.6612868905067444,
    "ligand_iptm": 0.6612868905067444,
    "protein_iptm": 0.0,
    "complex_plddt": 0.8523862957954407,
    "complex_iplddt": 0.6882798671722412,
    "complex_pde": 0.7753733992576599,
    "complex_ipde": 2.604123115539551,
    "chains_ptm": {
        "0": 0.9398378729820251,
        "1": 0.7889405488967896
    },
    "pair_chains_iptm": {
        "0": {
            "0": 0.9398378729820251,
            "1": 0.3966231644153595
        },
        "1": {
            "0": 0.6612868905067444,
            "1": 0.7889405488967896
        }
    }
}