{
    "confidence_score": 0.850874125957489,
    "ptm": 0.9077005982398987,
    "iptm": 0.7409262657165527,
    "ligand_iptm": 0.7409262657165527,
    "protein_iptm": 0.0,
    "complex_plddt": 0.8783610463142395,
    "complex_iplddt": 0.7052886486053467,
    "complex_pde": 0.611382246017456,
    "complex_ipde": 1.8018903732299805,
    "chains_ptm": {
        "0": 0.9525012373924255,
        "1": 0.7953674793243408
    },
    "pair_chains_iptm": {
        "0": {
            "0": 0.9525012373924255,
            "1": 0.4831778407096863
        },
        "1": {
            "0": 0.7409262657165527,
            "1": 0.7953674793243408
        }
    }
}