{
    "confidence_score": 0.7922741770744324,
    "ptm": 0.8651809692382812,
    "iptm": 0.6041246056556702,
    "ligand_iptm": 0.6041246056556702,
    "protein_iptm": 0.0,
    "complex_plddt": 0.8393115401268005,
    "complex_iplddt": 0.6320772171020508,
    "complex_pde": 0.8646591901779175,
    "complex_ipde": 3.142411231994629,
    "chains_ptm": {
        "0": 0.9344910383224487,
        "1": 0.7847030758857727
    },
    "pair_chains_iptm": {
        "0": {
            "0": 0.9344910383224487,
            "1": 0.3117712736129761
        },
        "1": {
            "0": 0.6041246056556702,
            "1": 0.7847030758857727
        }
    }
}