{
    "confidence_score": 0.8861333727836609,
    "ptm": 0.9057199954986572,
    "iptm": 0.6963307857513428,
    "ligand_iptm": 0.6963307857513428,
    "protein_iptm": 0.0,
    "complex_plddt": 0.9335840940475464,
    "complex_iplddt": 0.8317838907241821,
    "complex_pde": 0.6797710061073303,
    "complex_ipde": 2.350360155105591,
    "chains_ptm": {
        "0": 0.9651731848716736,
        "1": 0.7861209511756897
    },
    "pair_chains_iptm": {
        "0": {
            "0": 0.9651731848716736,
            "1": 0.4229295551776886
        },
        "1": {
            "0": 0.6963307857513428,
            "1": 0.7861209511756897
        }
    }
}