{
    "confidence_score": 0.8074533343315125,
    "ptm": 0.8988543748855591,
    "iptm": 0.696399450302124,
    "ligand_iptm": 0.696399450302124,
    "protein_iptm": 0.0,
    "complex_plddt": 0.835216760635376,
    "complex_iplddt": 0.6195603013038635,
    "complex_pde": 0.6844210624694824,
    "complex_ipde": 2.2094662189483643,
    "chains_ptm": {
        "0": 0.9536024928092957,
        "1": 0.8098227381706238
    },
    "pair_chains_iptm": {
        "0": {
            "0": 0.9536024928092957,
            "1": 0.4676413834095001
        },
        "1": {
            "0": 0.696399450302124,
            "1": 0.8098227381706238
        }
    }
}