{
    "confidence_score": 0.8394312262535095,
    "ptm": 0.9288673996925354,
    "iptm": 0.7685023546218872,
    "ligand_iptm": 0.7685023546218872,
    "protein_iptm": 0.0,
    "complex_plddt": 0.8571633696556091,
    "complex_iplddt": 0.6329801678657532,
    "complex_pde": 0.5737573504447937,
    "complex_ipde": 1.7182204723358154,
    "chains_ptm": {
        "0": 0.9696057438850403,
        "1": 0.8053053617477417
    },
    "pair_chains_iptm": {
        "0": {
            "0": 0.9696057438850403,
            "1": 0.4262244701385498
        },
        "1": {
            "0": 0.7685023546218872,
            "1": 0.8053053617477417
        }
    }
}