{
    "confidence_score": 0.8531455397605896,
    "ptm": 0.9119682908058167,
    "iptm": 0.7166793942451477,
    "ligand_iptm": 0.7166793942451477,
    "protein_iptm": 0.0,
    "complex_plddt": 0.8872619867324829,
    "complex_iplddt": 0.7168916463851929,
    "complex_pde": 0.6277531981468201,
    "complex_ipde": 2.0919461250305176,
    "chains_ptm": {
        "0": 0.9629371166229248,
        "1": 0.8186413645744324
    },
    "pair_chains_iptm": {
        "0": {
            "0": 0.9629371166229248,
            "1": 0.4387115240097046
        },
        "1": {
            "0": 0.7166793942451477,
            "1": 0.8186413645744324
        }
    }
}