{
    "confidence_score": 0.8077957034111023,
    "ptm": 0.9074785709381104,
    "iptm": 0.7153844237327576,
    "ligand_iptm": 0.7153844237327576,
    "protein_iptm": 0.0,
    "complex_plddt": 0.8308985829353333,
    "complex_iplddt": 0.5626235604286194,
    "complex_pde": 0.6426954865455627,
    "complex_ipde": 1.9000431299209595,
    "chains_ptm": {
        "0": 0.9606239795684814,
        "1": 0.7650293111801147
    },
    "pair_chains_iptm": {
        "0": {
            "0": 0.9606239795684814,
            "1": 0.4967919588088989
        },
        "1": {
            "0": 0.7153844237327576,
            "1": 0.7650293111801147
        }
    }
}