{
    "confidence_score": 0.8370486497879028,
    "ptm": 0.911836564540863,
    "iptm": 0.7080686092376709,
    "ligand_iptm": 0.7080686092376709,
    "protein_iptm": 0.0,
    "complex_plddt": 0.8692936301231384,
    "complex_iplddt": 0.6739106774330139,
    "complex_pde": 0.6537322402000427,
    "complex_ipde": 2.1684274673461914,
    "chains_ptm": {
        "0": 0.9630993604660034,
        "1": 0.8072429299354553
    },
    "pair_chains_iptm": {
        "0": {
            "0": 0.9630993604660034,
            "1": 0.4473033547401428
        },
        "1": {
            "0": 0.7080686092376709,
            "1": 0.8072429299354553
        }
    }
}