{
    "confidence_score": 0.8573706746101379,
    "ptm": 0.9208051562309265,
    "iptm": 0.7543308138847351,
    "ligand_iptm": 0.7543308138847351,
    "protein_iptm": 0.0,
    "complex_plddt": 0.883130669593811,
    "complex_iplddt": 0.7224128246307373,
    "complex_pde": 0.5942585468292236,
    "complex_ipde": 1.9005202054977417,
    "chains_ptm": {
        "0": 0.9651976227760315,
        "1": 0.8203290700912476
    },
    "pair_chains_iptm": {
        "0": {
            "0": 0.9651976227760315,
            "1": 0.48193833231925964
        },
        "1": {
            "0": 0.7543308138847351,
            "1": 0.8203290700912476
        }
    }
}