{
    "confidence_score": 0.8427529335021973,
    "ptm": 0.9044199585914612,
    "iptm": 0.7411244511604309,
    "ligand_iptm": 0.7411244511604309,
    "protein_iptm": 0.0,
    "complex_plddt": 0.8681600093841553,
    "complex_iplddt": 0.6981438994407654,
    "complex_pde": 0.6693233847618103,
    "complex_ipde": 2.0042974948883057,
    "chains_ptm": {
        "0": 0.9485517144203186,
        "1": 0.8230451345443726
    },
    "pair_chains_iptm": {
        "0": {
            "0": 0.9485517144203186,
            "1": 0.46712544560432434
        },
        "1": {
            "0": 0.7411244511604309,
            "1": 0.8230451345443726
        }
    }
}