{
    "confidence_score": 0.8360876441001892,
    "ptm": 0.9363976120948792,
    "iptm": 0.7919958233833313,
    "ligand_iptm": 0.7919958233833313,
    "protein_iptm": 0.0,
    "complex_plddt": 0.8471105694770813,
    "complex_iplddt": 0.6199637651443481,
    "complex_pde": 0.5062158107757568,
    "complex_ipde": 1.4106537103652954,
    "chains_ptm": {
        "0": 0.9749013781547546,
        "1": 0.8373129963874817
    },
    "pair_chains_iptm": {
        "0": {
            "0": 0.9749013781547546,
            "1": 0.5734533667564392
        },
        "1": {
            "0": 0.7919958233833313,
            "1": 0.8373129963874817
        }
    }
}