{
    "confidence_score": 0.8181595802307129,
    "ptm": 0.8836985230445862,
    "iptm": 0.679350733757019,
    "ligand_iptm": 0.679350733757019,
    "protein_iptm": 0.0,
    "complex_plddt": 0.852861762046814,
    "complex_iplddt": 0.7029335498809814,
    "complex_pde": 0.7680848836898804,
    "complex_ipde": 2.5509254932403564,
    "chains_ptm": {
        "0": 0.9354708194732666,
        "1": 0.7782459855079651
    },
    "pair_chains_iptm": {
        "0": {
            "0": 0.9354708194732666,
            "1": 0.30057579278945923
        },
        "1": {
            "0": 0.679350733757019,
            "1": 0.7782459855079651
        }
    }
}