{
    "confidence_score": 0.8413977026939392,
    "ptm": 0.8984140157699585,
    "iptm": 0.7132103443145752,
    "ligand_iptm": 0.7132103443145752,
    "protein_iptm": 0.0,
    "complex_plddt": 0.8734444975852966,
    "complex_iplddt": 0.6862364411354065,
    "complex_pde": 0.6795472502708435,
    "complex_ipde": 2.0902979373931885,
    "chains_ptm": {
        "0": 0.9495461583137512,
        "1": 0.8121287226676941
    },
    "pair_chains_iptm": {
        "0": {
            "0": 0.9495461583137512,
            "1": 0.5017927289009094
        },
        "1": {
            "0": 0.7132103443145752,
            "1": 0.8121287226676941
        }
    }
}