{
    "confidence_score": 0.8249287009239197,
    "ptm": 0.8806187510490417,
    "iptm": 0.6343674659729004,
    "ligand_iptm": 0.6343674659729004,
    "protein_iptm": 0.0,
    "complex_plddt": 0.8725690245628357,
    "complex_iplddt": 0.6844817399978638,
    "complex_pde": 0.8030081391334534,
    "complex_ipde": 2.9244508743286133,
    "chains_ptm": {
        "0": 0.95069420337677,
        "1": 0.7511163949966431
    },
    "pair_chains_iptm": {
        "0": {
            "0": 0.95069420337677,
            "1": 0.41208475828170776
        },
        "1": {
            "0": 0.6343674659729004,
            "1": 0.7511163949966431
        }
    }
}