{
    "confidence_score": 0.8683333396911621,
    "ptm": 0.9132958054542542,
    "iptm": 0.7569572329521179,
    "ligand_iptm": 0.7569572329521179,
    "protein_iptm": 0.0,
    "complex_plddt": 0.896177351474762,
    "complex_iplddt": 0.772936999797821,
    "complex_pde": 0.6380993723869324,
    "complex_ipde": 1.9551973342895508,
    "chains_ptm": {
        "0": 0.9574443101882935,
        "1": 0.7859042286872864
    },
    "pair_chains_iptm": {
        "0": {
            "0": 0.9574443101882935,
            "1": 0.4438632130622864
        },
        "1": {
            "0": 0.7569572329521179,
            "1": 0.7859042286872864
        }
    }
}