{
    "confidence_score": 0.8596134185791016,
    "ptm": 0.9336227774620056,
    "iptm": 0.8206396102905273,
    "ligand_iptm": 0.8206396102905273,
    "protein_iptm": 0.0,
    "complex_plddt": 0.8693568110466003,
    "complex_iplddt": 0.7046024203300476,
    "complex_pde": 0.521579921245575,
    "complex_ipde": 1.3799279928207397,
    "chains_ptm": {
        "0": 0.9646813273429871,
        "1": 0.8449099659919739
    },
    "pair_chains_iptm": {
        "0": {
            "0": 0.9646813273429871,
            "1": 0.5298784375190735
        },
        "1": {
            "0": 0.8206396102905273,
            "1": 0.8449099659919739
        }
    }
}