{
    "confidence_score": 0.8620283007621765,
    "ptm": 0.8762006163597107,
    "iptm": 0.6303712725639343,
    "ligand_iptm": 0.6303712725639343,
    "protein_iptm": 0.0,
    "complex_plddt": 0.9199426174163818,
    "complex_iplddt": 0.8076425790786743,
    "complex_pde": 0.7462599277496338,
    "complex_ipde": 2.465139150619507,
    "chains_ptm": {
        "0": 0.9421169757843018,
        "1": 0.7307577133178711
    },
    "pair_chains_iptm": {
        "0": {
            "0": 0.9421169757843018,
            "1": 0.386079877614975
        },
        "1": {
            "0": 0.6303712725639343,
            "1": 0.7307577133178711
        }
    }
}