{
    "confidence_score": 0.804076611995697,
    "ptm": 0.8765777945518494,
    "iptm": 0.6544207334518433,
    "ligand_iptm": 0.6544207334518433,
    "protein_iptm": 0.0,
    "complex_plddt": 0.8414905071258545,
    "complex_iplddt": 0.6267277002334595,
    "complex_pde": 0.7456514835357666,
    "complex_ipde": 2.434602737426758,
    "chains_ptm": {
        "0": 0.9376614689826965,
        "1": 0.7694810628890991
    },
    "pair_chains_iptm": {
        "0": {
            "0": 0.9376614689826965,
            "1": 0.42987990379333496
        },
        "1": {
            "0": 0.6544207334518433,
            "1": 0.7694810628890991
        }
    }
}