{
    "confidence_score": 0.8182205557823181,
    "ptm": 0.8771538138389587,
    "iptm": 0.6730480194091797,
    "ligand_iptm": 0.6730480194091797,
    "protein_iptm": 0.0,
    "complex_plddt": 0.8545135855674744,
    "complex_iplddt": 0.6675317883491516,
    "complex_pde": 0.7977610230445862,
    "complex_ipde": 2.6718568801879883,
    "chains_ptm": {
        "0": 0.9361464381217957,
        "1": 0.7404748201370239
    },
    "pair_chains_iptm": {
        "0": {
            "0": 0.9361464381217957,
            "1": 0.3473290205001831
        },
        "1": {
            "0": 0.6730480194091797,
            "1": 0.7404748201370239
        }
    }
}