{
    "confidence_score": 0.8628925681114197,
    "ptm": 0.935431957244873,
    "iptm": 0.8016740083694458,
    "ligand_iptm": 0.8016740083694458,
    "protein_iptm": 0.0,
    "complex_plddt": 0.8781971335411072,
    "complex_iplddt": 0.7040417790412903,
    "complex_pde": 0.4962751269340515,
    "complex_ipde": 1.2781745195388794,
    "chains_ptm": {
        "0": 0.9711861610412598,
        "1": 0.8400890827178955
    },
    "pair_chains_iptm": {
        "0": {
            "0": 0.9711861610412598,
            "1": 0.5845237970352173
        },
        "1": {
            "0": 0.8016740083694458,
            "1": 0.8400890827178955
        }
    }
}