{
    "confidence_score": 0.8707410097122192,
    "ptm": 0.9181281328201294,
    "iptm": 0.792687714099884,
    "ligand_iptm": 0.792687714099884,
    "protein_iptm": 0.0,
    "complex_plddt": 0.8902543187141418,
    "complex_iplddt": 0.7644128799438477,
    "complex_pde": 0.5686288475990295,
    "complex_ipde": 1.5921424627304077,
    "chains_ptm": {
        "0": 0.9549917578697205,
        "1": 0.7795788049697876
    },
    "pair_chains_iptm": {
        "0": {
            "0": 0.9549917578697205,
            "1": 0.5491746664047241
        },
        "1": {
            "0": 0.792687714099884,
            "1": 0.7795788049697876
        }
    }
}