{
    "confidence_score": 0.8945377469062805,
    "ptm": 0.9403569102287292,
    "iptm": 0.8205415606498718,
    "ligand_iptm": 0.8205415606498718,
    "protein_iptm": 0.0,
    "complex_plddt": 0.9130368232727051,
    "complex_iplddt": 0.8021028637886047,
    "complex_pde": 0.5056331157684326,
    "complex_ipde": 1.3409746885299683,
    "chains_ptm": {
        "0": 0.9729568958282471,
        "1": 0.8010040521621704
    },
    "pair_chains_iptm": {
        "0": {
            "0": 0.9729568958282471,
            "1": 0.561812162399292
        },
        "1": {
            "0": 0.8205415606498718,
            "1": 0.8010040521621704
        }
    }
}