{
    "confidence_score": 0.8160714507102966,
    "ptm": 0.916824221611023,
    "iptm": 0.7511789798736572,
    "ligand_iptm": 0.7511789798736572,
    "protein_iptm": 0.0,
    "complex_plddt": 0.8322945237159729,
    "complex_iplddt": 0.5935442447662354,
    "complex_pde": 0.5817961096763611,
    "complex_ipde": 1.8035954236984253,
    "chains_ptm": {
        "0": 0.9629234075546265,
        "1": 0.8288732171058655
    },
    "pair_chains_iptm": {
        "0": {
            "0": 0.9629234075546265,
            "1": 0.5451348423957825
        },
        "1": {
            "0": 0.7511789798736572,
            "1": 0.8288732171058655
        }
    }
}