{
    "confidence_score": 0.7687210440635681,
    "ptm": 0.8787506222724915,
    "iptm": 0.6364402770996094,
    "ligand_iptm": 0.6364402770996094,
    "protein_iptm": 0.0,
    "complex_plddt": 0.801791250705719,
    "complex_iplddt": 0.5184974074363708,
    "complex_pde": 0.7194707989692688,
    "complex_ipde": 2.2549517154693604,
    "chains_ptm": {
        "0": 0.9437353610992432,
        "1": 0.783599317073822
    },
    "pair_chains_iptm": {
        "0": {
            "0": 0.9437353610992432,
            "1": 0.2543473541736603
        },
        "1": {
            "0": 0.6364402770996094,
            "1": 0.783599317073822
        }
    }
}