{
    "confidence_score": 0.8065046668052673,
    "ptm": 0.8981605172157288,
    "iptm": 0.6821906566619873,
    "ligand_iptm": 0.6821906566619873,
    "protein_iptm": 0.0,
    "complex_plddt": 0.8375831246376038,
    "complex_iplddt": 0.5887466073036194,
    "complex_pde": 0.6708170771598816,
    "complex_ipde": 2.046879529953003,
    "chains_ptm": {
        "0": 0.954911470413208,
        "1": 0.786348819732666
    },
    "pair_chains_iptm": {
        "0": {
            "0": 0.954911470413208,
            "1": 0.4606698751449585
        },
        "1": {
            "0": 0.6821906566619873,
            "1": 0.786348819732666
        }
    }
}