{
    "confidence_score": 0.7814527153968811,
    "ptm": 0.8657166957855225,
    "iptm": 0.6355423927307129,
    "ligand_iptm": 0.6355423927307129,
    "protein_iptm": 0.0,
    "complex_plddt": 0.817930281162262,
    "complex_iplddt": 0.6152336597442627,
    "complex_pde": 0.886450469493866,
    "complex_ipde": 2.768430709838867,
    "chains_ptm": {
        "0": 0.927280604839325,
        "1": 0.7839164137840271
    },
    "pair_chains_iptm": {
        "0": {
            "0": 0.927280604839325,
            "1": 0.3011032044887543
        },
        "1": {
            "0": 0.6355423927307129,
            "1": 0.7839164137840271
        }
    }
}