{
    "confidence_score": 0.855423092842102,
    "ptm": 0.9265637993812561,
    "iptm": 0.7964290380477905,
    "ligand_iptm": 0.7964290380477905,
    "protein_iptm": 0.0,
    "complex_plddt": 0.8701716065406799,
    "complex_iplddt": 0.6986306309700012,
    "complex_pde": 0.5585243701934814,
    "complex_ipde": 1.6035383939743042,
    "chains_ptm": {
        "0": 0.9646238684654236,
        "1": 0.7602437138557434
    },
    "pair_chains_iptm": {
        "0": {
            "0": 0.9646238684654236,
            "1": 0.5310658812522888
        },
        "1": {
            "0": 0.7964290380477905,
            "1": 0.7602437138557434
        }
    }
}