{
    "confidence_score": 0.8157022595405579,
    "ptm": 0.8941088914871216,
    "iptm": 0.6815766096115112,
    "ligand_iptm": 0.6815766096115112,
    "protein_iptm": 0.0,
    "complex_plddt": 0.8492336273193359,
    "complex_iplddt": 0.6264533400535583,
    "complex_pde": 0.6673762202262878,
    "complex_ipde": 2.198282241821289,
    "chains_ptm": {
        "0": 0.9496274590492249,
        "1": 0.8084512948989868
    },
    "pair_chains_iptm": {
        "0": {
            "0": 0.9496274590492249,
            "1": 0.42013978958129883
        },
        "1": {
            "0": 0.6815766096115112,
            "1": 0.8084512948989868
        }
    }
}