{
    "confidence_score": 0.872763454914093,
    "ptm": 0.9482413530349731,
    "iptm": 0.8442537188529968,
    "ligand_iptm": 0.8442537188529968,
    "protein_iptm": 0.0,
    "complex_plddt": 0.8798909187316895,
    "complex_iplddt": 0.7180923819541931,
    "complex_pde": 0.4637735188007355,
    "complex_ipde": 1.2089264392852783,
    "chains_ptm": {
        "0": 0.9766948223114014,
        "1": 0.837652862071991
    },
    "pair_chains_iptm": {
        "0": {
            "0": 0.9766948223114014,
            "1": 0.625223696231842
        },
        "1": {
            "0": 0.8442537188529968,
            "1": 0.837652862071991
        }
    }
}