{
    "confidence_score": 0.8515812754631042,
    "ptm": 0.918745219707489,
    "iptm": 0.7818241119384766,
    "ligand_iptm": 0.7818241119384766,
    "protein_iptm": 0.0,
    "complex_plddt": 0.8690205812454224,
    "complex_iplddt": 0.6930543184280396,
    "complex_pde": 0.5818667411804199,
    "complex_ipde": 1.7072700262069702,
    "chains_ptm": {
        "0": 0.9557626247406006,
        "1": 0.8258196115493774
    },
    "pair_chains_iptm": {
        "0": {
            "0": 0.9557626247406006,
            "1": 0.5432906746864319
        },
        "1": {
            "0": 0.7818241119384766,
            "1": 0.8258196115493774
        }
    }
}