{
    "confidence_score": 0.8472794890403748,
    "ptm": 0.9008862972259521,
    "iptm": 0.6475364565849304,
    "ligand_iptm": 0.6475364565849304,
    "protein_iptm": 0.0,
    "complex_plddt": 0.8972151875495911,
    "complex_iplddt": 0.7331377863883972,
    "complex_pde": 0.7052102088928223,
    "complex_ipde": 2.4922964572906494,
    "chains_ptm": {
        "0": 0.9621723294258118,
        "1": 0.7876343131065369
    },
    "pair_chains_iptm": {
        "0": {
            "0": 0.9621723294258118,
            "1": 0.374114453792572
        },
        "1": {
            "0": 0.6475364565849304,
            "1": 0.7876343131065369
        }
    }
}