{
    "confidence_score": 0.849990963935852,
    "ptm": 0.9186410307884216,
    "iptm": 0.7534292340278625,
    "ligand_iptm": 0.7534292340278625,
    "protein_iptm": 0.0,
    "complex_plddt": 0.8741313815116882,
    "complex_iplddt": 0.7089625000953674,
    "complex_pde": 0.5835530757904053,
    "complex_ipde": 1.7763547897338867,
    "chains_ptm": {
        "0": 0.9639579057693481,
        "1": 0.8267379999160767
    },
    "pair_chains_iptm": {
        "0": {
            "0": 0.9639579057693481,
            "1": 0.5176404118537903
        },
        "1": {
            "0": 0.7534292340278625,
            "1": 0.8267379999160767
        }
    }
}