{
    "confidence_score": 0.855218231678009,
    "ptm": 0.8894814848899841,
    "iptm": 0.7025173902511597,
    "ligand_iptm": 0.7025173902511597,
    "protein_iptm": 0.0,
    "complex_plddt": 0.8933934569358826,
    "complex_iplddt": 0.7608948349952698,
    "complex_pde": 0.7092766165733337,
    "complex_ipde": 2.3540568351745605,
    "chains_ptm": {
        "0": 0.9448221921920776,
        "1": 0.7334091663360596
    },
    "pair_chains_iptm": {
        "0": {
            "0": 0.9448221921920776,
            "1": 0.4034074544906616
        },
        "1": {
            "0": 0.7025173902511597,
            "1": 0.7334091663360596
        }
    }
}