{
    "confidence_score": 0.8622698187828064,
    "ptm": 0.9249293208122253,
    "iptm": 0.7809418439865112,
    "ligand_iptm": 0.7809418439865112,
    "protein_iptm": 0.0,
    "complex_plddt": 0.882601797580719,
    "complex_iplddt": 0.7098461389541626,
    "complex_pde": 0.562936007976532,
    "complex_ipde": 1.645213007926941,
    "chains_ptm": {
        "0": 0.965565025806427,
        "1": 0.8266729116439819
    },
    "pair_chains_iptm": {
        "0": {
            "0": 0.965565025806427,
            "1": 0.5517701506614685
        },
        "1": {
            "0": 0.7809418439865112,
            "1": 0.8266729116439819
        }
    }
}