{
    "confidence_score": 0.858808159828186,
    "ptm": 0.9240382313728333,
    "iptm": 0.7839236855506897,
    "ligand_iptm": 0.7839236855506897,
    "protein_iptm": 0.0,
    "complex_plddt": 0.8775292634963989,
    "complex_iplddt": 0.7160038352012634,
    "complex_pde": 0.5567314028739929,
    "complex_ipde": 1.5264039039611816,
    "chains_ptm": {
        "0": 0.9643716216087341,
        "1": 0.7653697729110718
    },
    "pair_chains_iptm": {
        "0": {
            "0": 0.9643716216087341,
            "1": 0.5195271372795105
        },
        "1": {
            "0": 0.7839236855506897,
            "1": 0.7653697729110718
        }
    }
}