{
    "confidence_score": 0.8454429507255554,
    "ptm": 0.907558262348175,
    "iptm": 0.7512711882591248,
    "ligand_iptm": 0.7512711882591248,
    "protein_iptm": 0.0,
    "complex_plddt": 0.8689859509468079,
    "complex_iplddt": 0.7120640873908997,
    "complex_pde": 0.6218782067298889,
    "complex_ipde": 1.9558911323547363,
    "chains_ptm": {
        "0": 0.9537279605865479,
        "1": 0.7768533825874329
    },
    "pair_chains_iptm": {
        "0": {
            "0": 0.9537279605865479,
            "1": 0.47906365990638733
        },
        "1": {
            "0": 0.7512711882591248,
            "1": 0.7768533825874329
        }
    }
}