{
    "confidence_score": 0.8358405232429504,
    "ptm": 0.907267153263092,
    "iptm": 0.7199713587760925,
    "ligand_iptm": 0.7199713587760925,
    "protein_iptm": 0.0,
    "complex_plddt": 0.8648078441619873,
    "complex_iplddt": 0.686519205570221,
    "complex_pde": 0.6591697335243225,
    "complex_ipde": 2.1196799278259277,
    "chains_ptm": {
        "0": 0.958284854888916,
        "1": 0.7933753132820129
    },
    "pair_chains_iptm": {
        "0": {
            "0": 0.958284854888916,
            "1": 0.46619147062301636
        },
        "1": {
            "0": 0.7199713587760925,
            "1": 0.7933753132820129
        }
    }
}