{
    "confidence_score": 0.8297955393791199,
    "ptm": 0.9064401388168335,
    "iptm": 0.7436715960502625,
    "ligand_iptm": 0.7436715960502625,
    "protein_iptm": 0.0,
    "complex_plddt": 0.8513265252113342,
    "complex_iplddt": 0.6564847826957703,
    "complex_pde": 0.6476010680198669,
    "complex_ipde": 1.9426134824752808,
    "chains_ptm": {
        "0": 0.9510368704795837,
        "1": 0.8117986917495728
    },
    "pair_chains_iptm": {
        "0": {
            "0": 0.9510368704795837,
            "1": 0.48756709694862366
        },
        "1": {
            "0": 0.7436715960502625,
            "1": 0.8117986917495728
        }
    }
}