{
    "confidence_score": 0.8074397444725037,
    "ptm": 0.8849948048591614,
    "iptm": 0.6504878401756287,
    "ligand_iptm": 0.6504878401756287,
    "protein_iptm": 0.0,
    "complex_plddt": 0.8466777205467224,
    "complex_iplddt": 0.6246878504753113,
    "complex_pde": 0.7322737574577332,
    "complex_ipde": 2.6298186779022217,
    "chains_ptm": {
        "0": 0.9452196359634399,
        "1": 0.7761414647102356
    },
    "pair_chains_iptm": {
        "0": {
            "0": 0.9452196359634399,
            "1": 0.3701372742652893
        },
        "1": {
            "0": 0.6504878401756287,
            "1": 0.7761414647102356
        }
    }
}