{
    "confidence_score": 0.7666025161743164,
    "ptm": 0.8734197616577148,
    "iptm": 0.5418780446052551,
    "ligand_iptm": 0.5418780446052551,
    "protein_iptm": 0.0,
    "complex_plddt": 0.8227836489677429,
    "complex_iplddt": 0.5439462065696716,
    "complex_pde": 0.879353404045105,
    "complex_ipde": 3.3243134021759033,
    "chains_ptm": {
        "0": 0.9564063549041748,
        "1": 0.7681505680084229
    },
    "pair_chains_iptm": {
        "0": {
            "0": 0.9564063549041748,
            "1": 0.2863771915435791
        },
        "1": {
            "0": 0.5418780446052551,
            "1": 0.7681505680084229
        }
    }
}