{
    "confidence_score": 0.8390644192695618,
    "ptm": 0.9060019254684448,
    "iptm": 0.7259584665298462,
    "ligand_iptm": 0.7259584665298462,
    "protein_iptm": 0.0,
    "complex_plddt": 0.8673409223556519,
    "complex_iplddt": 0.6678018569946289,
    "complex_pde": 0.6590062379837036,
    "complex_ipde": 2.021592378616333,
    "chains_ptm": {
        "0": 0.9551116824150085,
        "1": 0.8146159648895264
    },
    "pair_chains_iptm": {
        "0": {
            "0": 0.9551116824150085,
            "1": 0.4907214641571045
        },
        "1": {
            "0": 0.7259584665298462,
            "1": 0.8146159648895264
        }
    }
}