{
    "confidence_score": 0.8655670285224915,
    "ptm": 0.9670994877815247,
    "iptm": 0.8942448496818542,
    "ligand_iptm": 0.8942448496818542,
    "protein_iptm": 0.0,
    "complex_plddt": 0.8583975434303284,
    "complex_iplddt": 0.7164812684059143,
    "complex_pde": 0.3924544155597687,
    "complex_ipde": 0.9074811339378357,
    "chains_ptm": {
        "0": 0.9861654043197632,
        "1": 0.8550276756286621
    },
    "pair_chains_iptm": {
        "0": {
            "0": 0.9861654043197632,
            "1": 0.6766713261604309
        },
        "1": {
            "0": 0.8942448496818542,
            "1": 0.8550276756286621
        }
    }
}