{
    "confidence_score": 0.8254958391189575,
    "ptm": 0.931079626083374,
    "iptm": 0.7880730628967285,
    "ligand_iptm": 0.7880730628967285,
    "protein_iptm": 0.0,
    "complex_plddt": 0.8348515033721924,
    "complex_iplddt": 0.583876371383667,
    "complex_pde": 0.5374820232391357,
    "complex_ipde": 1.5470885038375854,
    "chains_ptm": {
        "0": 0.9701181054115295,
        "1": 0.8404980301856995
    },
    "pair_chains_iptm": {
        "0": {
            "0": 0.9701181054115295,
            "1": 0.5931019186973572
        },
        "1": {
            "0": 0.7880730628967285,
            "1": 0.8404980301856995
        }
    }
}