{
    "confidence_score": 0.8946811556816101,
    "ptm": 0.9198611378669739,
    "iptm": 0.7699815630912781,
    "ligand_iptm": 0.7699815630912781,
    "protein_iptm": 0.0,
    "complex_plddt": 0.9258560538291931,
    "complex_iplddt": 0.8348783254623413,
    "complex_pde": 0.6067929267883301,
    "complex_ipde": 1.8111441135406494,
    "chains_ptm": {
        "0": 0.9592769145965576,
        "1": 0.7774245142936707
    },
    "pair_chains_iptm": {
        "0": {
            "0": 0.9592769145965576,
            "1": 0.49984991550445557
        },
        "1": {
            "0": 0.7699815630912781,
            "1": 0.7774245142936707
        }
    }
}