{
    "confidence_score": 0.8407818078994751,
    "ptm": 0.9003390669822693,
    "iptm": 0.7333087921142578,
    "ligand_iptm": 0.7333087921142578,
    "protein_iptm": 0.0,
    "complex_plddt": 0.8676499724388123,
    "complex_iplddt": 0.6848236322402954,
    "complex_pde": 0.6569281816482544,
    "complex_ipde": 1.9839228391647339,
    "chains_ptm": {
        "0": 0.9472161531448364,
        "1": 0.8193209171295166
    },
    "pair_chains_iptm": {
        "0": {
            "0": 0.9472161531448364,
            "1": 0.5000981688499451
        },
        "1": {
            "0": 0.7333087921142578,
            "1": 0.8193209171295166
        }
    }
}