{
    "confidence_score": 0.8375129103660583,
    "ptm": 0.9280480146408081,
    "iptm": 0.7742976546287537,
    "ligand_iptm": 0.7742976546287537,
    "protein_iptm": 0.0,
    "complex_plddt": 0.8533167243003845,
    "complex_iplddt": 0.6458002328872681,
    "complex_pde": 0.55756676197052,
    "complex_ipde": 1.6961404085159302,
    "chains_ptm": {
        "0": 0.969461977481842,
        "1": 0.840406060218811
    },
    "pair_chains_iptm": {
        "0": {
            "0": 0.969461977481842,
            "1": 0.5322151184082031
        },
        "1": {
            "0": 0.7742976546287537,
            "1": 0.840406060218811
        }
    }
}