{
    "confidence_score": 0.8255037665367126,
    "ptm": 0.9034749269485474,
    "iptm": 0.7163913249969482,
    "ligand_iptm": 0.7163913249969482,
    "protein_iptm": 0.0,
    "complex_plddt": 0.8527817726135254,
    "complex_iplddt": 0.6424916386604309,
    "complex_pde": 0.6234455108642578,
    "complex_ipde": 1.9077068567276,
    "chains_ptm": {
        "0": 0.9557930827140808,
        "1": 0.7829789519309998
    },
    "pair_chains_iptm": {
        "0": {
            "0": 0.9557930827140808,
            "1": 0.48336541652679443
        },
        "1": {
            "0": 0.7163913249969482,
            "1": 0.7829789519309998
        }
    }
}