{
    "confidence_score": 0.860966682434082,
    "ptm": 0.9220680594444275,
    "iptm": 0.7822955250740051,
    "ligand_iptm": 0.7822955250740051,
    "protein_iptm": 0.0,
    "complex_plddt": 0.8806344866752625,
    "complex_iplddt": 0.710461437702179,
    "complex_pde": 0.5892711281776428,
    "complex_ipde": 1.6158808469772339,
    "chains_ptm": {
        "0": 0.9607821106910706,
        "1": 0.8207197189331055
    },
    "pair_chains_iptm": {
        "0": {
            "0": 0.9607821106910706,
            "1": 0.5316246747970581
        },
        "1": {
            "0": 0.7822955250740051,
            "1": 0.8207197189331055
        }
    }
}