{
    "confidence_score": 0.8267971277236938,
    "ptm": 0.8944456577301025,
    "iptm": 0.6811397075653076,
    "ligand_iptm": 0.6811397075653076,
    "protein_iptm": 0.0,
    "complex_plddt": 0.8632113933563232,
    "complex_iplddt": 0.6613113880157471,
    "complex_pde": 0.7138260006904602,
    "complex_ipde": 2.390857696533203,
    "chains_ptm": {
        "0": 0.9551522731781006,
        "1": 0.7816494703292847
    },
    "pair_chains_iptm": {
        "0": {
            "0": 0.9551522731781006,
            "1": 0.40780675411224365
        },
        "1": {
            "0": 0.6811397075653076,
            "1": 0.7816494703292847
        }
    }
}