{
    "confidence_score": 0.8150293231010437,
    "ptm": 0.8993675708770752,
    "iptm": 0.7365656495094299,
    "ligand_iptm": 0.7365656495094299,
    "protein_iptm": 0.0,
    "complex_plddt": 0.8346452116966248,
    "complex_iplddt": 0.6344868540763855,
    "complex_pde": 0.6776160001754761,
    "complex_ipde": 1.9884402751922607,
    "chains_ptm": {
        "0": 0.9442243576049805,
        "1": 0.8305240869522095
    },
    "pair_chains_iptm": {
        "0": {
            "0": 0.9442243576049805,
            "1": 0.4357641637325287
        },
        "1": {
            "0": 0.7365656495094299,
            "1": 0.8305240869522095
        }
    }
}