{
    "confidence_score": 0.8311139345169067,
    "ptm": 0.9225753545761108,
    "iptm": 0.7691200971603394,
    "ligand_iptm": 0.7691200971603394,
    "protein_iptm": 0.0,
    "complex_plddt": 0.8466123342514038,
    "complex_iplddt": 0.6309706568717957,
    "complex_pde": 0.5814810991287231,
    "complex_ipde": 1.7293933629989624,
    "chains_ptm": {
        "0": 0.9628090262413025,
        "1": 0.8126248121261597
    },
    "pair_chains_iptm": {
        "0": {
            "0": 0.9628090262413025,
            "1": 0.4115835428237915
        },
        "1": {
            "0": 0.7691200971603394,
            "1": 0.8126248121261597
        }
    }
}