{
    "confidence_score": 0.8175984621047974,
    "ptm": 0.9201560616493225,
    "iptm": 0.7777813076972961,
    "ligand_iptm": 0.7777813076972961,
    "protein_iptm": 0.0,
    "complex_plddt": 0.8275526762008667,
    "complex_iplddt": 0.6135586500167847,
    "complex_pde": 0.5624546408653259,
    "complex_ipde": 1.416451334953308,
    "chains_ptm": {
        "0": 0.9592711925506592,
        "1": 0.8012309670448303
    },
    "pair_chains_iptm": {
        "0": {
            "0": 0.9592711925506592,
            "1": 0.383797287940979
        },
        "1": {
            "0": 0.7777813076972961,
            "1": 0.8012309670448303
        }
    }
}