{
    "confidence_score": 0.8085706830024719,
    "ptm": 0.8915121555328369,
    "iptm": 0.6618411540985107,
    "ligand_iptm": 0.6618411540985107,
    "protein_iptm": 0.0,
    "complex_plddt": 0.845253050327301,
    "complex_iplddt": 0.6242614388465881,
    "complex_pde": 0.747340202331543,
    "complex_ipde": 2.3702144622802734,
    "chains_ptm": {
        "0": 0.9533012509346008,
        "1": 0.7412927150726318
    },
    "pair_chains_iptm": {
        "0": {
            "0": 0.9533012509346008,
            "1": 0.40576595067977905
        },
        "1": {
            "0": 0.6618411540985107,
            "1": 0.7412927150726318
        }
    }
}