{
    "confidence_score": 0.8505207896232605,
    "ptm": 0.9071603417396545,
    "iptm": 0.704558253288269,
    "ligand_iptm": 0.704558253288269,
    "protein_iptm": 0.0,
    "complex_plddt": 0.8870114088058472,
    "complex_iplddt": 0.7257608771324158,
    "complex_pde": 0.6826683282852173,
    "complex_ipde": 2.206371784210205,
    "chains_ptm": {
        "0": 0.9602914452552795,
        "1": 0.7919040322303772
    },
    "pair_chains_iptm": {
        "0": {
            "0": 0.9602914452552795,
            "1": 0.4571990668773651
        },
        "1": {
            "0": 0.704558253288269,
            "1": 0.7919040322303772
        }
    }
}