{
    "confidence_score": 0.814164936542511,
    "ptm": 0.9126033186912537,
    "iptm": 0.7590832710266113,
    "ligand_iptm": 0.7590832710266113,
    "protein_iptm": 0.0,
    "complex_plddt": 0.8279353380203247,
    "complex_iplddt": 0.6254511475563049,
    "complex_pde": 0.6205151677131653,
    "complex_ipde": 1.7354581356048584,
    "chains_ptm": {
        "0": 0.9533081650733948,
        "1": 0.8041777014732361
    },
    "pair_chains_iptm": {
        "0": {
            "0": 0.9533081650733948,
            "1": 0.405684232711792
        },
        "1": {
            "0": 0.7590832710266113,
            "1": 0.8041777014732361
        }
    }
}