{
    "confidence_score": 0.8579429984092712,
    "ptm": 0.9215180277824402,
    "iptm": 0.7809012532234192,
    "ligand_iptm": 0.7809012532234192,
    "protein_iptm": 0.0,
    "complex_plddt": 0.8772034049034119,
    "complex_iplddt": 0.7162477970123291,
    "complex_pde": 0.5617812275886536,
    "complex_ipde": 1.6817491054534912,
    "chains_ptm": {
        "0": 0.9598825573921204,
        "1": 0.8175949454307556
    },
    "pair_chains_iptm": {
        "0": {
            "0": 0.9598825573921204,
            "1": 0.5331065058708191
        },
        "1": {
            "0": 0.7809012532234192,
            "1": 0.8175949454307556
        }
    }
}