{
    "confidence_score": 0.8383144736289978,
    "ptm": 0.8966113924980164,
    "iptm": 0.6912649273872375,
    "ligand_iptm": 0.6912649273872375,
    "protein_iptm": 0.0,
    "complex_plddt": 0.8750768303871155,
    "complex_iplddt": 0.692371666431427,
    "complex_pde": 0.7311567664146423,
    "complex_ipde": 2.4425272941589355,
    "chains_ptm": {
        "0": 0.950748085975647,
        "1": 0.7972897291183472
    },
    "pair_chains_iptm": {
        "0": {
            "0": 0.950748085975647,
            "1": 0.41122114658355713
        },
        "1": {
            "0": 0.6912649273872375,
            "1": 0.7972897291183472
        }
    }
}