{
    "confidence_score": 0.865816593170166,
    "ptm": 0.9120336771011353,
    "iptm": 0.7370184659957886,
    "ligand_iptm": 0.7370184659957886,
    "protein_iptm": 0.0,
    "complex_plddt": 0.898016095161438,
    "complex_iplddt": 0.7835789918899536,
    "complex_pde": 0.6434856653213501,
    "complex_ipde": 1.9208012819290161,
    "chains_ptm": {
        "0": 0.9605547189712524,
        "1": 0.7636874914169312
    },
    "pair_chains_iptm": {
        "0": {
            "0": 0.9605547189712524,
            "1": 0.45784327387809753
        },
        "1": {
            "0": 0.7370184659957886,
            "1": 0.7636874914169312
        }
    }
}