{
    "confidence_score": 0.8226752281188965,
    "ptm": 0.9097433686256409,
    "iptm": 0.7182545065879822,
    "ligand_iptm": 0.7182545065879822,
    "protein_iptm": 0.0,
    "complex_plddt": 0.8487804532051086,
    "complex_iplddt": 0.6407228708267212,
    "complex_pde": 0.6451451182365417,
    "complex_ipde": 1.9587289094924927,
    "chains_ptm": {
        "0": 0.9624823331832886,
        "1": 0.7642067074775696
    },
    "pair_chains_iptm": {
        "0": {
            "0": 0.9624823331832886,
            "1": 0.48753857612609863
        },
        "1": {
            "0": 0.7182545065879822,
            "1": 0.7642067074775696
        }
    }
}