{
    "confidence_score": 0.7917477488517761,
    "ptm": 0.8749850392341614,
    "iptm": 0.6008973717689514,
    "ligand_iptm": 0.6008973717689514,
    "protein_iptm": 0.0,
    "complex_plddt": 0.8394603133201599,
    "complex_iplddt": 0.6120781898498535,
    "complex_pde": 0.8124762177467346,
    "complex_ipde": 2.745931625366211,
    "chains_ptm": {
        "0": 0.951839804649353,
        "1": 0.6933773159980774
    },
    "pair_chains_iptm": {
        "0": {
            "0": 0.951839804649353,
            "1": 0.27937421202659607
        },
        "1": {
            "0": 0.6008973717689514,
            "1": 0.6933773159980774
        }
    }
}