{
    "confidence_score": 0.8338476419448853,
    "ptm": 0.9226753115653992,
    "iptm": 0.7690123915672302,
    "ligand_iptm": 0.7690123915672302,
    "protein_iptm": 0.0,
    "complex_plddt": 0.8500564098358154,
    "complex_iplddt": 0.6450197100639343,
    "complex_pde": 0.5594332814216614,
    "complex_ipde": 1.6424850225448608,
    "chains_ptm": {
        "0": 0.9667459726333618,
        "1": 0.7807020545005798
    },
    "pair_chains_iptm": {
        "0": {
            "0": 0.9667459726333618,
            "1": 0.5501914620399475
        },
        "1": {
            "0": 0.7690123915672302,
            "1": 0.7807020545005798
        }
    }
}