{
    "confidence_score": 0.851222038269043,
    "ptm": 0.9209614396095276,
    "iptm": 0.7553393840789795,
    "ligand_iptm": 0.7553393840789795,
    "protein_iptm": 0.0,
    "complex_plddt": 0.8751926422119141,
    "complex_iplddt": 0.6865978240966797,
    "complex_pde": 0.5797815322875977,
    "complex_ipde": 1.8542886972427368,
    "chains_ptm": {
        "0": 0.9669394493103027,
        "1": 0.8337417840957642
    },
    "pair_chains_iptm": {
        "0": {
            "0": 0.9669394493103027,
            "1": 0.5148651599884033
        },
        "1": {
            "0": 0.7553393840789795,
            "1": 0.8337417840957642
        }
    }
}