{
    "confidence_score": 0.8706485629081726,
    "ptm": 0.9242935180664062,
    "iptm": 0.7941974997520447,
    "ligand_iptm": 0.7941974997520447,
    "protein_iptm": 0.0,
    "complex_plddt": 0.8897613286972046,
    "complex_iplddt": 0.7454833984375,
    "complex_pde": 0.5706309080123901,
    "complex_ipde": 1.5343345403671265,
    "chains_ptm": {
        "0": 0.9592030048370361,
        "1": 0.8363393545150757
    },
    "pair_chains_iptm": {
        "0": {
            "0": 0.9592030048370361,
            "1": 0.5444008708000183
        },
        "1": {
            "0": 0.7941974997520447,
            "1": 0.8363393545150757
        }
    }
}