{
    "confidence_score": 0.8440947532653809,
    "ptm": 0.9123780131340027,
    "iptm": 0.7267586588859558,
    "ligand_iptm": 0.7267586588859558,
    "protein_iptm": 0.0,
    "complex_plddt": 0.8734287619590759,
    "complex_iplddt": 0.6975885033607483,
    "complex_pde": 0.6194560527801514,
    "complex_ipde": 1.9510890245437622,
    "chains_ptm": {
        "0": 0.9633358716964722,
        "1": 0.7603872418403625
    },
    "pair_chains_iptm": {
        "0": {
            "0": 0.9633358716964722,
            "1": 0.43850329518318176
        },
        "1": {
            "0": 0.7267586588859558,
            "1": 0.7603872418403625
        }
    }
}