{
    "confidence_score": 0.8786856532096863,
    "ptm": 0.9157819151878357,
    "iptm": 0.7524341344833374,
    "ligand_iptm": 0.7524341344833374,
    "protein_iptm": 0.0,
    "complex_plddt": 0.9102485179901123,
    "complex_iplddt": 0.7864832282066345,
    "complex_pde": 0.6190146803855896,
    "complex_ipde": 1.8818306922912598,
    "chains_ptm": {
        "0": 0.959932267665863,
        "1": 0.7923130989074707
    },
    "pair_chains_iptm": {
        "0": {
            "0": 0.959932267665863,
            "1": 0.49448516964912415
        },
        "1": {
            "0": 0.7524341344833374,
            "1": 0.7923130989074707
        }
    }
}