{
    "confidence_score": 0.8370682001113892,
    "ptm": 0.8993704319000244,
    "iptm": 0.6967785358428955,
    "ligand_iptm": 0.6967785358428955,
    "protein_iptm": 0.0,
    "complex_plddt": 0.8721405267715454,
    "complex_iplddt": 0.6666351556777954,
    "complex_pde": 0.6924750804901123,
    "complex_ipde": 2.3255233764648438,
    "chains_ptm": {
        "0": 0.9555103778839111,
        "1": 0.8206573724746704
    },
    "pair_chains_iptm": {
        "0": {
            "0": 0.9555103778839111,
            "1": 0.4197770655155182
        },
        "1": {
            "0": 0.6967785358428955,
            "1": 0.8206573724746704
        }
    }
}