{
    "confidence_score": 0.8835967183113098,
    "ptm": 0.9306670427322388,
    "iptm": 0.800923228263855,
    "ligand_iptm": 0.800923228263855,
    "protein_iptm": 0.0,
    "complex_plddt": 0.9042651057243347,
    "complex_iplddt": 0.7855424880981445,
    "complex_pde": 0.5489113330841064,
    "complex_ipde": 1.6759226322174072,
    "chains_ptm": {
        "0": 0.9657431840896606,
        "1": 0.8241040110588074
    },
    "pair_chains_iptm": {
        "0": {
            "0": 0.9657431840896606,
            "1": 0.5340147018432617
        },
        "1": {
            "0": 0.800923228263855,
            "1": 0.8241040110588074
        }
    }
}