{
    "confidence_score": 0.8055486083030701,
    "ptm": 0.8758785128593445,
    "iptm": 0.6507380604743958,
    "ligand_iptm": 0.6507380604743958,
    "protein_iptm": 0.0,
    "complex_plddt": 0.8442511558532715,
    "complex_iplddt": 0.6528521776199341,
    "complex_pde": 0.7808302044868469,
    "complex_ipde": 2.569732189178467,
    "chains_ptm": {
        "0": 0.9378630518913269,
        "1": 0.7297427654266357
    },
    "pair_chains_iptm": {
        "0": {
            "0": 0.9378630518913269,
            "1": 0.4064655601978302
        },
        "1": {
            "0": 0.6507380604743958,
            "1": 0.7297427654266357
        }
    }
}