{
    "confidence_score": 0.47869154810905457,
    "ptm": 0.5206597447395325,
    "iptm": 0.45084694027900696,
    "ligand_iptm": 0.45084694027900696,
    "protein_iptm": 0.0,
    "complex_plddt": 0.4856526553630829,
    "complex_iplddt": 0.3527263402938843,
    "complex_pde": 1.3755383491516113,
    "complex_ipde": 3.034825563430786,
    "chains_ptm": {
        "0": 0.5441574454307556,
        "1": 0.5847196578979492
    },
    "pair_chains_iptm": {
        "0": {
            "0": 0.5441574454307556,
            "1": 0.18426242470741272
        },
        "1": {
            "0": 0.45084694027900696,
            "1": 0.5847196578979492
        }
    }
}