{
    "confidence_score": 0.812427818775177,
    "ptm": 0.8656911253929138,
    "iptm": 0.6579936742782593,
    "ligand_iptm": 0.6579936742782593,
    "protein_iptm": 0.0,
    "complex_plddt": 0.8510363698005676,
    "complex_iplddt": 0.6519811153411865,
    "complex_pde": 0.8483001589775085,
    "complex_ipde": 2.865752935409546,
    "chains_ptm": {
        "0": 0.9252018332481384,
        "1": 0.7823301553726196
    },
    "pair_chains_iptm": {
        "0": {
            "0": 0.9252018332481384,
            "1": 0.3834865689277649
        },
        "1": {
            "0": 0.6579936742782593,
            "1": 0.7823301553726196
        }
    }
}