{
    "confidence_score": 0.8292617797851562,
    "ptm": 0.9128898978233337,
    "iptm": 0.7043271660804749,
    "ligand_iptm": 0.7043271660804749,
    "protein_iptm": 0.0,
    "complex_plddt": 0.860495388507843,
    "complex_iplddt": 0.6602373719215393,
    "complex_pde": 0.6381193399429321,
    "complex_ipde": 2.226194381713867,
    "chains_ptm": {
        "0": 0.9688178896903992,
        "1": 0.7610734701156616
    },
    "pair_chains_iptm": {
        "0": {
            "0": 0.9688178896903992,
            "1": 0.4332885444164276
        },
        "1": {
            "0": 0.7043271660804749,
            "1": 0.7610734701156616
        }
    }
}