{
    "confidence_score": 0.8425125479698181,
    "ptm": 0.9122485518455505,
    "iptm": 0.727500319480896,
    "ligand_iptm": 0.727500319480896,
    "protein_iptm": 0.0,
    "complex_plddt": 0.8712655305862427,
    "complex_iplddt": 0.6779221296310425,
    "complex_pde": 0.6046096086502075,
    "complex_ipde": 1.82881760597229,
    "chains_ptm": {
        "0": 0.9631974697113037,
        "1": 0.7659323215484619
    },
    "pair_chains_iptm": {
        "0": {
            "0": 0.9631974697113037,
            "1": 0.4830418825149536
        },
        "1": {
            "0": 0.727500319480896,
            "1": 0.7659323215484619
        }
    }
}