{
    "confidence_score": 0.8697580695152283,
    "ptm": 0.9268854260444641,
    "iptm": 0.7860071659088135,
    "ligand_iptm": 0.7860071659088135,
    "protein_iptm": 0.0,
    "complex_plddt": 0.8906957507133484,
    "complex_iplddt": 0.7572363018989563,
    "complex_pde": 0.571277916431427,
    "complex_ipde": 1.5113731622695923,
    "chains_ptm": {
        "0": 0.9660630226135254,
        "1": 0.779365599155426
    },
    "pair_chains_iptm": {
        "0": {
            "0": 0.9660630226135254,
            "1": 0.5035945773124695
        },
        "1": {
            "0": 0.7860071659088135,
            "1": 0.779365599155426
        }
    }
}