{
    "confidence_score": 0.8334916234016418,
    "ptm": 0.8814459443092346,
    "iptm": 0.6965627074241638,
    "ligand_iptm": 0.6965627074241638,
    "protein_iptm": 0.0,
    "complex_plddt": 0.867723822593689,
    "complex_iplddt": 0.697471022605896,
    "complex_pde": 0.7895798087120056,
    "complex_ipde": 2.6564760208129883,
    "chains_ptm": {
        "0": 0.9327428340911865,
        "1": 0.8139725923538208
    },
    "pair_chains_iptm": {
        "0": {
            "0": 0.9327428340911865,
            "1": 0.40227702260017395
        },
        "1": {
            "0": 0.6965627074241638,
            "1": 0.8139725923538208
        }
    }
}