{
    "confidence_score": 0.839134156703949,
    "ptm": 0.9040946960449219,
    "iptm": 0.6932283043861389,
    "ligand_iptm": 0.6932283043861389,
    "protein_iptm": 0.0,
    "complex_plddt": 0.8756105303764343,
    "complex_iplddt": 0.6949852108955383,
    "complex_pde": 0.6895674467086792,
    "complex_ipde": 2.3003602027893066,
    "chains_ptm": {
        "0": 0.9622329473495483,
        "1": 0.7563419342041016
    },
    "pair_chains_iptm": {
        "0": {
            "0": 0.9622329473495483,
            "1": 0.4126616418361664
        },
        "1": {
            "0": 0.6932283043861389,
            "1": 0.7563419342041016
        }
    }
}