{
    "confidence_score": 0.8397273421287537,
    "ptm": 0.9157717823982239,
    "iptm": 0.7823628783226013,
    "ligand_iptm": 0.7823628783226013,
    "protein_iptm": 0.0,
    "complex_plddt": 0.854068398475647,
    "complex_iplddt": 0.6730363368988037,
    "complex_pde": 0.6000542640686035,
    "complex_ipde": 1.8048912286758423,
    "chains_ptm": {
        "0": 0.9536948204040527,
        "1": 0.77854323387146
    },
    "pair_chains_iptm": {
        "0": {
            "0": 0.9536948204040527,
            "1": 0.46350497007369995
        },
        "1": {
            "0": 0.7823628783226013,
            "1": 0.77854323387146
        }
    }
}