{
    "confidence_score": 0.8450310826301575,
    "ptm": 0.9328663349151611,
    "iptm": 0.7532765865325928,
    "ligand_iptm": 0.7532765865325928,
    "protein_iptm": 0.0,
    "complex_plddt": 0.8679696917533875,
    "complex_iplddt": 0.634287416934967,
    "complex_pde": 0.5245355367660522,
    "complex_ipde": 1.567207932472229,
    "chains_ptm": {
        "0": 0.9763309955596924,
        "1": 0.8068933486938477
    },
    "pair_chains_iptm": {
        "0": {
            "0": 0.9763309955596924,
            "1": 0.49394676089286804
        },
        "1": {
            "0": 0.7532765865325928,
            "1": 0.8068933486938477
        }
    }
}