{
    "confidence_score": 0.849430501461029,
    "ptm": 0.8931567668914795,
    "iptm": 0.7286272048950195,
    "ligand_iptm": 0.7286272048950195,
    "protein_iptm": 0.0,
    "complex_plddt": 0.8796312212944031,
    "complex_iplddt": 0.7539438605308533,
    "complex_pde": 0.6816954016685486,
    "complex_ipde": 2.066880702972412,
    "chains_ptm": {
        "0": 0.9403831362724304,
        "1": 0.7696844339370728
    },
    "pair_chains_iptm": {
        "0": {
            "0": 0.9403831362724304,
            "1": 0.4314652681350708
        },
        "1": {
            "0": 0.7286272048950195,
            "1": 0.7696844339370728
        }
    }
}