{
    "confidence_score": 0.8150128722190857,
    "ptm": 0.9125236868858337,
    "iptm": 0.7439629435539246,
    "ligand_iptm": 0.7439629435539246,
    "protein_iptm": 0.0,
    "complex_plddt": 0.8327752947807312,
    "complex_iplddt": 0.6449653506278992,
    "complex_pde": 0.6295439600944519,
    "complex_ipde": 1.9168906211853027,
    "chains_ptm": {
        "0": 0.957345724105835,
        "1": 0.8162508010864258
    },
    "pair_chains_iptm": {
        "0": {
            "0": 0.957345724105835,
            "1": 0.44906777143478394
        },
        "1": {
            "0": 0.7439629435539246,
            "1": 0.8162508010864258
        }
    }
}