{
    "confidence_score": 0.8208827972412109,
    "ptm": 0.8888994455337524,
    "iptm": 0.6491108536720276,
    "ligand_iptm": 0.6491108536720276,
    "protein_iptm": 0.0,
    "complex_plddt": 0.863825798034668,
    "complex_iplddt": 0.6563656330108643,
    "complex_pde": 0.7017399072647095,
    "complex_ipde": 2.3553526401519775,
    "chains_ptm": {
        "0": 0.9512531757354736,
        "1": 0.8006569147109985
    },
    "pair_chains_iptm": {
        "0": {
            "0": 0.9512531757354736,
            "1": 0.4363260865211487
        },
        "1": {
            "0": 0.6491108536720276,
            "1": 0.8006569147109985
        }
    }
}