{
    "confidence_score": 0.7903599143028259,
    "ptm": 0.8809390068054199,
    "iptm": 0.651716947555542,
    "ligand_iptm": 0.651716947555542,
    "protein_iptm": 0.0,
    "complex_plddt": 0.8250206112861633,
    "complex_iplddt": 0.6092559695243835,
    "complex_pde": 0.7614803314208984,
    "complex_ipde": 2.4780752658843994,
    "chains_ptm": {
        "0": 0.944909930229187,
        "1": 0.7905146479606628
    },
    "pair_chains_iptm": {
        "0": {
            "0": 0.944909930229187,
            "1": 0.4211088716983795
        },
        "1": {
            "0": 0.651716947555542,
            "1": 0.7905146479606628
        }
    }
}