{
    "confidence_score": 0.7995387315750122,
    "ptm": 0.9150843620300293,
    "iptm": 0.7606714963912964,
    "ligand_iptm": 0.7606714963912964,
    "protein_iptm": 0.0,
    "complex_plddt": 0.8092554807662964,
    "complex_iplddt": 0.611627995967865,
    "complex_pde": 0.6111643314361572,
    "complex_ipde": 1.6371110677719116,
    "chains_ptm": {
        "0": 0.9547907710075378,
        "1": 0.8139033913612366
    },
    "pair_chains_iptm": {
        "0": {
            "0": 0.9547907710075378,
            "1": 0.550171971321106
        },
        "1": {
            "0": 0.7606714963912964,
            "1": 0.8139033913612366
        }
    }
}