{
    "confidence_score": 0.8548732995986938,
    "ptm": 0.9182939529418945,
    "iptm": 0.7423741221427917,
    "ligand_iptm": 0.7423741221427917,
    "protein_iptm": 0.0,
    "complex_plddt": 0.8829980492591858,
    "complex_iplddt": 0.6989052295684814,
    "complex_pde": 0.5847091674804688,
    "complex_ipde": 1.8274825811386108,
    "chains_ptm": {
        "0": 0.9633287787437439,
        "1": 0.8255932331085205
    },
    "pair_chains_iptm": {
        "0": {
            "0": 0.9633287787437439,
            "1": 0.4768148958683014
        },
        "1": {
            "0": 0.7423741221427917,
            "1": 0.8255932331085205
        }
    }
}