{
    "confidence_score": 0.844368577003479,
    "ptm": 0.9083130359649658,
    "iptm": 0.7253632545471191,
    "ligand_iptm": 0.7253632545471191,
    "protein_iptm": 0.0,
    "complex_plddt": 0.8741198778152466,
    "complex_iplddt": 0.7049131393432617,
    "complex_pde": 0.6189786791801453,
    "complex_ipde": 1.854392409324646,
    "chains_ptm": {
        "0": 0.9569441080093384,
        "1": 0.8015526533126831
    },
    "pair_chains_iptm": {
        "0": {
            "0": 0.9569441080093384,
            "1": 0.3822409510612488
        },
        "1": {
            "0": 0.7253632545471191,
            "1": 0.8015526533126831
        }
    }
}