{
    "confidence_score": 0.8306279182434082,
    "ptm": 0.91200852394104,
    "iptm": 0.6929861903190613,
    "ligand_iptm": 0.6929861903190613,
    "protein_iptm": 0.0,
    "complex_plddt": 0.8650383949279785,
    "complex_iplddt": 0.6365928649902344,
    "complex_pde": 0.6582428812980652,
    "complex_ipde": 2.208181619644165,
    "chains_ptm": {
        "0": 0.9680418372154236,
        "1": 0.7910232543945312
    },
    "pair_chains_iptm": {
        "0": {
            "0": 0.9680418372154236,
            "1": 0.4327288866043091
        },
        "1": {
            "0": 0.6929861903190613,
            "1": 0.7910232543945312
        }
    }
}