{
    "confidence_score": 0.8635290265083313,
    "ptm": 0.9352828860282898,
    "iptm": 0.8104391694068909,
    "ligand_iptm": 0.8104391694068909,
    "protein_iptm": 0.0,
    "complex_plddt": 0.8768014311790466,
    "complex_iplddt": 0.7014337182044983,
    "complex_pde": 0.5257264375686646,
    "complex_ipde": 1.3322371244430542,
    "chains_ptm": {
        "0": 0.9701029658317566,
        "1": 0.7724776864051819
    },
    "pair_chains_iptm": {
        "0": {
            "0": 0.9701029658317566,
            "1": 0.5161927342414856
        },
        "1": {
            "0": 0.8104391694068909,
            "1": 0.7724776864051819
        }
    }
}