{
    "confidence_score": 0.9006592035293579,
    "ptm": 0.9203066229820251,
    "iptm": 0.7476434707641602,
    "ligand_iptm": 0.7476434707641602,
    "protein_iptm": 0.0,
    "complex_plddt": 0.9389130473136902,
    "complex_iplddt": 0.8530199527740479,
    "complex_pde": 0.5963097810745239,
    "complex_ipde": 1.9470486640930176,
    "chains_ptm": {
        "0": 0.9652485847473145,
        "1": 0.8226497173309326
    },
    "pair_chains_iptm": {
        "0": {
            "0": 0.9652485847473145,
            "1": 0.48394426703453064
        },
        "1": {
            "0": 0.7476434707641602,
            "1": 0.8226497173309326
        }
    }
}