{
    "confidence_score": 0.8260113000869751,
    "ptm": 0.8940492868423462,
    "iptm": 0.7003886699676514,
    "ligand_iptm": 0.7003886699676514,
    "protein_iptm": 0.0,
    "complex_plddt": 0.8574168682098389,
    "complex_iplddt": 0.6773399114608765,
    "complex_pde": 0.6839064359664917,
    "complex_ipde": 2.1166861057281494,
    "chains_ptm": {
        "0": 0.9473479390144348,
        "1": 0.7894446849822998
    },
    "pair_chains_iptm": {
        "0": {
            "0": 0.9473479390144348,
            "1": 0.5186635255813599
        },
        "1": {
            "0": 0.7003886699676514,
            "1": 0.7894446849822998
        }
    }
}