{
    "confidence_score": 0.9081262946128845,
    "ptm": 0.9226865768432617,
    "iptm": 0.7668470144271851,
    "ligand_iptm": 0.7668470144271851,
    "protein_iptm": 0.0,
    "complex_plddt": 0.9434460997581482,
    "complex_iplddt": 0.8671491742134094,
    "complex_pde": 0.5920181274414062,
    "complex_ipde": 1.850002646446228,
    "chains_ptm": {
        "0": 0.9657120108604431,
        "1": 0.7812072038650513
    },
    "pair_chains_iptm": {
        "0": {
            "0": 0.9657120108604431,
            "1": 0.489849328994751
        },
        "1": {
            "0": 0.7668470144271851,
            "1": 0.7812072038650513
        }
    }
}