{
    "confidence_score": 0.8242811560630798,
    "ptm": 0.9179169535636902,
    "iptm": 0.7664517760276794,
    "ligand_iptm": 0.7664517760276794,
    "protein_iptm": 0.0,
    "complex_plddt": 0.8387385010719299,
    "complex_iplddt": 0.6171622276306152,
    "complex_pde": 0.569738507270813,
    "complex_ipde": 1.6740655899047852,
    "chains_ptm": {
        "0": 0.9596630930900574,
        "1": 0.8241866230964661
    },
    "pair_chains_iptm": {
        "0": {
            "0": 0.9596630930900574,
            "1": 0.5517189502716064
        },
        "1": {
            "0": 0.7664517760276794,
            "1": 0.8241866230964661
        }
    }
}