{
    "confidence_score": 0.8019956946372986,
    "ptm": 0.8811280131340027,
    "iptm": 0.6417189836502075,
    "ligand_iptm": 0.6417189836502075,
    "protein_iptm": 0.0,
    "complex_plddt": 0.8420647978782654,
    "complex_iplddt": 0.6299158930778503,
    "complex_pde": 0.7311615347862244,
    "complex_ipde": 2.4940717220306396,
    "chains_ptm": {
        "0": 0.9466350078582764,
        "1": 0.7167165875434875
    },
    "pair_chains_iptm": {
        "0": {
            "0": 0.9466350078582764,
            "1": 0.35899224877357483
        },
        "1": {
            "0": 0.6417189836502075,
            "1": 0.7167165875434875
        }
    }
}