{
    "confidence_score": 0.7913064956665039,
    "ptm": 0.859752357006073,
    "iptm": 0.5824791789054871,
    "ligand_iptm": 0.5824791789054871,
    "protein_iptm": 0.0,
    "complex_plddt": 0.8435133099555969,
    "complex_iplddt": 0.6585429906845093,
    "complex_pde": 0.8523017168045044,
    "complex_ipde": 2.9974021911621094,
    "chains_ptm": {
        "0": 0.9341833591461182,
        "1": 0.7273444533348083
    },
    "pair_chains_iptm": {
        "0": {
            "0": 0.9341833591461182,
            "1": 0.3141457140445709
        },
        "1": {
            "0": 0.5824791789054871,
            "1": 0.7273444533348083
        }
    }
}