{
    "confidence_score": 0.8361294865608215,
    "ptm": 0.9073424339294434,
    "iptm": 0.7174018025398254,
    "ligand_iptm": 0.7174018025398254,
    "protein_iptm": 0.0,
    "complex_plddt": 0.8658114075660706,
    "complex_iplddt": 0.6885350942611694,
    "complex_pde": 0.6469426155090332,
    "complex_ipde": 2.0944011211395264,
    "chains_ptm": {
        "0": 0.9587640166282654,
        "1": 0.7433556914329529
    },
    "pair_chains_iptm": {
        "0": {
            "0": 0.9587640166282654,
            "1": 0.42400994896888733
        },
        "1": {
            "0": 0.7174018025398254,
            "1": 0.7433556914329529
        }
    }
}