{
    "confidence_score": 0.8074520230293274,
    "ptm": 0.8894608020782471,
    "iptm": 0.6632168889045715,
    "ligand_iptm": 0.6632168889045715,
    "protein_iptm": 0.0,
    "complex_plddt": 0.8435107469558716,
    "complex_iplddt": 0.6263021230697632,
    "complex_pde": 0.7298786044120789,
    "complex_ipde": 2.4134695529937744,
    "chains_ptm": {
        "0": 0.949857234954834,
        "1": 0.755426287651062
    },
    "pair_chains_iptm": {
        "0": {
            "0": 0.949857234954834,
            "1": 0.42627328634262085
        },
        "1": {
            "0": 0.6632168889045715,
            "1": 0.755426287651062
        }
    }
}