{
    "confidence_score": 0.8450176119804382,
    "ptm": 0.9096047282218933,
    "iptm": 0.733201801776886,
    "ligand_iptm": 0.733201801776886,
    "protein_iptm": 0.0,
    "complex_plddt": 0.8729715943336487,
    "complex_iplddt": 0.6792237162590027,
    "complex_pde": 0.6113336086273193,
    "complex_ipde": 1.8120144605636597,
    "chains_ptm": {
        "0": 0.956917941570282,
        "1": 0.8227065205574036
    },
    "pair_chains_iptm": {
        "0": {
            "0": 0.956917941570282,
            "1": 0.49234145879745483
        },
        "1": {
            "0": 0.733201801776886,
            "1": 0.8227065205574036
        }
    }
}