{
    "confidence_score": 0.8172182440757751,
    "ptm": 0.896952211856842,
    "iptm": 0.640485405921936,
    "ligand_iptm": 0.640485405921936,
    "protein_iptm": 0.0,
    "complex_plddt": 0.861401379108429,
    "complex_iplddt": 0.6266816258430481,
    "complex_pde": 0.7228577733039856,
    "complex_ipde": 2.299886465072632,
    "chains_ptm": {
        "0": 0.9663252830505371,
        "1": 0.712494432926178
    },
    "pair_chains_iptm": {
        "0": {
            "0": 0.9663252830505371,
            "1": 0.33384576439857483
        },
        "1": {
            "0": 0.640485405921936,
            "1": 0.712494432926178
        }
    }
}