{
    "confidence_score": 0.8105431795120239,
    "ptm": 0.8919728994369507,
    "iptm": 0.6778514981269836,
    "ligand_iptm": 0.6778514981269836,
    "protein_iptm": 0.0,
    "complex_plddt": 0.8437160849571228,
    "complex_iplddt": 0.6189114451408386,
    "complex_pde": 0.7261011004447937,
    "complex_ipde": 2.331446886062622,
    "chains_ptm": {
        "0": 0.9519405961036682,
        "1": 0.7332899570465088
    },
    "pair_chains_iptm": {
        "0": {
            "0": 0.9519405961036682,
            "1": 0.3859400749206543
        },
        "1": {
            "0": 0.6778514981269836,
            "1": 0.7332899570465088
        }
    }
}