{
    "confidence_score": 0.8289518356323242,
    "ptm": 0.8983287811279297,
    "iptm": 0.6850869655609131,
    "ligand_iptm": 0.6850869655609131,
    "protein_iptm": 0.0,
    "complex_plddt": 0.8649181127548218,
    "complex_iplddt": 0.6562595963478088,
    "complex_pde": 0.6920189261436462,
    "complex_ipde": 2.2065792083740234,
    "chains_ptm": {
        "0": 0.9549418687820435,
        "1": 0.813310444355011
    },
    "pair_chains_iptm": {
        "0": {
            "0": 0.9549418687820435,
            "1": 0.42301157116889954
        },
        "1": {
            "0": 0.6850869655609131,
            "1": 0.813310444355011
        }
    }
}