{
    "confidence_score": 0.814964234828949,
    "ptm": 0.922832190990448,
    "iptm": 0.7687841057777405,
    "ligand_iptm": 0.7687841057777405,
    "protein_iptm": 0.0,
    "complex_plddt": 0.8265091776847839,
    "complex_iplddt": 0.5628770589828491,
    "complex_pde": 0.5174131393432617,
    "complex_ipde": 1.4105033874511719,
    "chains_ptm": {
        "0": 0.9647241830825806,
        "1": 0.8182917833328247
    },
    "pair_chains_iptm": {
        "0": {
            "0": 0.9647241830825806,
            "1": 0.38575056195259094
        },
        "1": {
            "0": 0.7687841057777405,
            "1": 0.8182917833328247
        }
    }
}