{
    "confidence_score": 0.8821884393692017,
    "ptm": 0.9369035959243774,
    "iptm": 0.8200588822364807,
    "ligand_iptm": 0.8200588822364807,
    "protein_iptm": 0.0,
    "complex_plddt": 0.8977207541465759,
    "complex_iplddt": 0.7520123720169067,
    "complex_pde": 0.4994759261608124,
    "complex_ipde": 1.3647336959838867,
    "chains_ptm": {
        "0": 0.9703519940376282,
        "1": 0.8372206687927246
    },
    "pair_chains_iptm": {
        "0": {
            "0": 0.9703519940376282,
            "1": 0.5881657004356384
        },
        "1": {
            "0": 0.8200588822364807,
            "1": 0.8372206687927246
        }
    }
}