{
    "confidence_score": 0.8520126342773438,
    "ptm": 0.9038196206092834,
    "iptm": 0.715654194355011,
    "ligand_iptm": 0.715654194355011,
    "protein_iptm": 0.0,
    "complex_plddt": 0.8861021995544434,
    "complex_iplddt": 0.7249326109886169,
    "complex_pde": 0.6297968029975891,
    "complex_ipde": 1.960780382156372,
    "chains_ptm": {
        "0": 0.9563255310058594,
        "1": 0.7803071737289429
    },
    "pair_chains_iptm": {
        "0": {
            "0": 0.9563255310058594,
            "1": 0.4483823776245117
        },
        "1": {
            "0": 0.715654194355011,
            "1": 0.7803071737289429
        }
    }
}