{
    "confidence_score": 0.847370445728302,
    "ptm": 0.908282458782196,
    "iptm": 0.7192747592926025,
    "ligand_iptm": 0.7192747592926025,
    "protein_iptm": 0.0,
    "complex_plddt": 0.8793943524360657,
    "complex_iplddt": 0.7209984660148621,
    "complex_pde": 0.6575676798820496,
    "complex_ipde": 2.0138635635375977,
    "chains_ptm": {
        "0": 0.957749605178833,
        "1": 0.8111514449119568
    },
    "pair_chains_iptm": {
        "0": {
            "0": 0.957749605178833,
            "1": 0.5007385611534119
        },
        "1": {
            "0": 0.7192747592926025,
            "1": 0.8111514449119568
        }
    }
}