{
    "confidence_score": 0.8518244028091431,
    "ptm": 0.9221211671829224,
    "iptm": 0.7642863988876343,
    "ligand_iptm": 0.7642863988876343,
    "protein_iptm": 0.0,
    "complex_plddt": 0.8737089037895203,
    "complex_iplddt": 0.6831858158111572,
    "complex_pde": 0.5647963881492615,
    "complex_ipde": 1.689553141593933,
    "chains_ptm": {
        "0": 0.9653927683830261,
        "1": 0.8133006691932678
    },
    "pair_chains_iptm": {
        "0": {
            "0": 0.9653927683830261,
            "1": 0.5248565077781677
        },
        "1": {
            "0": 0.7642863988876343,
            "1": 0.8133006691932678
        }
    }
}