{
    "confidence_score": 0.8789212107658386,
    "ptm": 0.9581769108772278,
    "iptm": 0.8983627557754517,
    "ligand_iptm": 0.8983627557754517,
    "protein_iptm": 0.0,
    "complex_plddt": 0.874060869216919,
    "complex_iplddt": 0.7312531471252441,
    "complex_pde": 0.40541505813598633,
    "complex_ipde": 0.8213813900947571,
    "chains_ptm": {
        "0": 0.9750940799713135,
        "1": 0.8708264827728271
    },
    "pair_chains_iptm": {
        "0": {
            "0": 0.9750940799713135,
            "1": 0.7155263423919678
        },
        "1": {
            "0": 0.8983627557754517,
            "1": 0.8708264827728271
        }
    }
}