{
    "confidence_score": 0.8026589751243591,
    "ptm": 0.886846125125885,
    "iptm": 0.6417092084884644,
    "ligand_iptm": 0.6417092084884644,
    "protein_iptm": 0.0,
    "complex_plddt": 0.8428963422775269,
    "complex_iplddt": 0.6309117674827576,
    "complex_pde": 0.7652700543403625,
    "complex_ipde": 2.748596668243408,
    "chains_ptm": {
        "0": 0.9518974423408508,
        "1": 0.8028595447540283
    },
    "pair_chains_iptm": {
        "0": {
            "0": 0.9518974423408508,
            "1": 0.3572996258735657
        },
        "1": {
            "0": 0.6417092084884644,
            "1": 0.8028595447540283
        }
    }
}