{
    "confidence_score": 0.8119012117385864,
    "ptm": 0.8925960063934326,
    "iptm": 0.7113394737243652,
    "ligand_iptm": 0.7113394737243652,
    "protein_iptm": 0.0,
    "complex_plddt": 0.8370416164398193,
    "complex_iplddt": 0.6329665780067444,
    "complex_pde": 0.6957623958587646,
    "complex_ipde": 2.1626484394073486,
    "chains_ptm": {
        "0": 0.9419970512390137,
        "1": 0.7655507922172546
    },
    "pair_chains_iptm": {
        "0": {
            "0": 0.9419970512390137,
            "1": 0.46267685294151306
        },
        "1": {
            "0": 0.7113394737243652,
            "1": 0.7655507922172546
        }
    }
}