{
    "confidence_score": 0.8829744458198547,
    "ptm": 0.9287775158882141,
    "iptm": 0.8163142204284668,
    "ligand_iptm": 0.8163142204284668,
    "protein_iptm": 0.0,
    "complex_plddt": 0.8996395468711853,
    "complex_iplddt": 0.7828530073165894,
    "complex_pde": 0.5550204515457153,
    "complex_ipde": 1.636464238166809,
    "chains_ptm": {
        "0": 0.959427535533905,
        "1": 0.8302678465843201
    },
    "pair_chains_iptm": {
        "0": {
            "0": 0.959427535533905,
            "1": 0.5979956984519958
        },
        "1": {
            "0": 0.8163142204284668,
            "1": 0.8302678465843201
        }
    }
}