{
    "confidence_score": 0.8713251352310181,
    "ptm": 0.9295555949211121,
    "iptm": 0.8130506873130798,
    "ligand_iptm": 0.8130506873130798,
    "protein_iptm": 0.0,
    "complex_plddt": 0.8858937621116638,
    "complex_iplddt": 0.7545869946479797,
    "complex_pde": 0.5475566983222961,
    "complex_ipde": 1.3409898281097412,
    "chains_ptm": {
        "0": 0.9645319581031799,
        "1": 0.829148530960083
    },
    "pair_chains_iptm": {
        "0": {
            "0": 0.9645319581031799,
            "1": 0.5978798270225525
        },
        "1": {
            "0": 0.8130506873130798,
            "1": 0.829148530960083
        }
    }
}