{
    "confidence_score": 0.8592504858970642,
    "ptm": 0.9257357716560364,
    "iptm": 0.7832292914390564,
    "ligand_iptm": 0.7832292914390564,
    "protein_iptm": 0.0,
    "complex_plddt": 0.8782557249069214,
    "complex_iplddt": 0.713591456413269,
    "complex_pde": 0.5656066536903381,
    "complex_ipde": 1.600258231163025,
    "chains_ptm": {
        "0": 0.9649180769920349,
        "1": 0.7985144853591919
    },
    "pair_chains_iptm": {
        "0": {
            "0": 0.9649180769920349,
            "1": 0.5586628913879395
        },
        "1": {
            "0": 0.7832292914390564,
            "1": 0.7985144853591919
        }
    }
}