{
    "confidence_score": 0.8528624773025513,
    "ptm": 0.9126588106155396,
    "iptm": 0.7340551614761353,
    "ligand_iptm": 0.7340551614761353,
    "protein_iptm": 0.0,
    "complex_plddt": 0.8825643062591553,
    "complex_iplddt": 0.7342934012413025,
    "complex_pde": 0.6019746661186218,
    "complex_ipde": 1.718592882156372,
    "chains_ptm": {
        "0": 0.9595198631286621,
        "1": 0.8119659423828125
    },
    "pair_chains_iptm": {
        "0": {
            "0": 0.9595198631286621,
            "1": 0.48045453429222107
        },
        "1": {
            "0": 0.7340551614761353,
            "1": 0.8119659423828125
        }
    }
}