{
    "confidence_score": 0.8059202432632446,
    "ptm": 0.915119469165802,
    "iptm": 0.7148417234420776,
    "ligand_iptm": 0.7148417234420776,
    "protein_iptm": 0.0,
    "complex_plddt": 0.8286898732185364,
    "complex_iplddt": 0.5868486762046814,
    "complex_pde": 0.6370574831962585,
    "complex_ipde": 2.018357038497925,
    "chains_ptm": {
        "0": 0.9664403796195984,
        "1": 0.8089081048965454
    },
    "pair_chains_iptm": {
        "0": {
            "0": 0.9664403796195984,
            "1": 0.4759186804294586
        },
        "1": {
            "0": 0.7148417234420776,
            "1": 0.8089081048965454
        }
    }
}