{
    "confidence_score": 0.8282827734947205,
    "ptm": 0.918656587600708,
    "iptm": 0.7639636993408203,
    "ligand_iptm": 0.7639636993408203,
    "protein_iptm": 0.0,
    "complex_plddt": 0.8443624377250671,
    "complex_iplddt": 0.6417481303215027,
    "complex_pde": 0.5911291241645813,
    "complex_ipde": 1.7487030029296875,
    "chains_ptm": {
        "0": 0.9619315266609192,
        "1": 0.7734250426292419
    },
    "pair_chains_iptm": {
        "0": {
            "0": 0.9619315266609192,
            "1": 0.4698193371295929
        },
        "1": {
            "0": 0.7639636993408203,
            "1": 0.7734250426292419
        }
    }
}