{
    "confidence_score": 0.84529048204422,
    "ptm": 0.8790757656097412,
    "iptm": 0.6912993788719177,
    "ligand_iptm": 0.6912993788719177,
    "protein_iptm": 0.0,
    "complex_plddt": 0.8837882280349731,
    "complex_iplddt": 0.7363041639328003,
    "complex_pde": 0.9819852113723755,
    "complex_ipde": 2.5880844593048096,
    "chains_ptm": {
        "0": 0.9276283979415894,
        "1": 0.7851389646530151
    },
    "pair_chains_iptm": {
        "0": {
            "0": 0.9276283979415894,
            "1": 0.38452473282814026
        },
        "1": {
            "0": 0.6912993788719177,
            "1": 0.7851389646530151
        }
    }
}