{
    "confidence_score": 0.8098672032356262,
    "ptm": 0.8989830613136292,
    "iptm": 0.6798983216285706,
    "ligand_iptm": 0.6798983216285706,
    "protein_iptm": 0.0,
    "complex_plddt": 0.8423593640327454,
    "complex_iplddt": 0.6224656701087952,
    "complex_pde": 0.6881813406944275,
    "complex_ipde": 2.2235052585601807,
    "chains_ptm": {
        "0": 0.9556899070739746,
        "1": 0.8116459250450134
    },
    "pair_chains_iptm": {
        "0": {
            "0": 0.9556899070739746,
            "1": 0.43674659729003906
        },
        "1": {
            "0": 0.6798983216285706,
            "1": 0.8116459250450134
        }
    }
}