{
    "confidence_score": 0.8312147259712219,
    "ptm": 0.9119002819061279,
    "iptm": 0.7250473499298096,
    "ligand_iptm": 0.7250473499298096,
    "protein_iptm": 0.0,
    "complex_plddt": 0.8577565550804138,
    "complex_iplddt": 0.6217309832572937,
    "complex_pde": 0.6443312764167786,
    "complex_ipde": 1.9638547897338867,
    "chains_ptm": {
        "0": 0.965284526348114,
        "1": 0.7417934536933899
    },
    "pair_chains_iptm": {
        "0": {
            "0": 0.965284526348114,
            "1": 0.4347460865974426
        },
        "1": {
            "0": 0.7250473499298096,
            "1": 0.7417934536933899
        }
    }
}