{
    "confidence_score": 0.8435916304588318,
    "ptm": 0.8897457718849182,
    "iptm": 0.6809154748916626,
    "ligand_iptm": 0.6809154748916626,
    "protein_iptm": 0.0,
    "complex_plddt": 0.8842605948448181,
    "complex_iplddt": 0.7233856320381165,
    "complex_pde": 0.6974776983261108,
    "complex_ipde": 2.2594871520996094,
    "chains_ptm": {
        "0": 0.9456790685653687,
        "1": 0.7494407296180725
    },
    "pair_chains_iptm": {
        "0": {
            "0": 0.9456790685653687,
            "1": 0.4216044247150421
        },
        "1": {
            "0": 0.6809154748916626,
            "1": 0.7494407296180725
        }
    }
}