{
    "confidence_score": 0.8588801622390747,
    "ptm": 0.9161045551300049,
    "iptm": 0.7937951683998108,
    "ligand_iptm": 0.7937951683998108,
    "protein_iptm": 0.0,
    "complex_plddt": 0.8751513957977295,
    "complex_iplddt": 0.7309088110923767,
    "complex_pde": 0.6140930652618408,
    "complex_ipde": 1.5925781726837158,
    "chains_ptm": {
        "0": 0.9522116184234619,
        "1": 0.7824903726577759
    },
    "pair_chains_iptm": {
        "0": {
            "0": 0.9522116184234619,
            "1": 0.5071946382522583
        },
        "1": {
            "0": 0.7937951683998108,
            "1": 0.7824903726577759
        }
    }
}