{
    "confidence_score": 0.8110983967781067,
    "ptm": 0.9088979959487915,
    "iptm": 0.7098130583763123,
    "ligand_iptm": 0.7098130583763123,
    "protein_iptm": 0.0,
    "complex_plddt": 0.8364197015762329,
    "complex_iplddt": 0.6203210353851318,
    "complex_pde": 0.6186758875846863,
    "complex_ipde": 2.0285329818725586,
    "chains_ptm": {
        "0": 0.9632963538169861,
        "1": 0.7975291013717651
    },
    "pair_chains_iptm": {
        "0": {
            "0": 0.9632963538169861,
            "1": 0.369385689496994
        },
        "1": {
            "0": 0.7098130583763123,
            "1": 0.7975291013717651
        }
    }
}