{
    "confidence_score": 0.8277069330215454,
    "ptm": 0.9197241067886353,
    "iptm": 0.7629594802856445,
    "ligand_iptm": 0.7629594802856445,
    "protein_iptm": 0.0,
    "complex_plddt": 0.8438937067985535,
    "complex_iplddt": 0.6225088238716125,
    "complex_pde": 0.5958214402198792,
    "complex_ipde": 1.6866966485977173,
    "chains_ptm": {
        "0": 0.9637821316719055,
        "1": 0.7843521237373352
    },
    "pair_chains_iptm": {
        "0": {
            "0": 0.9637821316719055,
            "1": 0.5096611976623535
        },
        "1": {
            "0": 0.7629594802856445,
            "1": 0.7843521237373352
        }
    }
}