{
    "confidence_score": 0.8569828271865845,
    "ptm": 0.9026731252670288,
    "iptm": 0.7254118323326111,
    "ligand_iptm": 0.7254118323326111,
    "protein_iptm": 0.0,
    "complex_plddt": 0.889875590801239,
    "complex_iplddt": 0.7391434907913208,
    "complex_pde": 0.6712772250175476,
    "complex_ipde": 2.093568801879883,
    "chains_ptm": {
        "0": 0.9534487128257751,
        "1": 0.7749037742614746
    },
    "pair_chains_iptm": {
        "0": {
            "0": 0.9534487128257751,
            "1": 0.4584600031375885
        },
        "1": {
            "0": 0.7254118323326111,
            "1": 0.7749037742614746
        }
    }
}