{
    "confidence_score": 0.8538710474967957,
    "ptm": 0.9164304733276367,
    "iptm": 0.7372769713401794,
    "ligand_iptm": 0.7372769713401794,
    "protein_iptm": 0.0,
    "complex_plddt": 0.8830195665359497,
    "complex_iplddt": 0.7074674367904663,
    "complex_pde": 0.5910531878471375,
    "complex_ipde": 1.710723876953125,
    "chains_ptm": {
        "0": 0.9648289084434509,
        "1": 0.7523635029792786
    },
    "pair_chains_iptm": {
        "0": {
            "0": 0.9648289084434509,
            "1": 0.476264089345932
        },
        "1": {
            "0": 0.7372769713401794,
            "1": 0.7523635029792786
        }
    }
}