{
    "confidence_score": 0.8414511680603027,
    "ptm": 0.8974483013153076,
    "iptm": 0.6874735951423645,
    "ligand_iptm": 0.6874735951423645,
    "protein_iptm": 0.0,
    "complex_plddt": 0.8799455761909485,
    "complex_iplddt": 0.7171921730041504,
    "complex_pde": 0.6921541690826416,
    "complex_ipde": 2.29681134223938,
    "chains_ptm": {
        "0": 0.9529359340667725,
        "1": 0.7488986849784851
    },
    "pair_chains_iptm": {
        "0": {
            "0": 0.9529359340667725,
            "1": 0.4170432388782501
        },
        "1": {
            "0": 0.6874735951423645,
            "1": 0.7488986849784851
        }
    }
}