{
    "confidence_score": 0.8051583170890808,
    "ptm": 0.8761022686958313,
    "iptm": 0.6186746954917908,
    "ligand_iptm": 0.6186746954917908,
    "protein_iptm": 0.0,
    "complex_plddt": 0.8517792820930481,
    "complex_iplddt": 0.6449972987174988,
    "complex_pde": 0.7847970128059387,
    "complex_ipde": 2.69746732711792,
    "chains_ptm": {
        "0": 0.9448385238647461,
        "1": 0.7276769876480103
    },
    "pair_chains_iptm": {
        "0": {
            "0": 0.9448385238647461,
            "1": 0.3808748126029968
        },
        "1": {
            "0": 0.6186746954917908,
            "1": 0.7276769876480103
        }
    }
}