{
    "confidence_score": 0.8014736175537109,
    "ptm": 0.8861530423164368,
    "iptm": 0.6451282501220703,
    "ligand_iptm": 0.6451282501220703,
    "protein_iptm": 0.0,
    "complex_plddt": 0.8405599594116211,
    "complex_iplddt": 0.6041572690010071,
    "complex_pde": 0.7359710931777954,
    "complex_ipde": 2.6852712631225586,
    "chains_ptm": {
        "0": 0.9476823210716248,
        "1": 0.7862533926963806
    },
    "pair_chains_iptm": {
        "0": {
            "0": 0.9476823210716248,
            "1": 0.3896484375
        },
        "1": {
            "0": 0.6451282501220703,
            "1": 0.7862533926963806
        }
    }
}