{
    "confidence_score": 0.8926567435264587,
    "ptm": 0.9618937373161316,
    "iptm": 0.8950183391571045,
    "ligand_iptm": 0.8950183391571045,
    "protein_iptm": 0.0,
    "complex_plddt": 0.892066240310669,
    "complex_iplddt": 0.7611514329910278,
    "complex_pde": 0.37537887692451477,
    "complex_ipde": 0.6713920831680298,
    "chains_ptm": {
        "0": 0.9793726801872253,
        "1": 0.8743083477020264
    },
    "pair_chains_iptm": {
        "0": {
            "0": 0.9793726801872253,
            "1": 0.7227967381477356
        },
        "1": {
            "0": 0.8950183391571045,
            "1": 0.8743083477020264
        }
    }
}