{
    "confidence_score": 0.8239437937736511,
    "ptm": 0.9104583263397217,
    "iptm": 0.6943807005882263,
    "ligand_iptm": 0.6943807005882263,
    "protein_iptm": 0.0,
    "complex_plddt": 0.8563345670700073,
    "complex_iplddt": 0.6285431981086731,
    "complex_pde": 0.6503520607948303,
    "complex_ipde": 2.0285484790802,
    "chains_ptm": {
        "0": 0.9658483266830444,
        "1": 0.752755343914032
    },
    "pair_chains_iptm": {
        "0": {
            "0": 0.9658483266830444,
            "1": 0.4504489004611969
        },
        "1": {
            "0": 0.6943807005882263,
            "1": 0.752755343914032
        }
    }
}