{
    "confidence_score": 0.8671339154243469,
    "ptm": 0.9143339395523071,
    "iptm": 0.749923825263977,
    "ligand_iptm": 0.749923825263977,
    "protein_iptm": 0.0,
    "complex_plddt": 0.8964363932609558,
    "complex_iplddt": 0.7577682137489319,
    "complex_pde": 0.6026923656463623,
    "complex_ipde": 1.7482731342315674,
    "chains_ptm": {
        "0": 0.9597964882850647,
        "1": 0.7798882722854614
    },
    "pair_chains_iptm": {
        "0": {
            "0": 0.9597964882850647,
            "1": 0.5487065315246582
        },
        "1": {
            "0": 0.749923825263977,
            "1": 0.7798882722854614
        }
    }
}