{
    "confidence_score": 0.8153201341629028,
    "ptm": 0.9038874506950378,
    "iptm": 0.7324139475822449,
    "ligand_iptm": 0.7324139475822449,
    "protein_iptm": 0.0,
    "complex_plddt": 0.8360466957092285,
    "complex_iplddt": 0.603298008441925,
    "complex_pde": 0.6246955394744873,
    "complex_ipde": 1.890398621559143,
    "chains_ptm": {
        "0": 0.9500220417976379,
        "1": 0.7887717485427856
    },
    "pair_chains_iptm": {
        "0": {
            "0": 0.9500220417976379,
            "1": 0.3554854989051819
        },
        "1": {
            "0": 0.7324139475822449,
            "1": 0.7887717485427856
        }
    }
}