{
    "confidence_score": 0.8168217539787292,
    "ptm": 0.9019935131072998,
    "iptm": 0.7172578573226929,
    "ligand_iptm": 0.7172578573226929,
    "protein_iptm": 0.0,
    "complex_plddt": 0.8417127132415771,
    "complex_iplddt": 0.6237627863883972,
    "complex_pde": 0.6475306153297424,
    "complex_ipde": 2.042879343032837,
    "chains_ptm": {
        "0": 0.9536600708961487,
        "1": 0.7509887218475342
    },
    "pair_chains_iptm": {
        "0": {
            "0": 0.9536600708961487,
            "1": 0.4492998719215393
        },
        "1": {
            "0": 0.7172578573226929,
            "1": 0.7509887218475342
        }
    }
}