{
    "confidence_score": 0.8155637979507446,
    "ptm": 0.8901958465576172,
    "iptm": 0.6459150314331055,
    "ligand_iptm": 0.6459150314331055,
    "protein_iptm": 0.0,
    "complex_plddt": 0.8579760193824768,
    "complex_iplddt": 0.6527038216590881,
    "complex_pde": 0.7190935015678406,
    "complex_ipde": 2.5548853874206543,
    "chains_ptm": {
        "0": 0.9567129015922546,
        "1": 0.7358831167221069
    },
    "pair_chains_iptm": {
        "0": {
            "0": 0.9567129015922546,
            "1": 0.38713040947914124
        },
        "1": {
            "0": 0.6459150314331055,
            "1": 0.7358831167221069
        }
    }
}