{
    "confidence_score": 0.8586320877075195,
    "ptm": 0.9226373434066772,
    "iptm": 0.7707124352455139,
    "ligand_iptm": 0.7707124352455139,
    "protein_iptm": 0.0,
    "complex_plddt": 0.8806120157241821,
    "complex_iplddt": 0.7142440676689148,
    "complex_pde": 0.5866565108299255,
    "complex_ipde": 1.6458964347839355,
    "chains_ptm": {
        "0": 0.9649198055267334,
        "1": 0.7729200720787048
    },
    "pair_chains_iptm": {
        "0": {
            "0": 0.9649198055267334,
            "1": 0.4820931851863861
        },
        "1": {
            "0": 0.7707124352455139,
            "1": 0.7729200720787048
        }
    }
}