{
    "confidence_score": 0.8411355018615723,
    "ptm": 0.9072651863098145,
    "iptm": 0.7505604028701782,
    "ligand_iptm": 0.7505604028701782,
    "protein_iptm": 0.0,
    "complex_plddt": 0.8637793064117432,
    "complex_iplddt": 0.7458602786064148,
    "complex_pde": 0.625445544719696,
    "complex_ipde": 1.7890896797180176,
    "chains_ptm": {
        "0": 0.9503029584884644,
        "1": 0.7894147634506226
    },
    "pair_chains_iptm": {
        "0": {
            "0": 0.9503029584884644,
            "1": 0.47084274888038635
        },
        "1": {
            "0": 0.7505604028701782,
            "1": 0.7894147634506226
        }
    }
}