{
    "confidence_score": 0.8501617312431335,
    "ptm": 0.8902119398117065,
    "iptm": 0.6554781198501587,
    "ligand_iptm": 0.6554781198501587,
    "protein_iptm": 0.0,
    "complex_plddt": 0.8988326191902161,
    "complex_iplddt": 0.7485543489456177,
    "complex_pde": 0.7423774600028992,
    "complex_ipde": 2.55065655708313,
    "chains_ptm": {
        "0": 0.9537231922149658,
        "1": 0.7446343898773193
    },
    "pair_chains_iptm": {
        "0": {
            "0": 0.9537231922149658,
            "1": 0.36510369181632996
        },
        "1": {
            "0": 0.6554781198501587,
            "1": 0.7446343898773193
        }
    }
}