{
    "confidence_score": 0.8510494232177734,
    "ptm": 0.9225449562072754,
    "iptm": 0.776344358921051,
    "ligand_iptm": 0.776344358921051,
    "protein_iptm": 0.0,
    "complex_plddt": 0.8697257041931152,
    "complex_iplddt": 0.6771442294120789,
    "complex_pde": 0.5578534603118896,
    "complex_ipde": 1.5755001306533813,
    "chains_ptm": {
        "0": 0.9638212323188782,
        "1": 0.7790022492408752
    },
    "pair_chains_iptm": {
        "0": {
            "0": 0.9638212323188782,
            "1": 0.5265491008758545
        },
        "1": {
            "0": 0.776344358921051,
            "1": 0.7790022492408752
        }
    }
}