{
    "confidence_score": 0.8057047724723816,
    "ptm": 0.8832471370697021,
    "iptm": 0.6499834060668945,
    "ligand_iptm": 0.6499834060668945,
    "protein_iptm": 0.0,
    "complex_plddt": 0.8446351289749146,
    "complex_iplddt": 0.6085479855537415,
    "complex_pde": 0.7912024259567261,
    "complex_ipde": 2.5484368801116943,
    "chains_ptm": {
        "0": 0.9472795724868774,
        "1": 0.739189863204956
    },
    "pair_chains_iptm": {
        "0": {
            "0": 0.9472795724868774,
            "1": 0.35973671078681946
        },
        "1": {
            "0": 0.6499834060668945,
            "1": 0.739189863204956
        }
    }
}