{
    "confidence_score": 0.7933441996574402,
    "ptm": 0.8977245688438416,
    "iptm": 0.6508522629737854,
    "ligand_iptm": 0.6508522629737854,
    "protein_iptm": 0.0,
    "complex_plddt": 0.8289672136306763,
    "complex_iplddt": 0.5431795120239258,
    "complex_pde": 0.7007649540901184,
    "complex_ipde": 2.163306713104248,
    "chains_ptm": {
        "0": 0.9598545432090759,
        "1": 0.7789860963821411
    },
    "pair_chains_iptm": {
        "0": {
            "0": 0.9598545432090759,
            "1": 0.3910757601261139
        },
        "1": {
            "0": 0.6508522629737854,
            "1": 0.7789860963821411
        }
    }
}