{
    "confidence_score": 0.8837555050849915,
    "ptm": 0.9152728319168091,
    "iptm": 0.7494193911552429,
    "ligand_iptm": 0.7494193911552429,
    "protein_iptm": 0.0,
    "complex_plddt": 0.9173395037651062,
    "complex_iplddt": 0.8086870908737183,
    "complex_pde": 0.621239423751831,
    "complex_ipde": 1.8945538997650146,
    "chains_ptm": {
        "0": 0.959059476852417,
        "1": 0.7666193842887878
    },
    "pair_chains_iptm": {
        "0": {
            "0": 0.959059476852417,
            "1": 0.4870675206184387
        },
        "1": {
            "0": 0.7494193911552429,
            "1": 0.7666193842887878
        }
    }
}