{
    "confidence_score": 0.8253345489501953,
    "ptm": 0.8842992782592773,
    "iptm": 0.6739904284477234,
    "ligand_iptm": 0.6739904284477234,
    "protein_iptm": 0.0,
    "complex_plddt": 0.8631706237792969,
    "complex_iplddt": 0.6997389197349548,
    "complex_pde": 0.7617815732955933,
    "complex_ipde": 2.6114914417266846,
    "chains_ptm": {
        "0": 0.9389018416404724,
        "1": 0.7918504476547241
    },
    "pair_chains_iptm": {
        "0": {
            "0": 0.9389018416404724,
            "1": 0.3974563777446747
        },
        "1": {
            "0": 0.6739904284477234,
            "1": 0.7918504476547241
        }
    }
}