{
    "confidence_score": 0.8733382225036621,
    "ptm": 0.9323961734771729,
    "iptm": 0.8071677088737488,
    "ligand_iptm": 0.8071677088737488,
    "protein_iptm": 0.0,
    "complex_plddt": 0.8898808360099792,
    "complex_iplddt": 0.7314011454582214,
    "complex_pde": 0.513262152671814,
    "complex_ipde": 1.3872044086456299,
    "chains_ptm": {
        "0": 0.9674685597419739,
        "1": 0.783689022064209
    },
    "pair_chains_iptm": {
        "0": {
            "0": 0.9674685597419739,
            "1": 0.5790154933929443
        },
        "1": {
            "0": 0.8071677088737488,
            "1": 0.783689022064209
        }
    }
}