{
    "confidence_score": 0.8120179176330566,
    "ptm": 0.8925830721855164,
    "iptm": 0.697848916053772,
    "ligand_iptm": 0.697848916053772,
    "protein_iptm": 0.0,
    "complex_plddt": 0.8405601382255554,
    "complex_iplddt": 0.6149492859840393,
    "complex_pde": 0.7272236347198486,
    "complex_ipde": 2.28326153755188,
    "chains_ptm": {
        "0": 0.9482409954071045,
        "1": 0.7617592215538025
    },
    "pair_chains_iptm": {
        "0": {
            "0": 0.9482409954071045,
            "1": 0.4434465765953064
        },
        "1": {
            "0": 0.697848916053772,
            "1": 0.7617592215538025
        }
    }
}