{
    "confidence_score": 0.8699195981025696,
    "ptm": 0.945622444152832,
    "iptm": 0.8415781259536743,
    "ligand_iptm": 0.8415781259536743,
    "protein_iptm": 0.0,
    "complex_plddt": 0.8770049810409546,
    "complex_iplddt": 0.7056759595870972,
    "complex_pde": 0.46601602435112,
    "complex_ipde": 1.1454921960830688,
    "chains_ptm": {
        "0": 0.9745451807975769,
        "1": 0.8498504757881165
    },
    "pair_chains_iptm": {
        "0": {
            "0": 0.9745451807975769,
            "1": 0.6745153665542603
        },
        "1": {
            "0": 0.8415781259536743,
            "1": 0.8498504757881165
        }
    }
}