{
    "confidence_score": 0.7964444160461426,
    "ptm": 0.8958935737609863,
    "iptm": 0.6488949060440063,
    "ligand_iptm": 0.6488949060440063,
    "protein_iptm": 0.0,
    "complex_plddt": 0.833331823348999,
    "complex_iplddt": 0.6062323451042175,
    "complex_pde": 0.7127529978752136,
    "complex_ipde": 2.201807975769043,
    "chains_ptm": {
        "0": 0.9577900767326355,
        "1": 0.7685190439224243
    },
    "pair_chains_iptm": {
        "0": {
            "0": 0.9577900767326355,
            "1": 0.38477158546447754
        },
        "1": {
            "0": 0.6488949060440063,
            "1": 0.7685190439224243
        }
    }
}