{
    "confidence_score": 0.8310806155204773,
    "ptm": 0.9132252335548401,
    "iptm": 0.7192556858062744,
    "ligand_iptm": 0.7192556858062744,
    "protein_iptm": 0.0,
    "complex_plddt": 0.8590368628501892,
    "complex_iplddt": 0.6352061033248901,
    "complex_pde": 0.6322517991065979,
    "complex_ipde": 2.020045757293701,
    "chains_ptm": {
        "0": 0.9646415710449219,
        "1": 0.7936663627624512
    },
    "pair_chains_iptm": {
        "0": {
            "0": 0.9646415710449219,
            "1": 0.4247402846813202
        },
        "1": {
            "0": 0.7192556858062744,
            "1": 0.7936663627624512
        }
    }
}