{
    "confidence_score": 0.8313362002372742,
    "ptm": 0.9198603630065918,
    "iptm": 0.749813437461853,
    "ligand_iptm": 0.749813437461853,
    "protein_iptm": 0.0,
    "complex_plddt": 0.8517168760299683,
    "complex_iplddt": 0.6448314189910889,
    "complex_pde": 0.5803917050361633,
    "complex_ipde": 1.6998984813690186,
    "chains_ptm": {
        "0": 0.9683331847190857,
        "1": 0.7540899515151978
    },
    "pair_chains_iptm": {
        "0": {
            "0": 0.9683331847190857,
            "1": 0.49011269211769104
        },
        "1": {
            "0": 0.749813437461853,
            "1": 0.7540899515151978
        }
    }
}