{
    "confidence_score": 0.879457414150238,
    "ptm": 0.943866491317749,
    "iptm": 0.8440671563148499,
    "ligand_iptm": 0.8440671563148499,
    "protein_iptm": 0.0,
    "complex_plddt": 0.8883049488067627,
    "complex_iplddt": 0.7208492755889893,
    "complex_pde": 0.46100571751594543,
    "complex_ipde": 1.1744053363800049,
    "chains_ptm": {
        "0": 0.9714392423629761,
        "1": 0.8510703444480896
    },
    "pair_chains_iptm": {
        "0": {
            "0": 0.9714392423629761,
            "1": 0.6120206713676453
        },
        "1": {
            "0": 0.8440671563148499,
            "1": 0.8510703444480896
        }
    }
}