{
    "confidence_score": 0.8494903445243835,
    "ptm": 0.8999853730201721,
    "iptm": 0.6966150403022766,
    "ligand_iptm": 0.6966150403022766,
    "protein_iptm": 0.0,
    "complex_plddt": 0.8877091407775879,
    "complex_iplddt": 0.7398707270622253,
    "complex_pde": 0.6844318509101868,
    "complex_ipde": 2.30751633644104,
    "chains_ptm": {
        "0": 0.9549448490142822,
        "1": 0.797471821308136
    },
    "pair_chains_iptm": {
        "0": {
            "0": 0.9549448490142822,
            "1": 0.3973712623119354
        },
        "1": {
            "0": 0.6966150403022766,
            "1": 0.797471821308136
        }
    }
}