{
    "confidence_score": 0.8347921371459961,
    "ptm": 0.9152236580848694,
    "iptm": 0.7553058862686157,
    "ligand_iptm": 0.7553058862686157,
    "protein_iptm": 0.0,
    "complex_plddt": 0.8546636700630188,
    "complex_iplddt": 0.6778826713562012,
    "complex_pde": 0.5943495631217957,
    "complex_ipde": 1.6559070348739624,
    "chains_ptm": {
        "0": 0.9617943167686462,
        "1": 0.7725538611412048
    },
    "pair_chains_iptm": {
        "0": {
            "0": 0.9617943167686462,
            "1": 0.5352909564971924
        },
        "1": {
            "0": 0.7553058862686157,
            "1": 0.7725538611412048
        }
    }
}