{
    "confidence_score": 0.8150472044944763,
    "ptm": 0.9023934006690979,
    "iptm": 0.6697299480438232,
    "ligand_iptm": 0.6697299480438232,
    "protein_iptm": 0.0,
    "complex_plddt": 0.851376473903656,
    "complex_iplddt": 0.6131012439727783,
    "complex_pde": 0.6419842839241028,
    "complex_ipde": 2.167112112045288,
    "chains_ptm": {
        "0": 0.9613779783248901,
        "1": 0.8144221901893616
    },
    "pair_chains_iptm": {
        "0": {
            "0": 0.9613779783248901,
            "1": 0.3870077431201935
        },
        "1": {
            "0": 0.6697299480438232,
            "1": 0.8144221901893616
        }
    }
}