{
    "confidence_score": 0.8441445231437683,
    "ptm": 0.9081293344497681,
    "iptm": 0.7429906129837036,
    "ligand_iptm": 0.7429906129837036,
    "protein_iptm": 0.0,
    "complex_plddt": 0.8694330453872681,
    "complex_iplddt": 0.7000742554664612,
    "complex_pde": 0.6286858916282654,
    "complex_ipde": 1.83028244972229,
    "chains_ptm": {
        "0": 0.9545019268989563,
        "1": 0.7577840089797974
    },
    "pair_chains_iptm": {
        "0": {
            "0": 0.9545019268989563,
            "1": 0.4688231945037842
        },
        "1": {
            "0": 0.7429906129837036,
            "1": 0.7577840089797974
        }
    }
}