{
    "confidence_score": 0.8031213879585266,
    "ptm": 0.8992344737052917,
    "iptm": 0.6785645484924316,
    "ligand_iptm": 0.6785645484924316,
    "protein_iptm": 0.0,
    "complex_plddt": 0.8342605233192444,
    "complex_iplddt": 0.5899285674095154,
    "complex_pde": 0.6916815042495728,
    "complex_ipde": 2.180833101272583,
    "chains_ptm": {
        "0": 0.9585062265396118,
        "1": 0.771212100982666
    },
    "pair_chains_iptm": {
        "0": {
            "0": 0.9585062265396118,
            "1": 0.36130738258361816
        },
        "1": {
            "0": 0.6785645484924316,
            "1": 0.771212100982666
        }
    }
}