{
    "confidence_score": 0.7953717708587646,
    "ptm": 0.8851273059844971,
    "iptm": 0.6708648800849915,
    "ligand_iptm": 0.6708648800849915,
    "protein_iptm": 0.0,
    "complex_plddt": 0.8264985084533691,
    "complex_iplddt": 0.6021841168403625,
    "complex_pde": 0.7510095834732056,
    "complex_ipde": 2.4971866607666016,
    "chains_ptm": {
        "0": 0.9448059797286987,
        "1": 0.7519344687461853
    },
    "pair_chains_iptm": {
        "0": {
            "0": 0.9448059797286987,
            "1": 0.3704734146595001
        },
        "1": {
            "0": 0.6708648800849915,
            "1": 0.7519344687461853
        }
    }
}