{
    "confidence_score": 0.8643938302993774,
    "ptm": 0.9393765330314636,
    "iptm": 0.8080950975418091,
    "ligand_iptm": 0.8080950975418091,
    "protein_iptm": 0.0,
    "complex_plddt": 0.8784685134887695,
    "complex_iplddt": 0.7182790637016296,
    "complex_pde": 0.48997989296913147,
    "complex_ipde": 1.234427571296692,
    "chains_ptm": {
        "0": 0.9751557111740112,
        "1": 0.8243665099143982
    },
    "pair_chains_iptm": {
        "0": {
            "0": 0.9751557111740112,
            "1": 0.5717695355415344
        },
        "1": {
            "0": 0.8080950975418091,
            "1": 0.8243665099143982
        }
    }
}