{
    "confidence_score": 0.7934491038322449,
    "ptm": 0.8815723657608032,
    "iptm": 0.6326310038566589,
    "ligand_iptm": 0.6326310038566589,
    "protein_iptm": 0.0,
    "complex_plddt": 0.8336535692214966,
    "complex_iplddt": 0.602151095867157,
    "complex_pde": 0.8090336918830872,
    "complex_ipde": 2.8940269947052,
    "chains_ptm": {
        "0": 0.9451729655265808,
        "1": 0.7625054717063904
    },
    "pair_chains_iptm": {
        "0": {
            "0": 0.9451729655265808,
            "1": 0.2929390072822571
        },
        "1": {
            "0": 0.6326310038566589,
            "1": 0.7625054717063904
        }
    }
}