{
    "confidence_score": 0.7748966217041016,
    "ptm": 0.892863929271698,
    "iptm": 0.6207071542739868,
    "ligand_iptm": 0.6207071542739868,
    "protein_iptm": 0.0,
    "complex_plddt": 0.8134439587593079,
    "complex_iplddt": 0.4997391700744629,
    "complex_pde": 0.8102302551269531,
    "complex_ipde": 3.1024460792541504,
    "chains_ptm": {
        "0": 0.9585768580436707,
        "1": 0.7765626907348633
    },
    "pair_chains_iptm": {
        "0": {
            "0": 0.9585768580436707,
            "1": 0.36495062708854675
        },
        "1": {
            "0": 0.6207071542739868,
            "1": 0.7765626907348633
        }
    }
}