{
    "confidence_score": 0.8130594491958618,
    "ptm": 0.8921186327934265,
    "iptm": 0.7190057635307312,
    "ligand_iptm": 0.7190057635307312,
    "protein_iptm": 0.0,
    "complex_plddt": 0.8365728855133057,
    "complex_iplddt": 0.6824262142181396,
    "complex_pde": 0.7922912836074829,
    "complex_ipde": 2.226673126220703,
    "chains_ptm": {
        "0": 0.9410859942436218,
        "1": 0.7562418580055237
    },
    "pair_chains_iptm": {
        "0": {
            "0": 0.9410859942436218,
            "1": 0.44739457964897156
        },
        "1": {
            "0": 0.7190057635307312,
            "1": 0.7562418580055237
        }
    }
}