{
    "confidence_score": 0.821492612361908,
    "ptm": 0.8986066579818726,
    "iptm": 0.7020625472068787,
    "ligand_iptm": 0.7020625472068787,
    "protein_iptm": 0.0,
    "complex_plddt": 0.8513500690460205,
    "complex_iplddt": 0.6386824250221252,
    "complex_pde": 0.6853813529014587,
    "complex_ipde": 2.19633412361145,
    "chains_ptm": {
        "0": 0.9549850225448608,
        "1": 0.74680495262146
    },
    "pair_chains_iptm": {
        "0": {
            "0": 0.9549850225448608,
            "1": 0.4202863574028015
        },
        "1": {
            "0": 0.7020625472068787,
            "1": 0.74680495262146
        }
    }
}