{
    "confidence_score": 0.8229398131370544,
    "ptm": 0.9067397117614746,
    "iptm": 0.7273698449134827,
    "ligand_iptm": 0.7273698449134827,
    "protein_iptm": 0.0,
    "complex_plddt": 0.8468322157859802,
    "complex_iplddt": 0.6425706744194031,
    "complex_pde": 0.697501540184021,
    "complex_ipde": 1.9926795959472656,
    "chains_ptm": {
        "0": 0.9559889435768127,
        "1": 0.7685950994491577
    },
    "pair_chains_iptm": {
        "0": {
            "0": 0.9559889435768127,
            "1": 0.42356663942337036
        },
        "1": {
            "0": 0.7273698449134827,
            "1": 0.7685950994491577
        }
    }
}