{
    "confidence_score": 0.8451949954032898,
    "ptm": 0.9297528862953186,
    "iptm": 0.7875116467475891,
    "ligand_iptm": 0.7875116467475891,
    "protein_iptm": 0.0,
    "complex_plddt": 0.8596158027648926,
    "complex_iplddt": 0.6763494610786438,
    "complex_pde": 0.5577591061592102,
    "complex_ipde": 1.5064953565597534,
    "chains_ptm": {
        "0": 0.9706659317016602,
        "1": 0.7699995040893555
    },
    "pair_chains_iptm": {
        "0": {
            "0": 0.9706659317016602,
            "1": 0.4893715977668762
        },
        "1": {
            "0": 0.7875116467475891,
            "1": 0.7699995040893555
        }
    }
}