{
    "confidence_score": 0.8910440802574158,
    "ptm": 0.9189830422401428,
    "iptm": 0.7526200413703918,
    "ligand_iptm": 0.7526200413703918,
    "protein_iptm": 0.0,
    "complex_plddt": 0.9256500601768494,
    "complex_iplddt": 0.8354059457778931,
    "complex_pde": 0.6035223007202148,
    "complex_ipde": 1.8853816986083984,
    "chains_ptm": {
        "0": 0.962833046913147,
        "1": 0.7699689269065857
    },
    "pair_chains_iptm": {
        "0": {
            "0": 0.962833046913147,
            "1": 0.5074154138565063
        },
        "1": {
            "0": 0.7526200413703918,
            "1": 0.7699689269065857
        }
    }
}