{
    "confidence_score": 0.874679684638977,
    "ptm": 0.9505229592323303,
    "iptm": 0.8527256846427917,
    "ligand_iptm": 0.8527256846427917,
    "protein_iptm": 0.0,
    "complex_plddt": 0.8801681399345398,
    "complex_iplddt": 0.7286456823348999,
    "complex_pde": 0.4463759958744049,
    "complex_ipde": 1.0558706521987915,
    "chains_ptm": {
        "0": 0.9779483675956726,
        "1": 0.8230106234550476
    },
    "pair_chains_iptm": {
        "0": {
            "0": 0.9779483675956726,
            "1": 0.6178025603294373
        },
        "1": {
            "0": 0.8527256846427917,
            "1": 0.8230106234550476
        }
    }
}