{
    "confidence_score": 0.7960054278373718,
    "ptm": 0.8804739713668823,
    "iptm": 0.603281557559967,
    "ligand_iptm": 0.603281557559967,
    "protein_iptm": 0.0,
    "complex_plddt": 0.8441864252090454,
    "complex_iplddt": 0.5841064453125,
    "complex_pde": 0.77107173204422,
    "complex_ipde": 2.5569772720336914,
    "chains_ptm": {
        "0": 0.9512531757354736,
        "1": 0.7814347147941589
    },
    "pair_chains_iptm": {
        "0": {
            "0": 0.9512531757354736,
            "1": 0.32065486907958984
        },
        "1": {
            "0": 0.603281557559967,
            "1": 0.7814347147941589
        }
    }
}