{
    "confidence_score": 0.819733738899231,
    "ptm": 0.8799125552177429,
    "iptm": 0.6613562703132629,
    "ligand_iptm": 0.6613562703132629,
    "protein_iptm": 0.0,
    "complex_plddt": 0.859328031539917,
    "complex_iplddt": 0.664835512638092,
    "complex_pde": 0.7849928140640259,
    "complex_ipde": 2.6609089374542236,
    "chains_ptm": {
        "0": 0.9408653378486633,
        "1": 0.760693371295929
    },
    "pair_chains_iptm": {
        "0": {
            "0": 0.9408653378486633,
            "1": 0.34150347113609314
        },
        "1": {
            "0": 0.6613562703132629,
            "1": 0.760693371295929
        }
    }
}