{
    "confidence_score": 0.8414739966392517,
    "ptm": 0.9176154136657715,
    "iptm": 0.7423245310783386,
    "ligand_iptm": 0.7423245310783386,
    "protein_iptm": 0.0,
    "complex_plddt": 0.8662613034248352,
    "complex_iplddt": 0.6698486804962158,
    "complex_pde": 0.6144684553146362,
    "complex_ipde": 1.8537988662719727,
    "chains_ptm": {
        "0": 0.9650760889053345,
        "1": 0.7790836095809937
    },
    "pair_chains_iptm": {
        "0": {
            "0": 0.9650760889053345,
            "1": 0.5143370628356934
        },
        "1": {
            "0": 0.7423245310783386,
            "1": 0.7790836095809937
        }
    }
}