{
    "confidence_score": 0.8250223994255066,
    "ptm": 0.9025641679763794,
    "iptm": 0.6751778721809387,
    "ligand_iptm": 0.6751778721809387,
    "protein_iptm": 0.0,
    "complex_plddt": 0.8624835014343262,
    "complex_iplddt": 0.6512926816940308,
    "complex_pde": 0.680928647518158,
    "complex_ipde": 2.281909227371216,
    "chains_ptm": {
        "0": 0.9599370360374451,
        "1": 0.7905454635620117
    },
    "pair_chains_iptm": {
        "0": {
            "0": 0.9599370360374451,
            "1": 0.4033298194408417
        },
        "1": {
            "0": 0.6751778721809387,
            "1": 0.7905454635620117
        }
    }
}