{
    "confidence_score": 0.7861645817756653,
    "ptm": 0.8755366206169128,
    "iptm": 0.6211880445480347,
    "ligand_iptm": 0.6211880445480347,
    "protein_iptm": 0.0,
    "complex_plddt": 0.8274087309837341,
    "complex_iplddt": 0.6076939702033997,
    "complex_pde": 0.8629723191261292,
    "complex_ipde": 3.1130242347717285,
    "chains_ptm": {
        "0": 0.9395802617073059,
        "1": 0.7668009996414185
    },
    "pair_chains_iptm": {
        "0": {
            "0": 0.9395802617073059,
            "1": 0.31541189551353455
        },
        "1": {
            "0": 0.6211880445480347,
            "1": 0.7668009996414185
        }
    }
}