{
    "confidence_score": 0.7922149896621704,
    "ptm": 0.8956032395362854,
    "iptm": 0.638802707195282,
    "ligand_iptm": 0.638802707195282,
    "protein_iptm": 0.0,
    "complex_plddt": 0.8305680155754089,
    "complex_iplddt": 0.554188072681427,
    "complex_pde": 0.7357322573661804,
    "complex_ipde": 2.7011959552764893,
    "chains_ptm": {
        "0": 0.9608932733535767,
        "1": 0.7860892415046692
    },
    "pair_chains_iptm": {
        "0": {
            "0": 0.9608932733535767,
            "1": 0.3526282012462616
        },
        "1": {
            "0": 0.638802707195282,
            "1": 0.7860892415046692
        }
    }
}