{
    "confidence_score": 0.819606602191925,
    "ptm": 0.8996509909629822,
    "iptm": 0.7126497030258179,
    "ligand_iptm": 0.7126497030258179,
    "protein_iptm": 0.0,
    "complex_plddt": 0.8463457822799683,
    "complex_iplddt": 0.6465930342674255,
    "complex_pde": 0.6937181353569031,
    "complex_ipde": 2.1450440883636475,
    "chains_ptm": {
        "0": 0.9528079628944397,
        "1": 0.7852879166603088
    },
    "pair_chains_iptm": {
        "0": {
            "0": 0.9528079628944397,
            "1": 0.44924455881118774
        },
        "1": {
            "0": 0.7126497030258179,
            "1": 0.7852879166603088
        }
    }
}