{
    "confidence_score": 0.8284221887588501,
    "ptm": 0.8883659839630127,
    "iptm": 0.6891968250274658,
    "ligand_iptm": 0.6891968250274658,
    "protein_iptm": 0.0,
    "complex_plddt": 0.8632284998893738,
    "complex_iplddt": 0.7088010311126709,
    "complex_pde": 0.7368530035018921,
    "complex_ipde": 2.4680182933807373,
    "chains_ptm": {
        "0": 0.9445379972457886,
        "1": 0.7627925872802734
    },
    "pair_chains_iptm": {
        "0": {
            "0": 0.9445379972457886,
            "1": 0.4200182557106018
        },
        "1": {
            "0": 0.6891968250274658,
            "1": 0.7627925872802734
        }
    }
}