{
    "confidence_score": 0.848841667175293,
    "ptm": 0.9408138990402222,
    "iptm": 0.8289397358894348,
    "ligand_iptm": 0.8289397358894348,
    "protein_iptm": 0.0,
    "complex_plddt": 0.8538171648979187,
    "complex_iplddt": 0.6391586661338806,
    "complex_pde": 0.4762667417526245,
    "complex_ipde": 1.2045209407806396,
    "chains_ptm": {
        "0": 0.9713158011436462,
        "1": 0.8575255274772644
    },
    "pair_chains_iptm": {
        "0": {
            "0": 0.9713158011436462,
            "1": 0.6183410882949829
        },
        "1": {
            "0": 0.8289397358894348,
            "1": 0.8575255274772644
        }
    }
}