{
    "confidence_score": 0.8425009846687317,
    "ptm": 0.8941443562507629,
    "iptm": 0.6946222186088562,
    "ligand_iptm": 0.6946222186088562,
    "protein_iptm": 0.0,
    "complex_plddt": 0.8794706463813782,
    "complex_iplddt": 0.7068144083023071,
    "complex_pde": 0.7118805646896362,
    "complex_ipde": 2.25765323638916,
    "chains_ptm": {
        "0": 0.9500626921653748,
        "1": 0.750461757183075
    },
    "pair_chains_iptm": {
        "0": {
            "0": 0.9500626921653748,
            "1": 0.4412482678890228
        },
        "1": {
            "0": 0.6946222186088562,
            "1": 0.750461757183075
        }
    }
}