{
    "confidence_score": 0.8780563473701477,
    "ptm": 0.9451524615287781,
    "iptm": 0.8607816696166992,
    "ligand_iptm": 0.8607816696166992,
    "protein_iptm": 0.0,
    "complex_plddt": 0.8823750019073486,
    "complex_iplddt": 0.7297593355178833,
    "complex_pde": 0.5018889307975769,
    "complex_ipde": 1.262423038482666,
    "chains_ptm": {
        "0": 0.9675233960151672,
        "1": 0.8378034234046936
    },
    "pair_chains_iptm": {
        "0": {
            "0": 0.9675233960151672,
            "1": 0.5992914438247681
        },
        "1": {
            "0": 0.8607816696166992,
            "1": 0.8378034234046936
        }
    }
}