{
    "confidence_score": 0.8085171580314636,
    "ptm": 0.8796365857124329,
    "iptm": 0.6521928906440735,
    "ligand_iptm": 0.6521928906440735,
    "protein_iptm": 0.0,
    "complex_plddt": 0.8475981950759888,
    "complex_iplddt": 0.6397963762283325,
    "complex_pde": 0.7625402212142944,
    "complex_ipde": 2.534316062927246,
    "chains_ptm": {
        "0": 0.9418421387672424,
        "1": 0.7469902038574219
    },
    "pair_chains_iptm": {
        "0": {
            "0": 0.9418421387672424,
            "1": 0.3992372751235962
        },
        "1": {
            "0": 0.6521928906440735,
            "1": 0.7469902038574219
        }
    }
}