{
    "confidence_score": 0.8613993525505066,
    "ptm": 0.928991973400116,
    "iptm": 0.7874951362609863,
    "ligand_iptm": 0.7874951362609863,
    "protein_iptm": 0.0,
    "complex_plddt": 0.8798754215240479,
    "complex_iplddt": 0.7210697531700134,
    "complex_pde": 0.5483590960502625,
    "complex_ipde": 1.526763677597046,
    "chains_ptm": {
        "0": 0.9680824875831604,
        "1": 0.7897740602493286
    },
    "pair_chains_iptm": {
        "0": {
            "0": 0.9680824875831604,
            "1": 0.5499181747436523
        },
        "1": {
            "0": 0.7874951362609863,
            "1": 0.7897740602493286
        }
    }
}