{
    "confidence_score": 0.838015079498291,
    "ptm": 0.9005182385444641,
    "iptm": 0.6973738074302673,
    "ligand_iptm": 0.6973738074302673,
    "protein_iptm": 0.0,
    "complex_plddt": 0.8731754422187805,
    "complex_iplddt": 0.7117754220962524,
    "complex_pde": 0.6931888461112976,
    "complex_ipde": 2.36885666847229,
    "chains_ptm": {
        "0": 0.9570685029029846,
        "1": 0.785753071308136
    },
    "pair_chains_iptm": {
        "0": {
            "0": 0.9570685029029846,
            "1": 0.4295969307422638
        },
        "1": {
            "0": 0.6973738074302673,
            "1": 0.785753071308136
        }
    }
}