{
    "confidence_score": 0.8363459706306458,
    "ptm": 0.9308895468711853,
    "iptm": 0.7795878648757935,
    "ligand_iptm": 0.7795878648757935,
    "protein_iptm": 0.0,
    "complex_plddt": 0.8505354523658752,
    "complex_iplddt": 0.6412725448608398,
    "complex_pde": 0.5481357574462891,
    "complex_ipde": 1.6445058584213257,
    "chains_ptm": {
        "0": 0.9703061580657959,
        "1": 0.8161702752113342
    },
    "pair_chains_iptm": {
        "0": {
            "0": 0.9703061580657959,
            "1": 0.5463827252388
        },
        "1": {
            "0": 0.7795878648757935,
            "1": 0.8161702752113342
        }
    }
}