{
    "confidence_score": 0.8225439190864563,
    "ptm": 0.8905858397483826,
    "iptm": 0.6978783011436462,
    "ligand_iptm": 0.6978783011436462,
    "protein_iptm": 0.0,
    "complex_plddt": 0.8537103533744812,
    "complex_iplddt": 0.6579322218894958,
    "complex_pde": 0.7082160115242004,
    "complex_ipde": 2.382922410964966,
    "chains_ptm": {
        "0": 0.9424156546592712,
        "1": 0.8135567903518677
    },
    "pair_chains_iptm": {
        "0": {
            "0": 0.9424156546592712,
            "1": 0.41715195775032043
        },
        "1": {
            "0": 0.6978783011436462,
            "1": 0.8135567903518677
        }
    }
}