{
    "confidence_score": 0.8483791351318359,
    "ptm": 0.9292321801185608,
    "iptm": 0.7933262586593628,
    "ligand_iptm": 0.7933262586593628,
    "protein_iptm": 0.0,
    "complex_plddt": 0.8621423244476318,
    "complex_iplddt": 0.6739988923072815,
    "complex_pde": 0.5380289554595947,
    "complex_ipde": 1.4460978507995605,
    "chains_ptm": {
        "0": 0.9659577012062073,
        "1": 0.831678569316864
    },
    "pair_chains_iptm": {
        "0": {
            "0": 0.9659577012062073,
            "1": 0.5415031313896179
        },
        "1": {
            "0": 0.7933262586593628,
            "1": 0.831678569316864
        }
    }
}