{
    "confidence_score": 0.8357354998588562,
    "ptm": 0.9470394849777222,
    "iptm": 0.8495383262634277,
    "ligand_iptm": 0.8495383262634277,
    "protein_iptm": 0.0,
    "complex_plddt": 0.8322848081588745,
    "complex_iplddt": 0.6195768117904663,
    "complex_pde": 0.4345633089542389,
    "complex_ipde": 0.9924289584159851,
    "chains_ptm": {
        "0": 0.9751288890838623,
        "1": 0.8508263826370239
    },
    "pair_chains_iptm": {
        "0": {
            "0": 0.9751288890838623,
            "1": 0.6402597427368164
        },
        "1": {
            "0": 0.8495383262634277,
            "1": 0.8508263826370239
        }
    }
}