{
    "confidence_score": 0.7844035029411316,
    "ptm": 0.8784884214401245,
    "iptm": 0.6185743808746338,
    "ligand_iptm": 0.6185743808746338,
    "protein_iptm": 0.0,
    "complex_plddt": 0.8258607387542725,
    "complex_iplddt": 0.570400059223175,
    "complex_pde": 0.799400269985199,
    "complex_ipde": 2.9300167560577393,
    "chains_ptm": {
        "0": 0.9450770020484924,
        "1": 0.7900649309158325
    },
    "pair_chains_iptm": {
        "0": {
            "0": 0.9450770020484924,
            "1": 0.35197752714157104
        },
        "1": {
            "0": 0.6185743808746338,
            "1": 0.7900649309158325
        }
    }
}