{
    "confidence_score": 0.8205195665359497,
    "ptm": 0.933091402053833,
    "iptm": 0.833269476890564,
    "ligand_iptm": 0.833269476890564,
    "protein_iptm": 0.0,
    "complex_plddt": 0.8173320293426514,
    "complex_iplddt": 0.6351809501647949,
    "complex_pde": 0.5306099057197571,
    "complex_ipde": 1.3441325426101685,
    "chains_ptm": {
        "0": 0.9633334279060364,
        "1": 0.7867567539215088
    },
    "pair_chains_iptm": {
        "0": {
            "0": 0.9633334279060364,
            "1": 0.5402145385742188
        },
        "1": {
            "0": 0.833269476890564,
            "1": 0.7867567539215088
        }
    }
}