{
    "confidence_score": 0.8798784613609314,
    "ptm": 0.9173837304115295,
    "iptm": 0.7748015522956848,
    "ligand_iptm": 0.7748015522956848,
    "protein_iptm": 0.0,
    "complex_plddt": 0.9061475992202759,
    "complex_iplddt": 0.8069647550582886,
    "complex_pde": 0.5970575213432312,
    "complex_ipde": 1.7401436567306519,
    "chains_ptm": {
        "0": 0.9588890075683594,
        "1": 0.7870835661888123
    },
    "pair_chains_iptm": {
        "0": {
            "0": 0.9588890075683594,
            "1": 0.5520995855331421
        },
        "1": {
            "0": 0.7748015522956848,
            "1": 0.7870835661888123
        }
    }
}