{
    "confidence_score": 0.8653913736343384,
    "ptm": 0.9472832083702087,
    "iptm": 0.8402630686759949,
    "ligand_iptm": 0.8402630686759949,
    "protein_iptm": 0.0,
    "complex_plddt": 0.8716734647750854,
    "complex_iplddt": 0.7156352400779724,
    "complex_pde": 0.47076573967933655,
    "complex_ipde": 1.2204548120498657,
    "chains_ptm": {
        "0": 0.9762727618217468,
        "1": 0.8436380624771118
    },
    "pair_chains_iptm": {
        "0": {
            "0": 0.9762727618217468,
            "1": 0.5723236203193665
        },
        "1": {
            "0": 0.8402630686759949,
            "1": 0.8436380624771118
        }
    }
}