{
    "confidence_score": 0.8429409265518188,
    "ptm": 0.9101252555847168,
    "iptm": 0.7200301885604858,
    "ligand_iptm": 0.7200301885604858,
    "protein_iptm": 0.0,
    "complex_plddt": 0.8736686110496521,
    "complex_iplddt": 0.6820090413093567,
    "complex_pde": 0.6422283053398132,
    "complex_ipde": 2.2403528690338135,
    "chains_ptm": {
        "0": 0.9625349640846252,
        "1": 0.8222708702087402
    },
    "pair_chains_iptm": {
        "0": {
            "0": 0.9625349640846252,
            "1": 0.4643690586090088
        },
        "1": {
            "0": 0.7200301885604858,
            "1": 0.8222708702087402
        }
    }
}