{
    "confidence_score": 0.866367518901825,
    "ptm": 0.9109473824501038,
    "iptm": 0.7250778675079346,
    "ligand_iptm": 0.7250778675079346,
    "protein_iptm": 0.0,
    "complex_plddt": 0.901689887046814,
    "complex_iplddt": 0.7617202997207642,
    "complex_pde": 0.6052622199058533,
    "complex_ipde": 1.8113515377044678,
    "chains_ptm": {
        "0": 0.959998607635498,
        "1": 0.8021293878555298
    },
    "pair_chains_iptm": {
        "0": {
            "0": 0.959998607635498,
            "1": 0.48838385939598083
        },
        "1": {
            "0": 0.7250778675079346,
            "1": 0.8021293878555298
        }
    }
}