{
    "confidence_score": 0.8601235747337341,
    "ptm": 0.9097225069999695,
    "iptm": 0.7364180088043213,
    "ligand_iptm": 0.7364180088043213,
    "protein_iptm": 0.0,
    "complex_plddt": 0.8910499215126038,
    "complex_iplddt": 0.7356854677200317,
    "complex_pde": 0.652172863483429,
    "complex_ipde": 1.8668996095657349,
    "chains_ptm": {
        "0": 0.9568861722946167,
        "1": 0.7517856359481812
    },
    "pair_chains_iptm": {
        "0": {
            "0": 0.9568861722946167,
            "1": 0.4609048068523407
        },
        "1": {
            "0": 0.7364180088043213,
            "1": 0.7517856359481812
        }
    }
}