{
    "confidence_score": 0.8077540397644043,
    "ptm": 0.8822411894798279,
    "iptm": 0.6361801624298096,
    "ligand_iptm": 0.6361801624298096,
    "protein_iptm": 0.0,
    "complex_plddt": 0.850647509098053,
    "complex_iplddt": 0.6183178424835205,
    "complex_pde": 0.8025481104850769,
    "complex_ipde": 2.7690393924713135,
    "chains_ptm": {
        "0": 0.947726845741272,
        "1": 0.7764467597007751
    },
    "pair_chains_iptm": {
        "0": {
            "0": 0.947726845741272,
            "1": 0.2594349980354309
        },
        "1": {
            "0": 0.6361801624298096,
            "1": 0.7764467597007751
        }
    }
}