{
    "confidence_score": 0.8251743316650391,
    "ptm": 0.9024059176445007,
    "iptm": 0.7242925763130188,
    "ligand_iptm": 0.7242925763130188,
    "protein_iptm": 0.0,
    "complex_plddt": 0.8503947854042053,
    "complex_iplddt": 0.660399854183197,
    "complex_pde": 0.6666944622993469,
    "complex_ipde": 2.0849034786224365,
    "chains_ptm": {
        "0": 0.9496201872825623,
        "1": 0.8190217018127441
    },
    "pair_chains_iptm": {
        "0": {
            "0": 0.9496201872825623,
            "1": 0.48975133895874023
        },
        "1": {
            "0": 0.7242925763130188,
            "1": 0.8190217018127441
        }
    }
}