{
    "confidence_score": 0.8253955841064453,
    "ptm": 0.9241229891777039,
    "iptm": 0.7402525544166565,
    "ligand_iptm": 0.7402525544166565,
    "protein_iptm": 0.0,
    "complex_plddt": 0.8466812968254089,
    "complex_iplddt": 0.6112751364707947,
    "complex_pde": 0.5802446007728577,
    "complex_ipde": 1.7778210639953613,
    "chains_ptm": {
        "0": 0.9726543426513672,
        "1": 0.7737100720405579
    },
    "pair_chains_iptm": {
        "0": {
            "0": 0.9726543426513672,
            "1": 0.48888838291168213
        },
        "1": {
            "0": 0.7402525544166565,
            "1": 0.7737100720405579
        }
    }
}