{
    "confidence_score": 0.8475614786148071,
    "ptm": 0.9300141930580139,
    "iptm": 0.7820395231246948,
    "ligand_iptm": 0.7820395231246948,
    "protein_iptm": 0.0,
    "complex_plddt": 0.8639419674873352,
    "complex_iplddt": 0.6427305936813354,
    "complex_pde": 0.5380918979644775,
    "complex_ipde": 1.4970834255218506,
    "chains_ptm": {
        "0": 0.9725303649902344,
        "1": 0.7493798732757568
    },
    "pair_chains_iptm": {
        "0": {
            "0": 0.9725303649902344,
            "1": 0.5147576928138733
        },
        "1": {
            "0": 0.7820395231246948,
            "1": 0.7493798732757568
        }
    }
}