{
    "confidence_score": 0.8201474547386169,
    "ptm": 0.9102993011474609,
    "iptm": 0.725147008895874,
    "ligand_iptm": 0.725147008895874,
    "protein_iptm": 0.0,
    "complex_plddt": 0.8438975214958191,
    "complex_iplddt": 0.6070855259895325,
    "complex_pde": 0.6399182081222534,
    "complex_ipde": 2.1555988788604736,
    "chains_ptm": {
        "0": 0.9573684930801392,
        "1": 0.8024563193321228
    },
    "pair_chains_iptm": {
        "0": {
            "0": 0.9573684930801392,
            "1": 0.3555978834629059
        },
        "1": {
            "0": 0.725147008895874,
            "1": 0.8024563193321228
        }
    }
}