{
    "confidence_score": 0.8235998153686523,
    "ptm": 0.873583972454071,
    "iptm": 0.6665868163108826,
    "ligand_iptm": 0.6665868163108826,
    "protein_iptm": 0.0,
    "complex_plddt": 0.8628531098365784,
    "complex_iplddt": 0.6969127655029297,
    "complex_pde": 0.8195250034332275,
    "complex_ipde": 2.779369831085205,
    "chains_ptm": {
        "0": 0.9316304922103882,
        "1": 0.7454962134361267
    },
    "pair_chains_iptm": {
        "0": {
            "0": 0.9316304922103882,
            "1": 0.3527000844478607
        },
        "1": {
            "0": 0.6665868163108826,
            "1": 0.7454962134361267
        }
    }
}