{
    "confidence_score": 0.8775646090507507,
    "ptm": 0.9265097975730896,
    "iptm": 0.7756648063659668,
    "ligand_iptm": 0.7756648063659668,
    "protein_iptm": 0.0,
    "complex_plddt": 0.9030395150184631,
    "complex_iplddt": 0.7634617686271667,
    "complex_pde": 0.5573726892471313,
    "complex_ipde": 1.5913796424865723,
    "chains_ptm": {
        "0": 0.9648930430412292,
        "1": 0.8086113333702087
    },
    "pair_chains_iptm": {
        "0": {
            "0": 0.9648930430412292,
            "1": 0.43350210785865784
        },
        "1": {
            "0": 0.7756648063659668,
            "1": 0.8086113333702087
        }
    }
}