{
    "confidence_score": 0.7727389931678772,
    "ptm": 0.8743294477462769,
    "iptm": 0.5831820964813232,
    "ligand_iptm": 0.5831820964813232,
    "protein_iptm": 0.0,
    "complex_plddt": 0.8201282024383545,
    "complex_iplddt": 0.5120450854301453,
    "complex_pde": 0.7942076921463013,
    "complex_ipde": 2.703009843826294,
    "chains_ptm": {
        "0": 0.9514990448951721,
        "1": 0.7440344095230103
    },
    "pair_chains_iptm": {
        "0": {
            "0": 0.9514990448951721,
            "1": 0.3298860192298889
        },
        "1": {
            "0": 0.5831820964813232,
            "1": 0.7440344095230103
        }
    }
}