{
    "confidence_score": 0.8316583633422852,
    "ptm": 0.9094570875167847,
    "iptm": 0.7722981572151184,
    "ligand_iptm": 0.7722981572151184,
    "protein_iptm": 0.0,
    "complex_plddt": 0.846498429775238,
    "complex_iplddt": 0.6977311372756958,
    "complex_pde": 0.6722320914268494,
    "complex_ipde": 1.7727628946304321,
    "chains_ptm": {
        "0": 0.9463762640953064,
        "1": 0.7722185254096985
    },
    "pair_chains_iptm": {
        "0": {
            "0": 0.9463762640953064,
            "1": 0.4932652711868286
        },
        "1": {
            "0": 0.7722981572151184,
            "1": 0.7722185254096985
        }
    }
}