{
    "confidence_score": 0.9033606648445129,
    "ptm": 0.9182612895965576,
    "iptm": 0.7649861574172974,
    "ligand_iptm": 0.7649861574172974,
    "protein_iptm": 0.0,
    "complex_plddt": 0.937954306602478,
    "complex_iplddt": 0.8612685799598694,
    "complex_pde": 0.5819225311279297,
    "complex_ipde": 1.7799354791641235,
    "chains_ptm": {
        "0": 0.9615752100944519,
        "1": 0.7647886276245117
    },
    "pair_chains_iptm": {
        "0": {
            "0": 0.9615752100944519,
            "1": 0.45317521691322327
        },
        "1": {
            "0": 0.7649861574172974,
            "1": 0.7647886276245117
        }
    }
}