{
    "confidence_score": 0.8954681754112244,
    "ptm": 0.9519657492637634,
    "iptm": 0.8780539035797119,
    "ligand_iptm": 0.8780539035797119,
    "protein_iptm": 0.0,
    "complex_plddt": 0.8998216390609741,
    "complex_iplddt": 0.8152821063995361,
    "complex_pde": 0.4514189660549164,
    "complex_ipde": 1.1294856071472168,
    "chains_ptm": {
        "0": 0.9724151492118835,
        "1": 0.8491894006729126
    },
    "pair_chains_iptm": {
        "0": {
            "0": 0.9724151492118835,
            "1": 0.5707210302352905
        },
        "1": {
            "0": 0.8780539035797119,
            "1": 0.8491894006729126
        }
    }
}