{
    "confidence_score": 0.8212761878967285,
    "ptm": 0.8910803198814392,
    "iptm": 0.7177826166152954,
    "ligand_iptm": 0.7177826166152954,
    "protein_iptm": 0.0,
    "complex_plddt": 0.8471496105194092,
    "complex_iplddt": 0.6683957576751709,
    "complex_pde": 0.6868005394935608,
    "complex_ipde": 2.041590929031372,
    "chains_ptm": {
        "0": 0.9388481974601746,
        "1": 0.8054957985877991
    },
    "pair_chains_iptm": {
        "0": {
            "0": 0.9388481974601746,
            "1": 0.463388592004776
        },
        "1": {
            "0": 0.7177826166152954,
            "1": 0.8054957985877991
        }
    }
}