{
    "confidence_score": 0.8322452902793884,
    "ptm": 0.8997441530227661,
    "iptm": 0.7215331196784973,
    "ligand_iptm": 0.7215331196784973,
    "protein_iptm": 0.0,
    "complex_plddt": 0.8599233031272888,
    "complex_iplddt": 0.6504179239273071,
    "complex_pde": 0.6421548128128052,
    "complex_ipde": 2.100618362426758,
    "chains_ptm": {
        "0": 0.9483238458633423,
        "1": 0.814288854598999
    },
    "pair_chains_iptm": {
        "0": {
            "0": 0.9483238458633423,
            "1": 0.49467772245407104
        },
        "1": {
            "0": 0.7215331196784973,
            "1": 0.814288854598999
        }
    }
}