{
    "confidence_score": 0.8698301315307617,
    "ptm": 0.9286577105522156,
    "iptm": 0.7953394055366516,
    "ligand_iptm": 0.7953394055366516,
    "protein_iptm": 0.0,
    "complex_plddt": 0.8884528279304504,
    "complex_iplddt": 0.7414994835853577,
    "complex_pde": 0.5365672707557678,
    "complex_ipde": 1.426138162612915,
    "chains_ptm": {
        "0": 0.9656603336334229,
        "1": 0.7737228870391846
    },
    "pair_chains_iptm": {
        "0": {
            "0": 0.9656603336334229,
            "1": 0.5645997524261475
        },
        "1": {
            "0": 0.7953394055366516,
            "1": 0.7737228870391846
        }
    }
}