{
    "confidence_score": 0.8677524924278259,
    "ptm": 0.9329690337181091,
    "iptm": 0.8000202178955078,
    "ligand_iptm": 0.8000202178955078,
    "protein_iptm": 0.0,
    "complex_plddt": 0.8846854567527771,
    "complex_iplddt": 0.72292160987854,
    "complex_pde": 0.5172019004821777,
    "complex_ipde": 1.4205567836761475,
    "chains_ptm": {
        "0": 0.9690001606941223,
        "1": 0.8293196558952332
    },
    "pair_chains_iptm": {
        "0": {
            "0": 0.9690001606941223,
            "1": 0.5728291273117065
        },
        "1": {
            "0": 0.8000202178955078,
            "1": 0.8293196558952332
        }
    }
}