{
    "confidence_score": 0.8873271346092224,
    "ptm": 0.9199391007423401,
    "iptm": 0.7626966834068298,
    "ligand_iptm": 0.7626966834068298,
    "protein_iptm": 0.0,
    "complex_plddt": 0.9184846878051758,
    "complex_iplddt": 0.8202645778656006,
    "complex_pde": 0.5701289176940918,
    "complex_ipde": 1.7103687524795532,
    "chains_ptm": {
        "0": 0.9619446992874146,
        "1": 0.792502224445343
    },
    "pair_chains_iptm": {
        "0": {
            "0": 0.9619446992874146,
            "1": 0.4017089009284973
        },
        "1": {
            "0": 0.7626966834068298,
            "1": 0.792502224445343
        }
    }
}