{
    "confidence_score": 0.878555953502655,
    "ptm": 0.9129521250724792,
    "iptm": 0.7353423237800598,
    "ligand_iptm": 0.7353423237800598,
    "protein_iptm": 0.0,
    "complex_plddt": 0.9143593311309814,
    "complex_iplddt": 0.7975419759750366,
    "complex_pde": 0.6332862377166748,
    "complex_ipde": 1.9338884353637695,
    "chains_ptm": {
        "0": 0.9608209729194641,
        "1": 0.7819945812225342
    },
    "pair_chains_iptm": {
        "0": {
            "0": 0.9608209729194641,
            "1": 0.48574864864349365
        },
        "1": {
            "0": 0.7353423237800598,
            "1": 0.7819945812225342
        }
    }
}