{
    "confidence_score": 0.8249183893203735,
    "ptm": 0.8952640891075134,
    "iptm": 0.7044633626937866,
    "ligand_iptm": 0.7044633626937866,
    "protein_iptm": 0.0,
    "complex_plddt": 0.8550320863723755,
    "complex_iplddt": 0.6656849384307861,
    "complex_pde": 0.7250401377677917,
    "complex_ipde": 2.1453957557678223,
    "chains_ptm": {
        "0": 0.9506781101226807,
        "1": 0.7836703658103943
    },
    "pair_chains_iptm": {
        "0": {
            "0": 0.9506781101226807,
            "1": 0.4622967541217804
        },
        "1": {
            "0": 0.7044633626937866,
            "1": 0.7836703658103943
        }
    }
}