{
    "confidence_score": 0.8174027800559998,
    "ptm": 0.8948081731796265,
    "iptm": 0.6617911458015442,
    "ligand_iptm": 0.6617911458015442,
    "protein_iptm": 0.0,
    "complex_plddt": 0.8563055992126465,
    "complex_iplddt": 0.6672830581665039,
    "complex_pde": 0.7778686285018921,
    "complex_ipde": 2.720327138900757,
    "chains_ptm": {
        "0": 0.9551971554756165,
        "1": 0.7837386131286621
    },
    "pair_chains_iptm": {
        "0": {
            "0": 0.9551971554756165,
            "1": 0.33636927604675293
        },
        "1": {
            "0": 0.6617911458015442,
            "1": 0.7837386131286621
        }
    }
}