{
    "confidence_score": 0.7804073691368103,
    "ptm": 0.900852620601654,
    "iptm": 0.6679126620292664,
    "ligand_iptm": 0.6679126620292664,
    "protein_iptm": 0.0,
    "complex_plddt": 0.8085310459136963,
    "complex_iplddt": 0.4921573996543884,
    "complex_pde": 0.6686692237854004,
    "complex_ipde": 2.2489819526672363,
    "chains_ptm": {
        "0": 0.9594231843948364,
        "1": 0.8000431060791016
    },
    "pair_chains_iptm": {
        "0": {
            "0": 0.9594231843948364,
            "1": 0.40070009231567383
        },
        "1": {
            "0": 0.6679126620292664,
            "1": 0.8000431060791016
        }
    }
}