{
    "confidence_score": 0.8330362439155579,
    "ptm": 0.8987345695495605,
    "iptm": 0.7115455269813538,
    "ligand_iptm": 0.7115455269813538,
    "protein_iptm": 0.0,
    "complex_plddt": 0.8634089231491089,
    "complex_iplddt": 0.6825293302536011,
    "complex_pde": 0.6401214599609375,
    "complex_ipde": 2.1028778553009033,
    "chains_ptm": {
        "0": 0.9490785598754883,
        "1": 0.8047559261322021
    },
    "pair_chains_iptm": {
        "0": {
            "0": 0.9490785598754883,
            "1": 0.4685901403427124
        },
        "1": {
            "0": 0.7115455269813538,
            "1": 0.8047559261322021
        }
    }
}