{
    "confidence_score": 0.8245859146118164,
    "ptm": 0.9095204472541809,
    "iptm": 0.7677236199378967,
    "ligand_iptm": 0.7677236199378967,
    "protein_iptm": 0.0,
    "complex_plddt": 0.8388014435768127,
    "complex_iplddt": 0.6720675826072693,
    "complex_pde": 0.6885480880737305,
    "complex_ipde": 1.8010262250900269,
    "chains_ptm": {
        "0": 0.9483479261398315,
        "1": 0.8131967782974243
    },
    "pair_chains_iptm": {
        "0": {
            "0": 0.9483479261398315,
            "1": 0.5108852982521057
        },
        "1": {
            "0": 0.7677236199378967,
            "1": 0.8131967782974243
        }
    }
}