{
    "confidence_score": 0.8493350148200989,
    "ptm": 0.9316925406455994,
    "iptm": 0.7650864720344543,
    "ligand_iptm": 0.7650864720344543,
    "protein_iptm": 0.0,
    "complex_plddt": 0.8703970909118652,
    "complex_iplddt": 0.67585688829422,
    "complex_pde": 0.5449409484863281,
    "complex_ipde": 1.772452473640442,
    "chains_ptm": {
        "0": 0.9745951294898987,
        "1": 0.8101857304573059
    },
    "pair_chains_iptm": {
        "0": {
            "0": 0.9745951294898987,
            "1": 0.5401211380958557
        },
        "1": {
            "0": 0.7650864720344543,
            "1": 0.8101857304573059
        }
    }
}