{
    "confidence_score": 0.8802453279495239,
    "ptm": 0.9333222508430481,
    "iptm": 0.8094912171363831,
    "ligand_iptm": 0.8094912171363831,
    "protein_iptm": 0.0,
    "complex_plddt": 0.897933840751648,
    "complex_iplddt": 0.769140899181366,
    "complex_pde": 0.5234121084213257,
    "complex_ipde": 1.44346022605896,
    "chains_ptm": {
        "0": 0.9671233296394348,
        "1": 0.7883645296096802
    },
    "pair_chains_iptm": {
        "0": {
            "0": 0.9671233296394348,
            "1": 0.5705424547195435
        },
        "1": {
            "0": 0.8094912171363831,
            "1": 0.7883645296096802
        }
    }
}