{
    "confidence_score": 0.8062178492546082,
    "ptm": 0.8947613835334778,
    "iptm": 0.6768491864204407,
    "ligand_iptm": 0.6768491864204407,
    "protein_iptm": 0.0,
    "complex_plddt": 0.8385600447654724,
    "complex_iplddt": 0.5862157940864563,
    "complex_pde": 0.684339702129364,
    "complex_ipde": 2.310840606689453,
    "chains_ptm": {
        "0": 0.954058051109314,
        "1": 0.7591225504875183
    },
    "pair_chains_iptm": {
        "0": {
            "0": 0.954058051109314,
            "1": 0.393187940120697
        },
        "1": {
            "0": 0.6768491864204407,
            "1": 0.7591225504875183
        }
    }
}