{
    "confidence_score": 0.8460603952407837,
    "ptm": 0.9134411215782166,
    "iptm": 0.751568615436554,
    "ligand_iptm": 0.751568615436554,
    "protein_iptm": 0.0,
    "complex_plddt": 0.8696832656860352,
    "complex_iplddt": 0.6929870247840881,
    "complex_pde": 0.599851667881012,
    "complex_ipde": 1.676029920578003,
    "chains_ptm": {
        "0": 0.9592390656471252,
        "1": 0.7669619917869568
    },
    "pair_chains_iptm": {
        "0": {
            "0": 0.9592390656471252,
            "1": 0.5267626047134399
        },
        "1": {
            "0": 0.751568615436554,
            "1": 0.7669619917869568
        }
    }
}