{
    "confidence_score": 0.8262982368469238,
    "ptm": 0.9138851761817932,
    "iptm": 0.7419998645782471,
    "ligand_iptm": 0.7419998645782471,
    "protein_iptm": 0.0,
    "complex_plddt": 0.847372829914093,
    "complex_iplddt": 0.6278803944587708,
    "complex_pde": 0.6271910667419434,
    "complex_ipde": 1.7492330074310303,
    "chains_ptm": {
        "0": 0.9626012444496155,
        "1": 0.7613949179649353
    },
    "pair_chains_iptm": {
        "0": {
            "0": 0.9626012444496155,
            "1": 0.5104191899299622
        },
        "1": {
            "0": 0.7419998645782471,
            "1": 0.7613949179649353
        }
    }
}