{
    "confidence_score": 0.8441780209541321,
    "ptm": 0.916749894618988,
    "iptm": 0.7798546552658081,
    "ligand_iptm": 0.7798546552658081,
    "protein_iptm": 0.0,
    "complex_plddt": 0.8602588772773743,
    "complex_iplddt": 0.6726951003074646,
    "complex_pde": 0.5715861320495605,
    "complex_ipde": 1.5635794401168823,
    "chains_ptm": {
        "0": 0.9558109045028687,
        "1": 0.8147543668746948
    },
    "pair_chains_iptm": {
        "0": {
            "0": 0.9558109045028687,
            "1": 0.4165579378604889
        },
        "1": {
            "0": 0.7798546552658081,
            "1": 0.8147543668746948
        }
    }
}