{
    "confidence_score": 0.8413456082344055,
    "ptm": 0.918359100818634,
    "iptm": 0.7548124194145203,
    "ligand_iptm": 0.7548124194145203,
    "protein_iptm": 0.0,
    "complex_plddt": 0.8629788756370544,
    "complex_iplddt": 0.665325403213501,
    "complex_pde": 0.6127017736434937,
    "complex_ipde": 1.8357013463974,
    "chains_ptm": {
        "0": 0.9629688858985901,
        "1": 0.7782684564590454
    },
    "pair_chains_iptm": {
        "0": {
            "0": 0.9629688858985901,
            "1": 0.44505488872528076
        },
        "1": {
            "0": 0.7548124194145203,
            "1": 0.7782684564590454
        }
    }
}