{
    "confidence_score": 0.8335748910903931,
    "ptm": 0.9320681691169739,
    "iptm": 0.8185344338417053,
    "ligand_iptm": 0.8185344338417053,
    "protein_iptm": 0.0,
    "complex_plddt": 0.837334930896759,
    "complex_iplddt": 0.618593156337738,
    "complex_pde": 0.5497575402259827,
    "complex_ipde": 1.5411704778671265,
    "chains_ptm": {
        "0": 0.9642567038536072,
        "1": 0.8306288719177246
    },
    "pair_chains_iptm": {
        "0": {
            "0": 0.9642567038536072,
            "1": 0.48965945839881897
        },
        "1": {
            "0": 0.8185344338417053,
            "1": 0.8306288719177246
        }
    }
}