{
    "confidence_score": 0.8306578993797302,
    "ptm": 0.9019873738288879,
    "iptm": 0.6793025732040405,
    "ligand_iptm": 0.6793025732040405,
    "protein_iptm": 0.0,
    "complex_plddt": 0.8684967160224915,
    "complex_iplddt": 0.6668049097061157,
    "complex_pde": 0.6686345338821411,
    "complex_ipde": 2.145132064819336,
    "chains_ptm": {
        "0": 0.9606626033782959,
        "1": 0.7436948418617249
    },
    "pair_chains_iptm": {
        "0": {
            "0": 0.9606626033782959,
            "1": 0.4350510239601135
        },
        "1": {
            "0": 0.6793025732040405,
            "1": 0.7436948418617249
        }
    }
}