{
    "confidence_score": 0.8665650486946106,
    "ptm": 0.9235480427742004,
    "iptm": 0.7893623113632202,
    "ligand_iptm": 0.7893623113632202,
    "protein_iptm": 0.0,
    "complex_plddt": 0.8858656883239746,
    "complex_iplddt": 0.7723953127861023,
    "complex_pde": 0.560628354549408,
    "complex_ipde": 1.6595451831817627,
    "chains_ptm": {
        "0": 0.9587790369987488,
        "1": 0.8147706985473633
    },
    "pair_chains_iptm": {
        "0": {
            "0": 0.9587790369987488,
            "1": 0.5663140416145325
        },
        "1": {
            "0": 0.7893623113632202,
            "1": 0.8147706985473633
        }
    }
}