{
    "confidence_score": 0.8104471564292908,
    "ptm": 0.9183262586593628,
    "iptm": 0.7505019307136536,
    "ligand_iptm": 0.7505019307136536,
    "protein_iptm": 0.0,
    "complex_plddt": 0.8254333734512329,
    "complex_iplddt": 0.5996860265731812,
    "complex_pde": 0.6296363472938538,
    "complex_ipde": 1.8551220893859863,
    "chains_ptm": {
        "0": 0.9646767973899841,
        "1": 0.7689324021339417
    },
    "pair_chains_iptm": {
        "0": {
            "0": 0.9646767973899841,
            "1": 0.409677654504776
        },
        "1": {
            "0": 0.7505019307136536,
            "1": 0.7689324021339417
        }
    }
}