{
    "confidence_score": 0.8218461871147156,
    "ptm": 0.9219884872436523,
    "iptm": 0.7456713318824768,
    "ligand_iptm": 0.7456713318824768,
    "protein_iptm": 0.0,
    "complex_plddt": 0.8408899307250977,
    "complex_iplddt": 0.6023836731910706,
    "complex_pde": 0.5939247608184814,
    "complex_ipde": 2.0033140182495117,
    "chains_ptm": {
        "0": 0.9669820666313171,
        "1": 0.7998390197753906
    },
    "pair_chains_iptm": {
        "0": {
            "0": 0.9669820666313171,
            "1": 0.38969728350639343
        },
        "1": {
            "0": 0.7456713318824768,
            "1": 0.7998390197753906
        }
    }
}