{
    "confidence_score": 0.8171788454055786,
    "ptm": 0.9154720306396484,
    "iptm": 0.7316726446151733,
    "ligand_iptm": 0.7316726446151733,
    "protein_iptm": 0.0,
    "complex_plddt": 0.8385553359985352,
    "complex_iplddt": 0.5923818349838257,
    "complex_pde": 0.5931968092918396,
    "complex_ipde": 1.8229789733886719,
    "chains_ptm": {
        "0": 0.9649345874786377,
        "1": 0.8185389041900635
    },
    "pair_chains_iptm": {
        "0": {
            "0": 0.9649345874786377,
            "1": 0.49502435326576233
        },
        "1": {
            "0": 0.7316726446151733,
            "1": 0.8185389041900635
        }
    }
}