{
    "confidence_score": 0.8180837035179138,
    "ptm": 0.8746250867843628,
    "iptm": 0.6129177808761597,
    "ligand_iptm": 0.6129177808761597,
    "protein_iptm": 0.0,
    "complex_plddt": 0.8693751096725464,
    "complex_iplddt": 0.6647077798843384,
    "complex_pde": 0.8261545896530151,
    "complex_ipde": 3.021585464477539,
    "chains_ptm": {
        "0": 0.948881983757019,
        "1": 0.7388352751731873
    },
    "pair_chains_iptm": {
        "0": {
            "0": 0.948881983757019,
            "1": 0.31340670585632324
        },
        "1": {
            "0": 0.6129177808761597,
            "1": 0.7388352751731873
        }
    }
}