{
    "confidence_score": 0.7794447541236877,
    "ptm": 0.8841056823730469,
    "iptm": 0.5858678817749023,
    "ligand_iptm": 0.5858678817749023,
    "protein_iptm": 0.0,
    "complex_plddt": 0.8278389573097229,
    "complex_iplddt": 0.5465726852416992,
    "complex_pde": 0.745293915271759,
    "complex_ipde": 2.7153685092926025,
    "chains_ptm": {
        "0": 0.961850643157959,
        "1": 0.7413377165794373
    },
    "pair_chains_iptm": {
        "0": {
            "0": 0.961850643157959,
            "1": 0.3129953145980835
        },
        "1": {
            "0": 0.5858678817749023,
            "1": 0.7413377165794373
        }
    }
}