{
    "confidence_score": 0.7987764477729797,
    "ptm": 0.8944278359413147,
    "iptm": 0.6300126910209656,
    "ligand_iptm": 0.6300126910209656,
    "protein_iptm": 0.0,
    "complex_plddt": 0.8409673571586609,
    "complex_iplddt": 0.5916033387184143,
    "complex_pde": 0.7116809487342834,
    "complex_ipde": 2.4893364906311035,
    "chains_ptm": {
        "0": 0.96512770652771,
        "1": 0.749856173992157
    },
    "pair_chains_iptm": {
        "0": {
            "0": 0.96512770652771,
            "1": 0.3818087577819824
        },
        "1": {
            "0": 0.6300126910209656,
            "1": 0.749856173992157
        }
    }
}