{
    "confidence_score": 0.8131389617919922,
    "ptm": 0.9136356711387634,
    "iptm": 0.7533439993858337,
    "ligand_iptm": 0.7533439993858337,
    "protein_iptm": 0.0,
    "complex_plddt": 0.8280877470970154,
    "complex_iplddt": 0.5846854448318481,
    "complex_pde": 0.6096402406692505,
    "complex_ipde": 1.7113367319107056,
    "chains_ptm": {
        "0": 0.960368812084198,
        "1": 0.7888578772544861
    },
    "pair_chains_iptm": {
        "0": {
            "0": 0.960368812084198,
            "1": 0.5189105272293091
        },
        "1": {
            "0": 0.7533439993858337,
            "1": 0.7888578772544861
        }
    }
}