{
    "confidence_score": 0.7983257174491882,
    "ptm": 0.8827597498893738,
    "iptm": 0.6329495906829834,
    "ligand_iptm": 0.6329495906829834,
    "protein_iptm": 0.0,
    "complex_plddt": 0.8396697044372559,
    "complex_iplddt": 0.6119415163993835,
    "complex_pde": 0.8236888647079468,
    "complex_ipde": 3.031939744949341,
    "chains_ptm": {
        "0": 0.9481009244918823,
        "1": 0.7759302854537964
    },
    "pair_chains_iptm": {
        "0": {
            "0": 0.9481009244918823,
            "1": 0.37260469794273376
        },
        "1": {
            "0": 0.6329495906829834,
            "1": 0.7759302854537964
        }
    }
}