{
    "confidence_score": 0.8101809620857239,
    "ptm": 0.8812361359596252,
    "iptm": 0.615918755531311,
    "ligand_iptm": 0.615918755531311,
    "protein_iptm": 0.0,
    "complex_plddt": 0.8587465286254883,
    "complex_iplddt": 0.6327946186065674,
    "complex_pde": 0.8309566378593445,
    "complex_ipde": 3.0561931133270264,
    "chains_ptm": {
        "0": 0.9475553035736084,
        "1": 0.7649570107460022
    },
    "pair_chains_iptm": {
        "0": {
            "0": 0.9475553035736084,
            "1": 0.34505268931388855
        },
        "1": {
            "0": 0.615918755531311,
            "1": 0.7649570107460022
        }
    }
}