{
    "confidence_score": 0.8776426315307617,
    "ptm": 0.9374743103981018,
    "iptm": 0.8408992886543274,
    "ligand_iptm": 0.8408992886543274,
    "protein_iptm": 0.0,
    "complex_plddt": 0.8868284225463867,
    "complex_iplddt": 0.7967469692230225,
    "complex_pde": 0.5111607313156128,
    "complex_ipde": 1.3399507999420166,
    "chains_ptm": {
        "0": 0.9641300439834595,
        "1": 0.840846836566925
    },
    "pair_chains_iptm": {
        "0": {
            "0": 0.9641300439834595,
            "1": 0.5579261183738708
        },
        "1": {
            "0": 0.8408992886543274,
            "1": 0.840846836566925
        }
    }
}