{
    "confidence_score": 0.8531234860420227,
    "ptm": 0.8989173769950867,
    "iptm": 0.6762987375259399,
    "ligand_iptm": 0.6762987375259399,
    "protein_iptm": 0.0,
    "complex_plddt": 0.8973296284675598,
    "complex_iplddt": 0.7593241930007935,
    "complex_pde": 0.6675765514373779,
    "complex_ipde": 2.2151312828063965,
    "chains_ptm": {
        "0": 0.9559007287025452,
        "1": 0.7756078243255615
    },
    "pair_chains_iptm": {
        "0": {
            "0": 0.9559007287025452,
            "1": 0.3210813105106354
        },
        "1": {
            "0": 0.6762987375259399,
            "1": 0.7756078243255615
        }
    }
}