{
    "confidence_score": 0.8403455018997192,
    "ptm": 0.916056215763092,
    "iptm": 0.7166628837585449,
    "ligand_iptm": 0.7166628837585449,
    "protein_iptm": 0.0,
    "complex_plddt": 0.8712661266326904,
    "complex_iplddt": 0.6772864460945129,
    "complex_pde": 0.6069650053977966,
    "complex_ipde": 1.9927833080291748,
    "chains_ptm": {
        "0": 0.9680713415145874,
        "1": 0.7857742309570312
    },
    "pair_chains_iptm": {
        "0": {
            "0": 0.9680713415145874,
            "1": 0.47240573167800903
        },
        "1": {
            "0": 0.7166628837585449,
            "1": 0.7857742309570312
        }
    }
}