{
    "confidence_score": 0.8772982954978943,
    "ptm": 0.9343987107276917,
    "iptm": 0.824359118938446,
    "ligand_iptm": 0.824359118938446,
    "protein_iptm": 0.0,
    "complex_plddt": 0.8905330300331116,
    "complex_iplddt": 0.7386448383331299,
    "complex_pde": 0.5132476687431335,
    "complex_ipde": 1.3120558261871338,
    "chains_ptm": {
        "0": 0.9648258686065674,
        "1": 0.8411570191383362
    },
    "pair_chains_iptm": {
        "0": {
            "0": 0.9648258686065674,
            "1": 0.5194523930549622
        },
        "1": {
            "0": 0.824359118938446,
            "1": 0.8411570191383362
        }
    }
}