{
    "confidence_score": 0.8485702872276306,
    "ptm": 0.9134641885757446,
    "iptm": 0.7400736212730408,
    "ligand_iptm": 0.7400736212730408,
    "protein_iptm": 0.0,
    "complex_plddt": 0.8756944537162781,
    "complex_iplddt": 0.6957955360412598,
    "complex_pde": 0.6373193860054016,
    "complex_ipde": 1.8937546014785767,
    "chains_ptm": {
        "0": 0.9623519778251648,
        "1": 0.7690173983573914
    },
    "pair_chains_iptm": {
        "0": {
            "0": 0.9623519778251648,
            "1": 0.49437621235847473
        },
        "1": {
            "0": 0.7400736212730408,
            "1": 0.7690173983573914
        }
    }
}