{
    "confidence_score": 0.8342275023460388,
    "ptm": 0.8836052417755127,
    "iptm": 0.6858524084091187,
    "ligand_iptm": 0.6858524084091187,
    "protein_iptm": 0.0,
    "complex_plddt": 0.8713212013244629,
    "complex_iplddt": 0.6981619596481323,
    "complex_pde": 0.7290941476821899,
    "complex_ipde": 2.335744857788086,
    "chains_ptm": {
        "0": 0.9390637278556824,
        "1": 0.7644458413124084
    },
    "pair_chains_iptm": {
        "0": {
            "0": 0.9390637278556824,
            "1": 0.4232734739780426
        },
        "1": {
            "0": 0.6858524084091187,
            "1": 0.7644458413124084
        }
    }
}