{
    "confidence_score": 0.851540207862854,
    "ptm": 0.9108469486236572,
    "iptm": 0.717074990272522,
    "ligand_iptm": 0.717074990272522,
    "protein_iptm": 0.0,
    "complex_plddt": 0.885156512260437,
    "complex_iplddt": 0.7177092432975769,
    "complex_pde": 0.6622409820556641,
    "complex_ipde": 1.8860816955566406,
    "chains_ptm": {
        "0": 0.9636261463165283,
        "1": 0.749731183052063
    },
    "pair_chains_iptm": {
        "0": {
            "0": 0.9636261463165283,
            "1": 0.449690043926239
        },
        "1": {
            "0": 0.717074990272522,
            "1": 0.749731183052063
        }
    }
}