{
    "confidence_score": 0.8332778215408325,
    "ptm": 0.8998129367828369,
    "iptm": 0.718986451625824,
    "ligand_iptm": 0.718986451625824,
    "protein_iptm": 0.0,
    "complex_plddt": 0.8618506789207458,
    "complex_iplddt": 0.7063391208648682,
    "complex_pde": 0.6810963749885559,
    "complex_ipde": 2.213045358657837,
    "chains_ptm": {
        "0": 0.9514011740684509,
        "1": 0.7619217038154602
    },
    "pair_chains_iptm": {
        "0": {
            "0": 0.9514011740684509,
            "1": 0.42540550231933594
        },
        "1": {
            "0": 0.718986451625824,
            "1": 0.7619217038154602
        }
    }
}