{
    "confidence_score": 0.8091821670532227,
    "ptm": 0.9142561554908752,
    "iptm": 0.7384629845619202,
    "ligand_iptm": 0.7384629845619202,
    "protein_iptm": 0.0,
    "complex_plddt": 0.8268619179725647,
    "complex_iplddt": 0.6048710346221924,
    "complex_pde": 0.6435001492500305,
    "complex_ipde": 2.0128180980682373,
    "chains_ptm": {
        "0": 0.9609639048576355,
        "1": 0.797400176525116
    },
    "pair_chains_iptm": {
        "0": {
            "0": 0.9609639048576355,
            "1": 0.38461005687713623
        },
        "1": {
            "0": 0.7384629845619202,
            "1": 0.797400176525116
        }
    }
}