{
    "confidence_score": 0.8151502013206482,
    "ptm": 0.8984227776527405,
    "iptm": 0.7035298943519592,
    "ligand_iptm": 0.7035298943519592,
    "protein_iptm": 0.0,
    "complex_plddt": 0.843055248260498,
    "complex_iplddt": 0.6468663215637207,
    "complex_pde": 0.696739137172699,
    "complex_ipde": 2.182250738143921,
    "chains_ptm": {
        "0": 0.9484816193580627,
        "1": 0.8103173971176147
    },
    "pair_chains_iptm": {
        "0": {
            "0": 0.9484816193580627,
            "1": 0.4789658486843109
        },
        "1": {
            "0": 0.7035298943519592,
            "1": 0.8103173971176147
        }
    }
}