{
    "confidence_score": 0.8515996932983398,
    "ptm": 0.9306502342224121,
    "iptm": 0.786784291267395,
    "ligand_iptm": 0.786784291267395,
    "protein_iptm": 0.0,
    "complex_plddt": 0.8678035140037537,
    "complex_iplddt": 0.6775786280632019,
    "complex_pde": 0.5385285019874573,
    "complex_ipde": 1.5491831302642822,
    "chains_ptm": {
        "0": 0.9697730541229248,
        "1": 0.7933207154273987
    },
    "pair_chains_iptm": {
        "0": {
            "0": 0.9697730541229248,
            "1": 0.5354191660881042
        },
        "1": {
            "0": 0.786784291267395,
            "1": 0.7933207154273987
        }
    }
}