{
    "confidence_score": 0.8502917289733887,
    "ptm": 0.905035674571991,
    "iptm": 0.7187751531600952,
    "ligand_iptm": 0.7187751531600952,
    "protein_iptm": 0.0,
    "complex_plddt": 0.8831709027290344,
    "complex_iplddt": 0.7426033020019531,
    "complex_pde": 0.660123884677887,
    "complex_ipde": 2.1049892902374268,
    "chains_ptm": {
        "0": 0.954217791557312,
        "1": 0.7573504447937012
    },
    "pair_chains_iptm": {
        "0": {
            "0": 0.954217791557312,
            "1": 0.43568262457847595
        },
        "1": {
            "0": 0.7187751531600952,
            "1": 0.7573504447937012
        }
    }
}