{
    "confidence_score": 0.8225838541984558,
    "ptm": 0.9108422994613647,
    "iptm": 0.6920303702354431,
    "ligand_iptm": 0.6920303702354431,
    "protein_iptm": 0.0,
    "complex_plddt": 0.855222225189209,
    "complex_iplddt": 0.623347818851471,
    "complex_pde": 0.6210793256759644,
    "complex_ipde": 2.152207851409912,
    "chains_ptm": {
        "0": 0.9659184217453003,
        "1": 0.8054133057594299
    },
    "pair_chains_iptm": {
        "0": {
            "0": 0.9659184217453003,
            "1": 0.4728994071483612
        },
        "1": {
            "0": 0.6920303702354431,
            "1": 0.8054133057594299
        }
    }
}