{
    "confidence_score": 0.8443182110786438,
    "ptm": 0.9093222618103027,
    "iptm": 0.7237691283226013,
    "ligand_iptm": 0.7237691283226013,
    "protein_iptm": 0.0,
    "complex_plddt": 0.874455451965332,
    "complex_iplddt": 0.6799159049987793,
    "complex_pde": 0.6461437940597534,
    "complex_ipde": 1.8114371299743652,
    "chains_ptm": {
        "0": 0.958642303943634,
        "1": 0.7618206143379211
    },
    "pair_chains_iptm": {
        "0": {
            "0": 0.958642303943634,
            "1": 0.5091484189033508
        },
        "1": {
            "0": 0.7237691283226013,
            "1": 0.7618206143379211
        }
    }
}