{
    "confidence_score": 0.8637005090713501,
    "ptm": 0.9243826270103455,
    "iptm": 0.7680411338806152,
    "ligand_iptm": 0.7680411338806152,
    "protein_iptm": 0.0,
    "complex_plddt": 0.8876152634620667,
    "complex_iplddt": 0.7217803001403809,
    "complex_pde": 0.5749906897544861,
    "complex_ipde": 1.655259370803833,
    "chains_ptm": {
        "0": 0.9666350483894348,
        "1": 0.7778661847114563
    },
    "pair_chains_iptm": {
        "0": {
            "0": 0.9666350483894348,
            "1": 0.4872824549674988
        },
        "1": {
            "0": 0.7680411338806152,
            "1": 0.7778661847114563
        }
    }
}