{
    "confidence_score": 0.8326259851455688,
    "ptm": 0.9166980385780334,
    "iptm": 0.7246271967887878,
    "ligand_iptm": 0.7246271967887878,
    "protein_iptm": 0.0,
    "complex_plddt": 0.8596256375312805,
    "complex_iplddt": 0.6473923921585083,
    "complex_pde": 0.6099533438682556,
    "complex_ipde": 1.8876502513885498,
    "chains_ptm": {
        "0": 0.9695287942886353,
        "1": 0.7693440318107605
    },
    "pair_chains_iptm": {
        "0": {
            "0": 0.9695287942886353,
            "1": 0.5070556998252869
        },
        "1": {
            "0": 0.7246271967887878,
            "1": 0.7693440318107605
        }
    }
}