{
    "confidence_score": 0.8145739436149597,
    "ptm": 0.9200606346130371,
    "iptm": 0.7790046334266663,
    "ligand_iptm": 0.7790046334266663,
    "protein_iptm": 0.0,
    "complex_plddt": 0.8234663009643555,
    "complex_iplddt": 0.5845930576324463,
    "complex_pde": 0.6077014803886414,
    "complex_ipde": 1.6272627115249634,
    "chains_ptm": {
        "0": 0.9613827466964722,
        "1": 0.7678759694099426
    },
    "pair_chains_iptm": {
        "0": {
            "0": 0.9613827466964722,
            "1": 0.5058363676071167
        },
        "1": {
            "0": 0.7790046334266663,
            "1": 0.7678759694099426
        }
    }
}