{
    "confidence_score": 0.8685089945793152,
    "ptm": 0.8973783850669861,
    "iptm": 0.7028673887252808,
    "ligand_iptm": 0.7028673887252808,
    "protein_iptm": 0.0,
    "complex_plddt": 0.9099193811416626,
    "complex_iplddt": 0.7826941013336182,
    "complex_pde": 0.7147426009178162,
    "complex_ipde": 2.297576665878296,
    "chains_ptm": {
        "0": 0.9522451162338257,
        "1": 0.7581377625465393
    },
    "pair_chains_iptm": {
        "0": {
            "0": 0.9522451162338257,
            "1": 0.45074549317359924
        },
        "1": {
            "0": 0.7028673887252808,
            "1": 0.7581377625465393
        }
    }
}