{
    "confidence_score": 0.8645564317703247,
    "ptm": 0.9277064800262451,
    "iptm": 0.782277524471283,
    "ligand_iptm": 0.782277524471283,
    "protein_iptm": 0.0,
    "complex_plddt": 0.8851261138916016,
    "complex_iplddt": 0.7218711972236633,
    "complex_pde": 0.5454546809196472,
    "complex_ipde": 1.49260675907135,
    "chains_ptm": {
        "0": 0.9667527675628662,
        "1": 0.838191032409668
    },
    "pair_chains_iptm": {
        "0": {
            "0": 0.9667527675628662,
            "1": 0.5713154673576355
        },
        "1": {
            "0": 0.782277524471283,
            "1": 0.838191032409668
        }
    }
}