{
    "confidence_score": 0.8294695019721985,
    "ptm": 0.889716625213623,
    "iptm": 0.7029449939727783,
    "ligand_iptm": 0.7029449939727783,
    "protein_iptm": 0.0,
    "complex_plddt": 0.8611006736755371,
    "complex_iplddt": 0.6994509696960449,
    "complex_pde": 0.6869715452194214,
    "complex_ipde": 2.137559652328491,
    "chains_ptm": {
        "0": 0.9426007270812988,
        "1": 0.743513822555542
    },
    "pair_chains_iptm": {
        "0": {
            "0": 0.9426007270812988,
            "1": 0.46842101216316223
        },
        "1": {
            "0": 0.7029449939727783,
            "1": 0.743513822555542
        }
    }
}