{
    "confidence_score": 0.884922206401825,
    "ptm": 0.943367063999176,
    "iptm": 0.8124184608459473,
    "ligand_iptm": 0.8124184608459473,
    "protein_iptm": 0.0,
    "complex_plddt": 0.9030482172966003,
    "complex_iplddt": 0.763847827911377,
    "complex_pde": 0.48394930362701416,
    "complex_ipde": 1.280380368232727,
    "chains_ptm": {
        "0": 0.9765755534172058,
        "1": 0.8184571862220764
    },
    "pair_chains_iptm": {
        "0": {
            "0": 0.9765755534172058,
            "1": 0.5607941150665283
        },
        "1": {
            "0": 0.8124184608459473,
            "1": 0.8184571862220764
        }
    }
}