{
    "confidence_score": 0.807106614112854,
    "ptm": 0.9000131487846375,
    "iptm": 0.673904299736023,
    "ligand_iptm": 0.673904299736023,
    "protein_iptm": 0.0,
    "complex_plddt": 0.840407133102417,
    "complex_iplddt": 0.5609570741653442,
    "complex_pde": 0.6952047348022461,
    "complex_ipde": 2.228788375854492,
    "chains_ptm": {
        "0": 0.958600640296936,
        "1": 0.7997086048126221
    },
    "pair_chains_iptm": {
        "0": {
            "0": 0.958600640296936,
            "1": 0.414257287979126
        },
        "1": {
            "0": 0.673904299736023,
            "1": 0.7997086048126221
        }
    }
}