{
    "confidence_score": 0.8648629188537598,
    "ptm": 0.9429537653923035,
    "iptm": 0.7849433422088623,
    "ligand_iptm": 0.7849433422088623,
    "protein_iptm": 0.0,
    "complex_plddt": 0.8848428130149841,
    "complex_iplddt": 0.7077690958976746,
    "complex_pde": 0.4994350075721741,
    "complex_ipde": 1.4536292552947998,
    "chains_ptm": {
        "0": 0.9817556738853455,
        "1": 0.82390296459198
    },
    "pair_chains_iptm": {
        "0": {
            "0": 0.9817556738853455,
            "1": 0.5526844263076782
        },
        "1": {
            "0": 0.7849433422088623,
            "1": 0.82390296459198
        }
    }
}