{
    "confidence_score": 0.8332025408744812,
    "ptm": 0.903528094291687,
    "iptm": 0.7146947383880615,
    "ligand_iptm": 0.7146947383880615,
    "protein_iptm": 0.0,
    "complex_plddt": 0.8628294467926025,
    "complex_iplddt": 0.6977226138114929,
    "complex_pde": 0.6625396013259888,
    "complex_ipde": 2.1931910514831543,
    "chains_ptm": {
        "0": 0.9531156420707703,
        "1": 0.7994971871376038
    },
    "pair_chains_iptm": {
        "0": {
            "0": 0.9531156420707703,
            "1": 0.46874210238456726
        },
        "1": {
            "0": 0.7146947383880615,
            "1": 0.7994971871376038
        }
    }
}