{
    "confidence_score": 0.845404326915741,
    "ptm": 0.9422047138214111,
    "iptm": 0.801933765411377,
    "ligand_iptm": 0.801933765411377,
    "protein_iptm": 0.0,
    "complex_plddt": 0.8562719821929932,
    "complex_iplddt": 0.6281163096427917,
    "complex_pde": 0.4791997969150543,
    "complex_ipde": 1.3446940183639526,
    "chains_ptm": {
        "0": 0.9774501323699951,
        "1": 0.8344837427139282
    },
    "pair_chains_iptm": {
        "0": {
            "0": 0.9774501323699951,
            "1": 0.5686753988265991
        },
        "1": {
            "0": 0.801933765411377,
            "1": 0.8344837427139282
        }
    }
}