{
    "confidence_score": 0.858136773109436,
    "ptm": 0.910881519317627,
    "iptm": 0.7065538763999939,
    "ligand_iptm": 0.7065538763999939,
    "protein_iptm": 0.0,
    "complex_plddt": 0.896032452583313,
    "complex_iplddt": 0.7379012703895569,
    "complex_pde": 0.6423490643501282,
    "complex_ipde": 2.0907886028289795,
    "chains_ptm": {
        "0": 0.9623986482620239,
        "1": 0.8061298727989197
    },
    "pair_chains_iptm": {
        "0": {
            "0": 0.9623986482620239,
            "1": 0.46286284923553467
        },
        "1": {
            "0": 0.7065538763999939,
            "1": 0.8061298727989197
        }
    }
}