{
    "confidence_score": 0.7979320287704468,
    "ptm": 0.8924282789230347,
    "iptm": 0.7589378356933594,
    "ligand_iptm": 0.7589378356933594,
    "protein_iptm": 0.0,
    "complex_plddt": 0.8076805472373962,
    "complex_iplddt": 0.6218274831771851,
    "complex_pde": 0.7548578977584839,
    "complex_ipde": 1.9576780796051025,
    "chains_ptm": {
        "0": 0.9326301217079163,
        "1": 0.7543216943740845
    },
    "pair_chains_iptm": {
        "0": {
            "0": 0.9326301217079163,
            "1": 0.44956859946250916
        },
        "1": {
            "0": 0.7589378356933594,
            "1": 0.7543216943740845
        }
    }
}