{
    "confidence_score": 0.8671737909317017,
    "ptm": 0.9027870893478394,
    "iptm": 0.697372317314148,
    "ligand_iptm": 0.697372317314148,
    "protein_iptm": 0.0,
    "complex_plddt": 0.9096240997314453,
    "complex_iplddt": 0.7896819710731506,
    "complex_pde": 0.6591928601264954,
    "complex_ipde": 2.0982859134674072,
    "chains_ptm": {
        "0": 0.9593570828437805,
        "1": 0.766777515411377
    },
    "pair_chains_iptm": {
        "0": {
            "0": 0.9593570828437805,
            "1": 0.4540390372276306
        },
        "1": {
            "0": 0.697372317314148,
            "1": 0.766777515411377
        }
    }
}