{
    "confidence_score": 0.8134394884109497,
    "ptm": 0.8815456032752991,
    "iptm": 0.6590333580970764,
    "ligand_iptm": 0.6590333580970764,
    "protein_iptm": 0.0,
    "complex_plddt": 0.8520410060882568,
    "complex_iplddt": 0.652508020401001,
    "complex_pde": 0.7565295100212097,
    "complex_ipde": 2.51472544670105,
    "chains_ptm": {
        "0": 0.9420724511146545,
        "1": 0.7565194368362427
    },
    "pair_chains_iptm": {
        "0": {
            "0": 0.9420724511146545,
            "1": 0.42537882924079895
        },
        "1": {
            "0": 0.6590333580970764,
            "1": 0.7565194368362427
        }
    }
}