{
    "confidence_score": 0.7726201415061951,
    "ptm": 0.8740466237068176,
    "iptm": 0.5962186455726624,
    "ligand_iptm": 0.5962186455726624,
    "protein_iptm": 0.0,
    "complex_plddt": 0.8167204856872559,
    "complex_iplddt": 0.5642889738082886,
    "complex_pde": 0.8227444887161255,
    "complex_ipde": 2.995450496673584,
    "chains_ptm": {
        "0": 0.9517248868942261,
        "1": 0.7616339325904846
    },
    "pair_chains_iptm": {
        "0": {
            "0": 0.9517248868942261,
            "1": 0.3265570402145386
        },
        "1": {
            "0": 0.5962186455726624,
            "1": 0.7616339325904846
        }
    }
}