{
    "confidence_score": 0.8480109572410583,
    "ptm": 0.9012269377708435,
    "iptm": 0.6997769474983215,
    "ligand_iptm": 0.6997769474983215,
    "protein_iptm": 0.0,
    "complex_plddt": 0.8850693702697754,
    "complex_iplddt": 0.7411893606185913,
    "complex_pde": 0.672020435333252,
    "complex_ipde": 2.1382973194122314,
    "chains_ptm": {
        "0": 0.9540248513221741,
        "1": 0.7623345851898193
    },
    "pair_chains_iptm": {
        "0": {
            "0": 0.9540248513221741,
            "1": 0.4141976535320282
        },
        "1": {
            "0": 0.6997769474983215,
            "1": 0.7623345851898193
        }
    }
}