{
    "confidence_score": 0.8936524391174316,
    "ptm": 0.9478572607040405,
    "iptm": 0.8617178797721863,
    "ligand_iptm": 0.8617178797721863,
    "protein_iptm": 0.0,
    "complex_plddt": 0.9016361236572266,
    "complex_iplddt": 0.8209462761878967,
    "complex_pde": 0.45232588052749634,
    "complex_ipde": 1.0470629930496216,
    "chains_ptm": {
        "0": 0.9711025953292847,
        "1": 0.8501970171928406
    },
    "pair_chains_iptm": {
        "0": {
            "0": 0.9711025953292847,
            "1": 0.6104444861412048
        },
        "1": {
            "0": 0.8617178797721863,
            "1": 0.8501970171928406
        }
    }
}