{
    "confidence_score": 0.8080706596374512,
    "ptm": 0.8922039270401001,
    "iptm": 0.6599925756454468,
    "ligand_iptm": 0.6599925756454468,
    "protein_iptm": 0.0,
    "complex_plddt": 0.8450901508331299,
    "complex_iplddt": 0.626323401927948,
    "complex_pde": 0.7344132661819458,
    "complex_ipde": 2.4060089588165283,
    "chains_ptm": {
        "0": 0.955537736415863,
        "1": 0.754031777381897
    },
    "pair_chains_iptm": {
        "0": {
            "0": 0.955537736415863,
            "1": 0.43352124094963074
        },
        "1": {
            "0": 0.6599925756454468,
            "1": 0.754031777381897
        }
    }
}