{
    "confidence_score": 0.8392254114151001,
    "ptm": 0.9019626975059509,
    "iptm": 0.659812867641449,
    "ligand_iptm": 0.659812867641449,
    "protein_iptm": 0.0,
    "complex_plddt": 0.8840785026550293,
    "complex_iplddt": 0.6899210810661316,
    "complex_pde": 0.6743974089622498,
    "complex_ipde": 2.2165443897247314,
    "chains_ptm": {
        "0": 0.9648537039756775,
        "1": 0.7598639130592346
    },
    "pair_chains_iptm": {
        "0": {
            "0": 0.9648537039756775,
            "1": 0.38071954250335693
        },
        "1": {
            "0": 0.659812867641449,
            "1": 0.7598639130592346
        }
    }
}