{
    "confidence_score": 0.8270353674888611,
    "ptm": 0.9314203262329102,
    "iptm": 0.7767934799194336,
    "ligand_iptm": 0.7767934799194336,
    "protein_iptm": 0.0,
    "complex_plddt": 0.8395957946777344,
    "complex_iplddt": 0.6064428091049194,
    "complex_pde": 0.5407139658927917,
    "complex_ipde": 1.6692698001861572,
    "chains_ptm": {
        "0": 0.9717019200325012,
        "1": 0.815761923789978
    },
    "pair_chains_iptm": {
        "0": {
            "0": 0.9717019200325012,
            "1": 0.507678747177124
        },
        "1": {
            "0": 0.7767934799194336,
            "1": 0.815761923789978
        }
    }
}