{
    "confidence_score": 0.8050525784492493,
    "ptm": 0.9004744291305542,
    "iptm": 0.6926997900009155,
    "ligand_iptm": 0.6926997900009155,
    "protein_iptm": 0.0,
    "complex_plddt": 0.8331407904624939,
    "complex_iplddt": 0.5936976075172424,
    "complex_pde": 0.6625880599021912,
    "complex_ipde": 2.0404365062713623,
    "chains_ptm": {
        "0": 0.9582682847976685,
        "1": 0.7609814405441284
    },
    "pair_chains_iptm": {
        "0": {
            "0": 0.9582682847976685,
            "1": 0.41841405630111694
        },
        "1": {
            "0": 0.6926997900009155,
            "1": 0.7609814405441284
        }
    }
}