{
    "confidence_score": 0.8225359320640564,
    "ptm": 0.8814589977264404,
    "iptm": 0.7087109684944153,
    "ligand_iptm": 0.7087109684944153,
    "protein_iptm": 0.0,
    "complex_plddt": 0.8509920835494995,
    "complex_iplddt": 0.7098168730735779,
    "complex_pde": 0.7664494514465332,
    "complex_ipde": 2.387493133544922,
    "chains_ptm": {
        "0": 0.9308964014053345,
        "1": 0.7470818161964417
    },
    "pair_chains_iptm": {
        "0": {
            "0": 0.9308964014053345,
            "1": 0.39772510528564453
        },
        "1": {
            "0": 0.7087109684944153,
            "1": 0.7470818161964417
        }
    }
}