{
    "confidence_score": 0.8530111312866211,
    "ptm": 0.9375085234642029,
    "iptm": 0.807472825050354,
    "ligand_iptm": 0.807472825050354,
    "protein_iptm": 0.0,
    "complex_plddt": 0.8643957376480103,
    "complex_iplddt": 0.6918441653251648,
    "complex_pde": 0.5074290037155151,
    "complex_ipde": 1.3916252851486206,
    "chains_ptm": {
        "0": 0.9750242829322815,
        "1": 0.8223513960838318
    },
    "pair_chains_iptm": {
        "0": {
            "0": 0.9750242829322815,
            "1": 0.5603015422821045
        },
        "1": {
            "0": 0.807472825050354,
            "1": 0.8223513960838318
        }
    }
}