{
    "confidence_score": 0.8848000764846802,
    "ptm": 0.9239634275436401,
    "iptm": 0.790799617767334,
    "ligand_iptm": 0.790799617767334,
    "protein_iptm": 0.0,
    "complex_plddt": 0.9083001613616943,
    "complex_iplddt": 0.7958777546882629,
    "complex_pde": 0.5729250311851501,
    "complex_ipde": 1.6294087171554565,
    "chains_ptm": {
        "0": 0.9621183276176453,
        "1": 0.7858478426933289
    },
    "pair_chains_iptm": {
        "0": {
            "0": 0.9621183276176453,
            "1": 0.4255383312702179
        },
        "1": {
            "0": 0.790799617767334,
            "1": 0.7858478426933289
        }
    }
}