{
    "confidence_score": 0.8723074793815613,
    "ptm": 0.9491786360740662,
    "iptm": 0.8491318821907043,
    "ligand_iptm": 0.8491318821907043,
    "protein_iptm": 0.0,
    "complex_plddt": 0.8781013488769531,
    "complex_iplddt": 0.7253206372261047,
    "complex_pde": 0.4589178264141083,
    "complex_ipde": 1.1390174627304077,
    "chains_ptm": {
        "0": 0.9762057065963745,
        "1": 0.8145835995674133
    },
    "pair_chains_iptm": {
        "0": {
            "0": 0.9762057065963745,
            "1": 0.6090229749679565
        },
        "1": {
            "0": 0.8491318821907043,
            "1": 0.8145835995674133
        }
    }
}