{
    "confidence_score": 0.807794988155365,
    "ptm": 0.8715325593948364,
    "iptm": 0.5948922634124756,
    "ligand_iptm": 0.5948922634124756,
    "protein_iptm": 0.0,
    "complex_plddt": 0.861020565032959,
    "complex_iplddt": 0.6490883827209473,
    "complex_pde": 0.8331158757209778,
    "complex_ipde": 3.0134379863739014,
    "chains_ptm": {
        "0": 0.9484969973564148,
        "1": 0.7674510478973389
    },
    "pair_chains_iptm": {
        "0": {
            "0": 0.9484969973564148,
            "1": 0.3292192220687866
        },
        "1": {
            "0": 0.5948922634124756,
            "1": 0.7674510478973389
        }
    }
}