{
    "confidence_score": 0.8291133046150208,
    "ptm": 0.8736292123794556,
    "iptm": 0.6625171303749084,
    "ligand_iptm": 0.6625171303749084,
    "protein_iptm": 0.0,
    "complex_plddt": 0.8707623481750488,
    "complex_iplddt": 0.7215755581855774,
    "complex_pde": 0.8365414142608643,
    "complex_ipde": 2.8483803272247314,
    "chains_ptm": {
        "0": 0.9326460361480713,
        "1": 0.7210482954978943
    },
    "pair_chains_iptm": {
        "0": {
            "0": 0.9326460361480713,
            "1": 0.3472937345504761
        },
        "1": {
            "0": 0.6625171303749084,
            "1": 0.7210482954978943
        }
    }
}