{
    "confidence_score": 0.7718168497085571,
    "ptm": 0.9181745052337646,
    "iptm": 0.7488495707511902,
    "ligand_iptm": 0.7488495707511902,
    "protein_iptm": 0.0,
    "complex_plddt": 0.7775586247444153,
    "complex_iplddt": 0.5354525446891785,
    "complex_pde": 0.6511043906211853,
    "complex_ipde": 2.0803139209747314,
    "chains_ptm": {
        "0": 0.9621861577033997,
        "1": 0.804377555847168
    },
    "pair_chains_iptm": {
        "0": {
            "0": 0.9621861577033997,
            "1": 0.4281840920448303
        },
        "1": {
            "0": 0.7488495707511902,
            "1": 0.804377555847168
        }
    }
}