{
    "confidence_score": 0.8395127654075623,
    "ptm": 0.9201363921165466,
    "iptm": 0.7399893999099731,
    "ligand_iptm": 0.7399893999099731,
    "protein_iptm": 0.0,
    "complex_plddt": 0.8643935322761536,
    "complex_iplddt": 0.6602303981781006,
    "complex_pde": 0.5844683051109314,
    "complex_ipde": 1.8677679300308228,
    "chains_ptm": {
        "0": 0.9660807847976685,
        "1": 0.8193400502204895
    },
    "pair_chains_iptm": {
        "0": {
            "0": 0.9660807847976685,
            "1": 0.46858641505241394
        },
        "1": {
            "0": 0.7399893999099731,
            "1": 0.8193400502204895
        }
    }
}