{
    "confidence_score": 0.8200784921646118,
    "ptm": 0.9237572550773621,
    "iptm": 0.775175929069519,
    "ligand_iptm": 0.775175929069519,
    "protein_iptm": 0.0,
    "complex_plddt": 0.831304132938385,
    "complex_iplddt": 0.5836435556411743,
    "complex_pde": 0.5626978278160095,
    "complex_ipde": 1.5882395505905151,
    "chains_ptm": {
        "0": 0.961768627166748,
        "1": 0.8283669352531433
    },
    "pair_chains_iptm": {
        "0": {
            "0": 0.961768627166748,
            "1": 0.490775465965271
        },
        "1": {
            "0": 0.775175929069519,
            "1": 0.8283669352531433
        }
    }
}