{
    "confidence_score": 0.8147867321968079,
    "ptm": 0.8768492937088013,
    "iptm": 0.6120239496231079,
    "ligand_iptm": 0.6120239496231079,
    "protein_iptm": 0.0,
    "complex_plddt": 0.8654773831367493,
    "complex_iplddt": 0.6572149395942688,
    "complex_pde": 0.79314124584198,
    "complex_ipde": 2.7896268367767334,
    "chains_ptm": {
        "0": 0.9466550946235657,
        "1": 0.7829479575157166
    },
    "pair_chains_iptm": {
        "0": {
            "0": 0.9466550946235657,
            "1": 0.266166090965271
        },
        "1": {
            "0": 0.6120239496231079,
            "1": 0.7829479575157166
        }
    }
}