{
    "confidence_score": 0.8004248738288879,
    "ptm": 0.9021169543266296,
    "iptm": 0.6754978895187378,
    "ligand_iptm": 0.6754978895187378,
    "protein_iptm": 0.0,
    "complex_plddt": 0.8316565752029419,
    "complex_iplddt": 0.5673242211341858,
    "complex_pde": 0.7177400588989258,
    "complex_ipde": 2.4358088970184326,
    "chains_ptm": {
        "0": 0.9600552916526794,
        "1": 0.7786114811897278
    },
    "pair_chains_iptm": {
        "0": {
            "0": 0.9600552916526794,
            "1": 0.3917935788631439
        },
        "1": {
            "0": 0.6754978895187378,
            "1": 0.7786114811897278
        }
    }
}