{
    "confidence_score": 0.8212601542472839,
    "ptm": 0.8827589154243469,
    "iptm": 0.6089978814125061,
    "ligand_iptm": 0.6089978814125061,
    "protein_iptm": 0.0,
    "complex_plddt": 0.8743257522583008,
    "complex_iplddt": 0.6563252806663513,
    "complex_pde": 0.7747128009796143,
    "complex_ipde": 2.823094367980957,
    "chains_ptm": {
        "0": 0.9555736184120178,
        "1": 0.779977560043335
    },
    "pair_chains_iptm": {
        "0": {
            "0": 0.9555736184120178,
            "1": 0.3113434314727783
        },
        "1": {
            "0": 0.6089978814125061,
            "1": 0.779977560043335
        }
    }
}