{
    "confidence_score": 0.83583003282547,
    "ptm": 0.9044820666313171,
    "iptm": 0.7132004499435425,
    "ligand_iptm": 0.7132004499435425,
    "protein_iptm": 0.0,
    "complex_plddt": 0.866487443447113,
    "complex_iplddt": 0.6681607365608215,
    "complex_pde": 0.6134399175643921,
    "complex_ipde": 1.7836401462554932,
    "chains_ptm": {
        "0": 0.9559006690979004,
        "1": 0.7763708233833313
    },
    "pair_chains_iptm": {
        "0": {
            "0": 0.9559006690979004,
            "1": 0.30693304538726807
        },
        "1": {
            "0": 0.7132004499435425,
            "1": 0.7763708233833313
        }
    }
}