{
    "confidence_score": 0.9036547541618347,
    "ptm": 0.9305295944213867,
    "iptm": 0.8184815645217896,
    "ligand_iptm": 0.8184815645217896,
    "protein_iptm": 0.0,
    "complex_plddt": 0.9249480962753296,
    "complex_iplddt": 0.8310987949371338,
    "complex_pde": 0.5055645704269409,
    "complex_ipde": 1.3682198524475098,
    "chains_ptm": {
        "0": 0.9614135026931763,
        "1": 0.8427760601043701
    },
    "pair_chains_iptm": {
        "0": {
            "0": 0.9614135026931763,
            "1": 0.6022767424583435
        },
        "1": {
            "0": 0.8184815645217896,
            "1": 0.8427760601043701
        }
    }
}