{
    "confidence_score": 0.8307482004165649,
    "ptm": 0.9025446772575378,
    "iptm": 0.6806671023368835,
    "ligand_iptm": 0.6806671023368835,
    "protein_iptm": 0.0,
    "complex_plddt": 0.8682684898376465,
    "complex_iplddt": 0.6628666520118713,
    "complex_pde": 0.6898843050003052,
    "complex_ipde": 2.469299554824829,
    "chains_ptm": {
        "0": 0.961024820804596,
        "1": 0.787226676940918
    },
    "pair_chains_iptm": {
        "0": {
            "0": 0.961024820804596,
            "1": 0.44495072960853577
        },
        "1": {
            "0": 0.6806671023368835,
            "1": 0.787226676940918
        }
    }
}