{
    "confidence_score": 0.8292526602745056,
    "ptm": 0.8928165435791016,
    "iptm": 0.6986839175224304,
    "ligand_iptm": 0.6986839175224304,
    "protein_iptm": 0.0,
    "complex_plddt": 0.8618948459625244,
    "complex_iplddt": 0.6824992299079895,
    "complex_pde": 0.6951136589050293,
    "complex_ipde": 2.1955647468566895,
    "chains_ptm": {
        "0": 0.9471235871315002,
        "1": 0.7585253715515137
    },
    "pair_chains_iptm": {
        "0": {
            "0": 0.9471235871315002,
            "1": 0.4612703323364258
        },
        "1": {
            "0": 0.6986839175224304,
            "1": 0.7585253715515137
        }
    }
}