{
    "confidence_score": 0.8337632417678833,
    "ptm": 0.908033013343811,
    "iptm": 0.7198203206062317,
    "ligand_iptm": 0.7198203206062317,
    "protein_iptm": 0.0,
    "complex_plddt": 0.862248957157135,
    "complex_iplddt": 0.6713061928749084,
    "complex_pde": 0.6277212500572205,
    "complex_ipde": 1.8935372829437256,
    "chains_ptm": {
        "0": 0.9578675031661987,
        "1": 0.8037458062171936
    },
    "pair_chains_iptm": {
        "0": {
            "0": 0.9578675031661987,
            "1": 0.5077524185180664
        },
        "1": {
            "0": 0.7198203206062317,
            "1": 0.8037458062171936
        }
    }
}