{
    "confidence_score": 0.8535442352294922,
    "ptm": 0.9041971564292908,
    "iptm": 0.7471737265586853,
    "ligand_iptm": 0.7471737265586853,
    "protein_iptm": 0.0,
    "complex_plddt": 0.8801368474960327,
    "complex_iplddt": 0.7495240569114685,
    "complex_pde": 0.704653799533844,
    "complex_ipde": 1.8405420780181885,
    "chains_ptm": {
        "0": 0.9487544894218445,
        "1": 0.7673155665397644
    },
    "pair_chains_iptm": {
        "0": {
            "0": 0.9487544894218445,
            "1": 0.46398797631263733
        },
        "1": {
            "0": 0.7471737265586853,
            "1": 0.7673155665397644
        }
    }
}