{
    "confidence_score": 0.7873644232749939,
    "ptm": 0.8916171193122864,
    "iptm": 0.6851076483726501,
    "ligand_iptm": 0.6851076483726501,
    "protein_iptm": 0.0,
    "complex_plddt": 0.8129286170005798,
    "complex_iplddt": 0.5680432915687561,
    "complex_pde": 0.711510956287384,
    "complex_ipde": 2.2878427505493164,
    "chains_ptm": {
        "0": 0.9522632956504822,
        "1": 0.7690935730934143
    },
    "pair_chains_iptm": {
        "0": {
            "0": 0.9522632956504822,
            "1": 0.44971799850463867
        },
        "1": {
            "0": 0.6851076483726501,
            "1": 0.7690935730934143
        }
    }
}