{
    "confidence_score": 0.7939185500144958,
    "ptm": 0.8657854199409485,
    "iptm": 0.6107564568519592,
    "ligand_iptm": 0.6107564568519592,
    "protein_iptm": 0.0,
    "complex_plddt": 0.8397090435028076,
    "complex_iplddt": 0.6003021001815796,
    "complex_pde": 0.8783813118934631,
    "complex_ipde": 3.1072657108306885,
    "chains_ptm": {
        "0": 0.9335922002792358,
        "1": 0.7662656903266907
    },
    "pair_chains_iptm": {
        "0": {
            "0": 0.9335922002792358,
            "1": 0.25293564796447754
        },
        "1": {
            "0": 0.6107564568519592,
            "1": 0.7662656903266907
        }
    }
}