{
    "confidence_score": 0.8153101205825806,
    "ptm": 0.8815298676490784,
    "iptm": 0.6442015767097473,
    "ligand_iptm": 0.6442015767097473,
    "protein_iptm": 0.0,
    "complex_plddt": 0.8580871820449829,
    "complex_iplddt": 0.659367561340332,
    "complex_pde": 0.7737800478935242,
    "complex_ipde": 2.601811408996582,
    "chains_ptm": {
        "0": 0.9475752711296082,
        "1": 0.7291646599769592
    },
    "pair_chains_iptm": {
        "0": {
            "0": 0.9475752711296082,
            "1": 0.2659967541694641
        },
        "1": {
            "0": 0.6442015767097473,
            "1": 0.7291646599769592
        }
    }
}