{
    "confidence_score": 0.8546409606933594,
    "ptm": 0.8981028199195862,
    "iptm": 0.6949736475944519,
    "ligand_iptm": 0.6949736475944519,
    "protein_iptm": 0.0,
    "complex_plddt": 0.894557774066925,
    "complex_iplddt": 0.7465710043907166,
    "complex_pde": 0.687143087387085,
    "complex_ipde": 2.241210460662842,
    "chains_ptm": {
        "0": 0.9552686214447021,
        "1": 0.7689963579177856
    },
    "pair_chains_iptm": {
        "0": {
            "0": 0.9552686214447021,
            "1": 0.447957843542099
        },
        "1": {
            "0": 0.6949736475944519,
            "1": 0.7689963579177856
        }
    }
}