{
    "confidence_score": 0.7507800459861755,
    "ptm": 0.8756876587867737,
    "iptm": 0.570518434047699,
    "ligand_iptm": 0.570518434047699,
    "protein_iptm": 0.0,
    "complex_plddt": 0.7958454489707947,
    "complex_iplddt": 0.4618789553642273,
    "complex_pde": 0.7819222211837769,
    "complex_ipde": 2.480376958847046,
    "chains_ptm": {
        "0": 0.9513264298439026,
        "1": 0.7441478371620178
    },
    "pair_chains_iptm": {
        "0": {
            "0": 0.9513264298439026,
            "1": 0.29207730293273926
        },
        "1": {
            "0": 0.570518434047699,
            "1": 0.7441478371620178
        }
    }
}