{
    "confidence_score": 0.848480224609375,
    "ptm": 0.9144797325134277,
    "iptm": 0.7304031848907471,
    "ligand_iptm": 0.7304031848907471,
    "protein_iptm": 0.0,
    "complex_plddt": 0.8779994249343872,
    "complex_iplddt": 0.701880156993866,
    "complex_pde": 0.6248947381973267,
    "complex_ipde": 1.9127204418182373,
    "chains_ptm": {
        "0": 0.963260293006897,
        "1": 0.7801775336265564
    },
    "pair_chains_iptm": {
        "0": {
            "0": 0.963260293006897,
            "1": 0.49997931718826294
        },
        "1": {
            "0": 0.7304031848907471,
            "1": 0.7801775336265564
        }
    }
}