{
    "confidence_score": 0.8533138632774353,
    "ptm": 0.9289258718490601,
    "iptm": 0.8006358742713928,
    "ligand_iptm": 0.8006358742713928,
    "protein_iptm": 0.0,
    "complex_plddt": 0.8664833307266235,
    "complex_iplddt": 0.7144165635108948,
    "complex_pde": 0.5292129516601562,
    "complex_ipde": 1.4665278196334839,
    "chains_ptm": {
        "0": 0.964364230632782,
        "1": 0.8357452750205994
    },
    "pair_chains_iptm": {
        "0": {
            "0": 0.964364230632782,
            "1": 0.5904372930526733
        },
        "1": {
            "0": 0.8006358742713928,
            "1": 0.8357452750205994
        }
    }
}