{
    "confidence_score": 0.8750956654548645,
    "ptm": 0.9315416216850281,
    "iptm": 0.8381316065788269,
    "ligand_iptm": 0.8381316065788269,
    "protein_iptm": 0.0,
    "complex_plddt": 0.8843366503715515,
    "complex_iplddt": 0.7897129654884338,
    "complex_pde": 0.5140542984008789,
    "complex_ipde": 1.4013904333114624,
    "chains_ptm": {
        "0": 0.9583491086959839,
        "1": 0.8286087512969971
    },
    "pair_chains_iptm": {
        "0": {
            "0": 0.9583491086959839,
            "1": 0.5100753903388977
        },
        "1": {
            "0": 0.8381316065788269,
            "1": 0.8286087512969971
        }
    }
}