{
    "confidence_score": 0.8452645540237427,
    "ptm": 0.9089037179946899,
    "iptm": 0.7376497387886047,
    "ligand_iptm": 0.7376497387886047,
    "protein_iptm": 0.0,
    "complex_plddt": 0.872168242931366,
    "complex_iplddt": 0.7182093858718872,
    "complex_pde": 0.6432969570159912,
    "complex_ipde": 1.9731354713439941,
    "chains_ptm": {
        "0": 0.9537678360939026,
        "1": 0.8046858906745911
    },
    "pair_chains_iptm": {
        "0": {
            "0": 0.9537678360939026,
            "1": 0.37111562490463257
        },
        "1": {
            "0": 0.7376497387886047,
            "1": 0.8046858906745911
        }
    }
}