{
    "confidence_score": 0.8172029852867126,
    "ptm": 0.8888380527496338,
    "iptm": 0.6876106858253479,
    "ligand_iptm": 0.6876106858253479,
    "protein_iptm": 0.0,
    "complex_plddt": 0.8496010303497314,
    "complex_iplddt": 0.6491350531578064,
    "complex_pde": 0.7285200357437134,
    "complex_ipde": 2.3915014266967773,
    "chains_ptm": {
        "0": 0.9449177384376526,
        "1": 0.7674298286437988
    },
    "pair_chains_iptm": {
        "0": {
            "0": 0.9449177384376526,
            "1": 0.3933568000793457
        },
        "1": {
            "0": 0.6876106858253479,
            "1": 0.7674298286437988
        }
    }
}