{
    "confidence_score": 0.828498363494873,
    "ptm": 0.8874596953392029,
    "iptm": 0.6608366966247559,
    "ligand_iptm": 0.6608366966247559,
    "protein_iptm": 0.0,
    "complex_plddt": 0.8704137802124023,
    "complex_iplddt": 0.6719480156898499,
    "complex_pde": 0.7679727077484131,
    "complex_ipde": 2.4887635707855225,
    "chains_ptm": {
        "0": 0.9489171504974365,
        "1": 0.7836160659790039
    },
    "pair_chains_iptm": {
        "0": {
            "0": 0.9489171504974365,
            "1": 0.2895187437534332
        },
        "1": {
            "0": 0.6608366966247559,
            "1": 0.7836160659790039
        }
    }
}