{
    "confidence_score": 0.8196452260017395,
    "ptm": 0.9018774628639221,
    "iptm": 0.7035119533538818,
    "ligand_iptm": 0.7035119533538818,
    "protein_iptm": 0.0,
    "complex_plddt": 0.8486785292625427,
    "complex_iplddt": 0.6115637421607971,
    "complex_pde": 0.6796988248825073,
    "complex_ipde": 2.1639304161071777,
    "chains_ptm": {
        "0": 0.955351710319519,
        "1": 0.8088319897651672
    },
    "pair_chains_iptm": {
        "0": {
            "0": 0.955351710319519,
            "1": 0.4435023367404938
        },
        "1": {
            "0": 0.7035119533538818,
            "1": 0.8088319897651672
        }
    }
}