{
    "confidence_score": 0.8841773271560669,
    "ptm": 0.9282737374305725,
    "iptm": 0.8210882544517517,
    "ligand_iptm": 0.8210882544517517,
    "protein_iptm": 0.0,
    "complex_plddt": 0.8999495506286621,
    "complex_iplddt": 0.7916669845581055,
    "complex_pde": 0.5553450584411621,
    "complex_ipde": 1.3917697668075562,
    "chains_ptm": {
        "0": 0.9600909352302551,
        "1": 0.8319268822669983
    },
    "pair_chains_iptm": {
        "0": {
            "0": 0.9600909352302551,
            "1": 0.6011867523193359
        },
        "1": {
            "0": 0.8210882544517517,
            "1": 0.8319268822669983
        }
    }
}