{
    "confidence_score": 0.8235244750976562,
    "ptm": 0.8972044587135315,
    "iptm": 0.6865346431732178,
    "ligand_iptm": 0.6865346431732178,
    "protein_iptm": 0.0,
    "complex_plddt": 0.8577719926834106,
    "complex_iplddt": 0.6502470970153809,
    "complex_pde": 0.7127124667167664,
    "complex_ipde": 2.3827319145202637,
    "chains_ptm": {
        "0": 0.9541376233100891,
        "1": 0.7550050020217896
    },
    "pair_chains_iptm": {
        "0": {
            "0": 0.9541376233100891,
            "1": 0.4030386209487915
        },
        "1": {
            "0": 0.6865346431732178,
            "1": 0.7550050020217896
        }
    }
}