{
    "confidence_score": 0.8309705853462219,
    "ptm": 0.9008951187133789,
    "iptm": 0.7045283317565918,
    "ligand_iptm": 0.7045283317565918,
    "protein_iptm": 0.0,
    "complex_plddt": 0.862581193447113,
    "complex_iplddt": 0.6677499413490295,
    "complex_pde": 0.6276957392692566,
    "complex_ipde": 2.1008188724517822,
    "chains_ptm": {
        "0": 0.9530695676803589,
        "1": 0.8118836879730225
    },
    "pair_chains_iptm": {
        "0": {
            "0": 0.9530695676803589,
            "1": 0.47903457283973694
        },
        "1": {
            "0": 0.7045283317565918,
            "1": 0.8118836879730225
        }
    }
}