{
    "confidence_score": 0.8552702069282532,
    "ptm": 0.9127560257911682,
    "iptm": 0.7163075804710388,
    "ligand_iptm": 0.7163075804710388,
    "protein_iptm": 0.0,
    "complex_plddt": 0.8900108337402344,
    "complex_iplddt": 0.7115340232849121,
    "complex_pde": 0.6544981598854065,
    "complex_ipde": 2.1318445205688477,
    "chains_ptm": {
        "0": 0.964943528175354,
        "1": 0.7731333374977112
    },
    "pair_chains_iptm": {
        "0": {
            "0": 0.964943528175354,
            "1": 0.43897727131843567
        },
        "1": {
            "0": 0.7163075804710388,
            "1": 0.7731333374977112
        }
    }
}