{
    "confidence_score": 0.8491640090942383,
    "ptm": 0.917818546295166,
    "iptm": 0.7690861225128174,
    "ligand_iptm": 0.7690861225128174,
    "protein_iptm": 0.0,
    "complex_plddt": 0.8691834211349487,
    "complex_iplddt": 0.7060238718986511,
    "complex_pde": 0.6505128145217896,
    "complex_ipde": 1.9468607902526855,
    "chains_ptm": {
        "0": 0.9550386071205139,
        "1": 0.8125970363616943
    },
    "pair_chains_iptm": {
        "0": {
            "0": 0.9550386071205139,
            "1": 0.4851321578025818
        },
        "1": {
            "0": 0.7690861225128174,
            "1": 0.8125970363616943
        }
    }
}