{
    "confidence_score": 0.8217291235923767,
    "ptm": 0.9023824334144592,
    "iptm": 0.6732212901115417,
    "ligand_iptm": 0.6732212901115417,
    "protein_iptm": 0.0,
    "complex_plddt": 0.8588560223579407,
    "complex_iplddt": 0.6542680859565735,
    "complex_pde": 0.6785703301429749,
    "complex_ipde": 2.261664867401123,
    "chains_ptm": {
        "0": 0.9647404551506042,
        "1": 0.7820552587509155
    },
    "pair_chains_iptm": {
        "0": {
            "0": 0.9647404551506042,
            "1": 0.4255642592906952
        },
        "1": {
            "0": 0.6732212901115417,
            "1": 0.7820552587509155
        }
    }
}