{
    "confidence_score": 0.8590599298477173,
    "ptm": 0.9251747131347656,
    "iptm": 0.7767128944396973,
    "ligand_iptm": 0.7767128944396973,
    "protein_iptm": 0.0,
    "complex_plddt": 0.8796466588973999,
    "complex_iplddt": 0.7191387414932251,
    "complex_pde": 0.5776730179786682,
    "complex_ipde": 1.6656056642532349,
    "chains_ptm": {
        "0": 0.9646940231323242,
        "1": 0.822073221206665
    },
    "pair_chains_iptm": {
        "0": {
            "0": 0.9646940231323242,
            "1": 0.47122472524642944
        },
        "1": {
            "0": 0.7767128944396973,
            "1": 0.822073221206665
        }
    }
}