{
    "confidence_score": 0.8410100936889648,
    "ptm": 0.9058467149734497,
    "iptm": 0.7464167475700378,
    "ligand_iptm": 0.7464167475700378,
    "protein_iptm": 0.0,
    "complex_plddt": 0.8646584749221802,
    "complex_iplddt": 0.7078888416290283,
    "complex_pde": 0.642073929309845,
    "complex_ipde": 1.9396926164627075,
    "chains_ptm": {
        "0": 0.9498660564422607,
        "1": 0.7637677192687988
    },
    "pair_chains_iptm": {
        "0": {
            "0": 0.9498660564422607,
            "1": 0.4912000894546509
        },
        "1": {
            "0": 0.7464167475700378,
            "1": 0.7637677192687988
        }
    }
}