{
    "confidence_score": 0.8167306780815125,
    "ptm": 0.9223489761352539,
    "iptm": 0.7006837725639343,
    "ligand_iptm": 0.7006837725639343,
    "protein_iptm": 0.0,
    "complex_plddt": 0.845742404460907,
    "complex_iplddt": 0.5750393867492676,
    "complex_pde": 0.6018117666244507,
    "complex_ipde": 1.9609317779541016,
    "chains_ptm": {
        "0": 0.9766215682029724,
        "1": 0.7984234094619751
    },
    "pair_chains_iptm": {
        "0": {
            "0": 0.9766215682029724,
            "1": 0.4413227438926697
        },
        "1": {
            "0": 0.7006837725639343,
            "1": 0.7984234094619751
        }
    }
}